drugbank_id,drugbank_name,offsides_event_count,offsides_unique_conditions,offsides_unique_rxnorm_ids,offsides_mean_prr,offsides_median_prr,offsides_max_prr,offsides_std_prr,offsides_mean_prr_error,offsides_max_prr_error,offsides_mean_reporting_frequency,offsides_median_reporting_frequency,offsides_max_reporting_frequency,offsides_log_event_count,offsides_log_unique_conditions,offsides_prr_gt_2_count,offsides_prr_gt_2_fraction,offsides_prr_gt_1_count,source_offsides,offsides_features_available
DB00001,Lepirudin,304,304,1,5.148821595394737,2.5,50.0,6.368940866315712,0.9216469835526315,1.41253,0.011805071940789474,0.00865801,0.142857,5.720311776607412,5.720311776607412,173,0.569078947368421,245,1,1
DB00002,Cetuximab,2497,2497,1,2.0167033684421307,0.984749,40.0,3.3677178591001358,0.6753043018822587,1.41419,0.001152546204084902,0.00020114,0.0909152,7.823245690685523,7.823245690685523,591,0.23668402082499,1211,1,1
DB00003,Dornase alfa,709,709,1,3.3496641875881523,1.53846,50.0,5.103669071833418,0.8708279806770098,1.41386,0.0039011548829337096,0.000896861,0.12287,6.565264970035361,6.565264970035361,281,0.39633286318758815,438,1,1
DB00004,Denileukin diftitox,279,279,1,4.64938294265233,2.5,40.0,5.293128040910355,0.9343286200716846,1.4121,0.013362941362007169,0.00543478,0.0978261,5.634789603169249,5.634789603169249,157,0.5627240143369175,230,1,1
DB00005,Etanercept,7131,7131,1,1.731851700603001,0.769231,230.833,4.467755800256912,0.5621258603954564,1.41421,0.0003974148225031552,1.68987e-05,0.144598,8.872346978983032,8.872346978983032,1367,0.1916982190436124,2856,1,1
DB00006,Bivalirudin,783,783,1,4.745957411238825,1.73913,340.0,14.568004871930276,0.78595714853129,1.414,0.004005798510855683,0.00111919,0.127588,6.664409020350408,6.664409020350408,347,0.44316730523627074,522,1,1
DB00007,Leuprolide,3915,3915,1,3.053993591570881,1.33333,470.0,9.694031299968506,0.7092895219157088,1.41419,0.0008979332752234993,0.000174439,0.114199,8.272826003650401,8.272826003650401,1304,0.3330779054916986,2385,1,1
DB00008,Peginterferon alfa-2a,3783,3783,1,3.3717634047052605,1.06383,80.0,6.432465340368479,0.6415268185302669,1.4142,0.0011137171175257731,0.000109893,0.179236,8.238536930171769,8.238536930171769,1125,0.2973830293417922,1976,1,1
DB00009,Alteplase,1536,1536,1,4.153181096354166,1.63611,205.0,9.765938351931117,0.7936002817708333,1.41411,0.0018907551393229167,0.000524934,0.199213,7.337587743538596,7.337587743538596,651,0.423828125,956,1,1
DB00011,Interferon alfa-n1,159,159,1,4.903187295597484,3.33333,30.0,4.442027494063856,1.0144008427672957,1.4084,0.02844269433962264,0.0149254,0.179104,5.075173815233827,5.075173815233827,102,0.6415094339622641,139,1,1
DB00012,Darbepoetin alfa,3851,3851,1,2.5594367818748376,1.37405,40.0,3.7234440626614322,0.7097667729680602,1.41419,0.0008960169447935601,0.000136949,0.27287,8.256347772918016,8.256347772918016,1245,0.32329265125941314,2389,1,1
DB00013,Urokinase,226,226,1,4.485933690265487,2.5,120.0,8.948468348988683,1.0039007345132742,1.41137,0.013500413274336284,0.00729927,0.0875912,5.424950017481403,5.424950017481403,126,0.5575221238938053,179,1,1
DB00014,Goserelin,2277,2277,1,3.318670912165129,1.91406,50.0,4.154754790537267,0.7880560674132631,1.41411,0.0017253276166007906,0.000535045,0.0981808,7.731053144007127,7.731053144007127,1034,0.45410628019323673,1689,1,1
DB00015,Reteplase,492,492,1,3.9028851890243903,2.0,57.7778,5.2405873565619405,0.8629355853658536,1.41347,0.007413641869918699,0.00383142,0.199234,6.20050917404269,6.20050917404269,231,0.4695121951219512,335,1,1
DB00017,Salmon calcitonin,2238,2238,1,3.4377788257372655,2.0,40.0,3.886756079576862,0.8048229399910635,1.41404,0.0027434234338695263,0.00091659,0.0893676,7.713784616598755,7.713784616598755,1080,0.48257372654155495,1790,1,1
DB00019,Pegfilgrastim,2798,2798,1,2.204098800214439,1.156635,30.0,2.9570853820493452,0.7225607588992137,1.41418,0.0012089278141529664,0.000185718,0.11821,7.937017489515454,7.937017489515454,761,0.27197998570407433,1564,1,1
DB00020,Sargramostim,948,948,1,3.941418206751055,2.5,30.0,4.279299314813429,0.8614006550632912,1.41375,0.004921806255274262,0.00237812,0.108205,6.855408798609928,6.855408798609928,523,0.5516877637130801,783,1,1
DB00022,Peginterferon alfa-2b,3353,3353,1,3.4713421634357293,1.16203,210.0,7.244094408966358,0.6675430809126155,1.41419,0.0013672251131524008,0.000157778,0.147996,8.117908942383155,8.117908942383155,1023,0.3050999105278855,1892,1,1
DB00024,Thyrotropin alfa,330,330,1,3.964058333333333,2.5,45.0,4.58418158456307,0.9821124575757575,1.41247,0.010463378181818181,0.00448431,0.201794,5.802118375377063,5.802118375377063,187,0.5666666666666667,260,1,1
DB00026,Anakinra,1178,1178,1,3.7937125933786082,2.0,70.0,5.50097591516146,0.8658109643463497,1.41394,0.002911772853140917,0.0013986,0.0741259,7.072421900537371,7.072421900537371,554,0.4702886247877759,848,1,1
DB00031,Tenecteplase,385,385,1,4.640082942857143,2.0,80.0,7.478418282935186,0.861519121038961,1.41358,0.006916535012987012,0.00325733,0.213355,5.955837369464831,5.955837369464831,190,0.4935064935064935,271,1,1
DB00033,Interferon gamma-1b,660,660,1,4.515578243939394,2.5,40.0,5.625422065232404,0.9207922606060606,1.41344,0.006006603409090909,0.0019802,0.0950495,6.493753839851686,6.493753839851686,372,0.5636363636363636,522,1,1
DB00034,Interferon alfa-2a,1179,1179,1,3.7130174893977945,2.0,30.0,4.271844355284966,0.8615670224766752,1.41391,0.003274704955894826,0.00153728,0.0914681,7.07326971745971,7.07326971745971,585,0.4961832061068702,899,1,1
DB00035,Desmopressin,1658,1658,1,3.06623585946924,1.30435,60.0,5.18662307510819,0.8122296824487334,1.41405,0.0021365000084439083,0.000821693,0.130238,7.413970290190444,7.413970290190444,567,0.34197828709288297,978,1,1
DB00038,Oprelvekin,278,278,1,6.432486118705036,5.0,30.0,5.729872681051385,1.0356208920863308,1.41057,0.018557124604316546,0.00934579,0.11215,5.631211781821365,5.631211781821365,211,0.7589928057553957,259,1,1
DB00039,Palifermin,348,348,1,5.472945129310345,2.5,70.0,8.034985436364607,0.9365717327586207,1.41268,0.01185770813218391,0.00395257,0.158103,5.855071922202427,5.855071922202427,194,0.5574712643678161,276,1,1
DB00040,Glucagon,743,743,1,3.993678331090175,2.5,30.0,4.296272961735776,0.902094127860027,1.41324,0.0073400233916554505,0.00501253,0.0877193,6.612041034833092,6.612041034833092,396,0.5329744279946165,602,1,1
DB00041,Aldesleukin,932,932,1,4.485043908798283,2.5,55.0,5.252644371069857,0.8904843229613734,1.41365,0.005562167639484979,0.00291971,0.121168,6.838405200847344,6.838405200847344,543,0.5826180257510729,773,1,1
DB00043,Omalizumab,2620,2620,1,3.233783751908397,1.61453,63.75,5.100405612166141,0.7446814666030535,1.41418,0.0013621043945801527,0.000187231,0.188448,7.8713112033234065,7.8713112033234065,1056,0.4030534351145038,1678,1,1
DB00044,Lutropin alfa,30,30,1,5.356783033333333,3.33333,20.0,4.955201882745197,0.8535774666666666,1.21318,0.06410255333333333,0.0512821,0.230769,3.4339872044851463,3.4339872044851463,23,0.7666666666666667,28,1,1
DB00046,Insulin lispro,4632,4632,1,2.393696203151986,1.30435,70.0,3.3666738656270963,0.6771974981865285,1.4142,0.0009180879893350605,0.000129707,0.250292,8.440959885416648,8.440959885416648,1427,0.3080742659758204,2845,1,1
DB00047,Insulin glargine,5610,5610,1,1.8711150081996437,1.0053100000000001,40.0,2.7035760011222196,0.6349628589839572,1.41421,0.0006596061099108735,6.12658e-05,0.166745,8.632484235750972,8.632484235750972,1219,0.21729055258467023,2809,1,1
DB00048,Collagenase clostridium histolyticum,229,229,1,7.692402541484716,2.5,240.0,20.12747109116664,0.9819762008733623,1.41286,0.01084122096069869,0.00347222,0.194444,5.438079308923196,5.438079308923196,123,0.537117903930131,161,1,1
DB00049,Rasburicase,538,538,1,3.9378248513011154,2.0,30.0,5.0177514949081745,0.83738356133829,1.41343,0.007363593903345725,0.0040404,0.129293,6.289715570908998,6.289715570908998,268,0.49814126394052044,409,1,1
DB00050,Cetrorelix,249,249,1,4.719724381526105,2.5,60.0,6.8587822687009625,0.9849580321285141,1.41214,0.011578222088353412,0.00531915,0.18617,5.521460917862246,5.521460917862246,134,0.5381526104417671,190,1,1
DB00051,Adalimumab,7494,7494,1,1.9736857221777422,0.888889,256.176,5.2624780650740135,0.5632692739991993,1.41421,0.0003906330354216707,2.20926e-05,0.108077,8.921991410536698,8.921991410536698,1692,0.22578062449959968,3397,1,1
DB00053,Imiglucerase,1405,1405,1,4.503130866192171,2.5,210.0,8.286934453603292,0.8602487772241992,1.41403,0.0022713491145907472,0.000951475,0.0494767,7.2485040723706105,7.2485040723706105,741,0.5274021352313167,1059,1,1
DB00054,Abciximab,959,959,1,3.138449345151199,1.5,40.0,4.289861936933,0.79988185995829,1.41404,0.0029476356725755995,0.000914077,0.136197,6.866933284461882,6.866933284461882,383,0.3993743482794578,582,1,1
DB00055,Drotrecogin alfa,701,701,1,4.724852689015692,2.0,120.0,8.368673310523851,0.8478491636233951,1.41396,0.003948276529243937,0.00129032,0.147097,6.553933404025811,6.553933404025811,347,0.4950071326676177,492,1,1
DB00056,Gemtuzumab ozogamicin,1129,1129,1,3.3344259681133748,2.0,30.0,4.026324335934301,0.7808953436669619,1.41399,0.004669562205491586,0.00116212,0.147008,7.029972911706386,7.029972911706386,534,0.47298494242692646,794,1,1
DB00059,Pegaspargase,1170,1170,1,4.446623905128205,2.5,70.0,6.171501842215085,0.772190248974359,1.41394,0.004966688743589744,0.00143164,0.120258,7.065613363597717,7.065613363597717,664,0.5675213675213675,929,1,1
DB00060,Interferon beta-1a,6648,6648,1,2.6375606126654634,1.25,270.0,5.633980757811627,0.5931009423586041,1.41421,0.00048177396586040913,3.19422e-05,0.079664,8.802221746402456,8.802221746402456,2203,0.33137785800240677,3788,1,1
DB00063,Eptifibatide,968,968,1,2.65482913946281,1.42857,52.0,3.7993048844465678,0.8099788919421488,1.41399,0.0034278200516528927,0.00116959,0.155556,6.876264611890766,6.876264611890766,344,0.35537190082644626,582,1,1
DB00065,Infliximab,6374,6374,1,2.437110065735802,1.1236,135.0,4.613990948590691,0.6086561936931284,1.41421,0.00044775253875117664,5.9926e-05,0.0834919,8.760139370026627,8.760139370026627,1888,0.29620332601192345,3446,1,1
DB00067,Vasopressin,194,194,1,5.258598335051547,3.33333,60.0,6.232368374018433,1.0012792268041237,1.40946,0.02527028144329897,0.0121951,0.195122,5.272999558563747,5.272999558563747,130,0.6701030927835051,180,1,1
DB00068,Interferon beta-1b,3352,3352,1,3.391713603520286,1.6,120.0,6.417445676442976,0.7221806379176612,1.41419,0.0011871405860083531,0.000144279,0.0934209,8.117610746466228,8.117610746466228,1375,0.4102028639618138,2215,1,1
DB00069,Interferon alfacon-1,899,899,1,4.5852985172413785,2.5,60.0,5.827885576485945,0.8752095869855394,1.41366,0.006342578020022247,0.00282486,0.155367,6.802394763324311,6.802394763324311,522,0.5806451612903226,747,1,1
DB00071,Insulin pork,102,102,1,5.47118718627451,3.666665,20.0,4.832953018022732,1.091534137254902,1.40273,0.040945807843137255,0.0294118,0.117647,4.634728988229636,4.634728988229636,70,0.6862745098039216,87,1,1
DB00072,Trastuzumab,3230,3230,1,2.5024270721362227,1.29032,50.0,3.70864135977492,0.6911880965325078,1.41418,0.0010919771436532508,0.000222932,0.0998737,8.080546965824498,8.080546965824498,1017,0.31486068111455107,1993,1,1
DB00073,Rituximab,5261,5261,1,1.9335910887663943,0.949698,115.0,4.230437716766328,0.6269054578597224,1.4142,0.0006377630864284357,8.16215e-05,0.0675554,8.568266461600238,8.568266461600238,1043,0.19825128302604067,2465,1,1
DB00074,Basiliximab,1983,1983,1,3.887728155320222,2.06897,100.0,5.695817492649305,0.7967834922844175,1.41404,0.0027383998129097325,0.000869187,0.126901,7.592870287844818,7.592870287844818,1002,0.5052950075642966,1556,1,1
DB00078,Ibritumomab tiuxetan,817,817,1,3.923237600979192,2.0,50.0,4.987177235175067,0.8644974577723379,1.41379,0.0046862126315789475,0.0021692,0.117137,6.706862336602747,6.706862336602747,408,0.49938800489596086,615,1,1
DB00080,Daptomycin,1668,1668,1,4.520835196642686,1.38462,1300.0,35.16720516107458,0.7826705604916068,1.41412,0.0017778478009592327,0.000486618,0.0987835,7.419979923661835,7.419979923661835,611,0.36630695443645084,995,1,1
DB00081,Tositumomab,136,136,1,4.876893867647059,3.33333,20.0,4.456823356206155,1.0315401838235294,1.40958,0.023459397794117647,0.0119048,0.333333,4.919980925828125,4.919980925828125,88,0.6470588235294118,118,1,1
DB00082,Pegvisomant,556,556,1,3.7236581528776975,1.66667,100.0,6.910551542014913,0.8798193489208633,1.41367,0.004481374856115108,0.00139276,0.0640668,6.322565239927284,6.322565239927284,231,0.4154676258992806,354,1,1
DB00083,Botulinum toxin type A,2332,2332,1,2.439536962264151,0.833333,189.571,6.995337757319119,0.7272109485849056,1.41419,0.0010233992019725558,0.000110558,0.392869,7.75491027202143,7.75491027202143,587,0.25171526586620924,1007,1,1
DB00085,Pancrelipase,1143,1143,1,3.8534393665791775,2.0,50.0,5.0410154695465526,0.8974993910761154,1.4137,0.004290418705161855,0.00263158,0.0828947,7.042286171939743,7.042286171939743,545,0.4768153980752406,862,1,1
DB00086,Streptokinase,291,291,1,5.862245725085911,3.33333,60.0,7.578113738811607,0.9870561890034365,1.41167,0.01486871821305842,0.00653595,0.150327,5.676753802268282,5.676753802268282,188,0.6460481099656358,234,1,1
DB00087,Alemtuzumab,1976,1976,1,3.21664567611336,1.53846,125.0,6.013860865004392,0.7531854266194332,1.41411,0.0019568234089068826,0.000517732,0.0877556,7.589335823170617,7.589335823170617,767,0.3881578947368421,1284,1,1
DB00088,Alglucerase,30,30,1,6.8520199999999996,5.0,20.0,4.039860650250374,1.1991131000000002,1.3972,0.05217395,0.0434783,0.130435,3.4339872044851463,3.4339872044851463,26,0.8666666666666667,30,1,1
DB00090,Laronidase,674,674,1,6.084247504451038,3.0116300000000003,180.0,11.273562931755961,0.8987842537091988,1.41376,0.004665990816023739,0.00235571,0.0918728,6.51471269087253,6.51471269087253,395,0.586053412462908,502,1,1
DB00091,Cyclosporine,6487,6487,1,3.0546712299984584,1.51515,160.0,5.681416225024784,0.6339439290735317,1.4142,0.0007018779876213966,0.000123843,0.0682684,8.77770959579525,8.77770959579525,2415,0.37228302759364884,4295,1,1
DB00092,Alefacept,1027,1027,1,4.713761040895814,1.92308,1195.0,37.512456065459766,0.9098618025316455,1.41398,0.00223758317624148,0.000588928,0.150177,6.93537044601511,6.93537044601511,463,0.4508276533592989,701,1,1
DB00094,Urofollitropin,97,97,1,6.623912865979381,4.28571,33.3333,6.6195267075574,1.0751651649484537,1.40812,0.028672680412371133,0.015625,0.25,4.584967478670572,4.584967478670572,66,0.6804123711340206,88,1,1
DB00095,Efalizumab,1171,1171,1,4.030306216054654,1.66667,95.0,7.635459013350995,0.8450809432109307,1.41407,0.0019575893270708795,0.000747664,0.174953,7.066466970136958,7.066466970136958,488,0.41673783091374894,735,1,1
DB00099,Filgrastim,3922,3922,1,2.5217799977052526,1.42857,100.0,3.829328361266079,0.6846488382712902,1.41418,0.0012076382888067314,0.000242542,0.111327,8.274611946209552,8.274611946209552,1279,0.32610912799592046,2669,1,1
DB00102,Becaplermin,176,176,1,6.908851238636364,5.0,50.0,7.841098750478534,1.1262038295454546,1.40749,0.025666161363636364,0.0172414,0.137931,5.176149732573829,5.176149732573829,138,0.7840909090909091,160,1,1
DB00103,Agalsidase beta,1343,1343,1,3.3802703916604617,1.66667,70.0,5.354987792898294,0.8092234380491437,1.41407,0.0023278021384959048,0.000733945,0.0858716,7.203405521083095,7.203405521083095,574,0.4274013402829486,897,1,1
DB00104,Octreotide,3133,3133,1,4.370472848068943,2.0,310.0,10.01844907208215,0.7605801806255984,1.41416,0.0016715140571337377,0.000259,0.18389,8.050065422915965,8.050065422915965,1495,0.47717842323651455,2338,1,1
DB00105,Interferon alfa-2b,2067,2067,1,4.254850578132559,2.43902,60.0,5.3607919597863996,0.8163112396226415,1.41407,0.002207836037735849,0.00074599,0.080567,7.63433723562832,7.63433723562832,1110,0.5370101596516691,1675,1,1
DB00106,Abarelix,157,157,1,5.922135700636943,5.0,30.0,4.913965444062479,1.1180183184713375,1.40514,0.03243962229299363,0.0232558,0.162791,5.062595033026967,5.062595033026967,114,0.7261146496815286,148,1,1
DB00107,Oxytocin,2425,2425,1,4.192994301443299,1.77546,363.333,11.572975641976575,0.7993129988041238,1.41409,0.0020104840226804126,0.000615195,0.0747462,7.793999089503996,7.793999089503996,1060,0.43711340206185567,1781,1,1
DB00108,Natalizumab,5147,5147,1,1.8710102350884008,0.833333,280.0,5.559983316525306,0.616784440192345,1.41421,0.0005096537839362735,2.60577e-05,0.129715,8.546363568716018,8.546363568716018,1090,0.21177384884398678,2234,1,1
DB00109,Enfuvirtide,1394,1394,1,3.6476918773314204,1.721345,45.7143,5.239459508943842,0.8001626142037302,1.41402,0.00261799437302726,0.000981836,0.0814924,7.240649694255466,7.240649694255466,606,0.4347202295552367,989,1,1
DB00110,Palivizumab,1034,1034,1,8.862504537717601,2.0,1886.67,62.979662372593786,0.8239628766924565,1.41411,0.002668603349129594,0.00055325,0.15657,6.942156705699469,6.942156705699469,514,0.49709864603481624,688,1,1
DB00111,Daclizumab,1231,1231,1,3.742343165718928,1.92308,80.0,5.238724771116658,0.8552030237205525,1.41389,0.0034494262672623887,0.00166945,0.117696,7.116394144093465,7.116394144093465,559,0.45410235580828595,879,1,1
DB00112,Bevacizumab,4517,4517,1,2.395159911002878,1.11111,106.25,4.446927185124348,0.6191668751605048,1.4142,0.0006757746423953952,0.000101399,0.170883,8.415824697027949,8.415824697027949,1284,0.2842594642461811,2434,1,1
DB00120,Phenylalanine,74,74,1,4.365490864864865,2.5,20.0,4.59394015191395,1.0308856756756757,1.40671,0.029365917567567568,0.0192308,0.0961538,4.31748811353631,4.31748811353631,39,0.527027027027027,58,1,1
DB00121,Biotin,1506,1506,1,2.695339762948207,1.42857,40.0,3.464485167772576,0.8022750675298804,1.41399,0.0030271975132802127,0.00115607,0.0728324,7.317876198626496,7.317876198626496,523,0.3472775564409031,996,1,1
DB00122,Choline,554,554,1,4.244199241877256,2.5,40.0,4.5521824219807,0.9716378050541515,1.41217,0.011001328122743683,0.00526316,0.0894737,6.318968113746434,6.318968113746434,329,0.5938628158844765,473,1,1
DB00123,Lysine,1072,1072,1,3.3973885270522386,1.885775,30.0,3.720825497434303,0.9021107537313433,1.41363,0.004614130111940298,0.00149031,0.0804769,6.9782137426306985,6.9782137426306985,472,0.44029850746268656,841,1,1
DB00125,Arginine,517,517,1,4.187148588007736,2.35294,50.0,4.8385856911967,0.9824337408123791,1.4128,0.007765078704061896,0.00363636,0.0836364,6.249975242259483,6.249975242259483,270,0.5222437137330754,411,1,1
DB00126,Ascorbic acid,4675,4675,1,2.16883548342246,1.25,30.0,2.794217152585937,0.6858743627379679,1.41419,0.0011251516562780749,0.000214179,0.0808167,8.450198322591959,8.450198322591959,1205,0.25775401069518716,3055,1,1
DB00128,Aspartic acid,83,83,1,4.299411096385542,2.85714,20.0,4.097683257598031,1.1093182530120482,1.40394,0.03170578072289156,0.0263158,0.105263,4.430816798843313,4.430816798843313,48,0.5783132530120482,72,1,1
DB00129,Ornithine,155,155,1,4.712953096774194,2.72727,30.0,5.104207282591666,1.0437167870967743,1.40761,0.0263532335483871,0.0169492,0.118644,5.049856007249537,5.049856007249537,100,0.6451612903225806,134,1,1
DB00133,Serine,42,42,1,5.534219285714285,5.0,10.0,3.528404596359617,1.173867761904762,1.38969,0.06994047619047619,0.0625,0.1875,3.7612001156935624,3.7612001156935624,33,0.7857142857142857,42,1,1
DB00134,Methionine,217,217,1,4.115299124423963,2.5,22.0,3.8877969893967563,1.0165956082949308,1.41016,0.01814517880184332,0.0104167,0.114583,5.384495062789089,5.384495062789089,132,0.6082949308755761,180,1,1
DB00135,Tyrosine,186,186,1,5.07429329032258,3.33333,20.0,4.204625987366696,1.0930465161290321,1.40591,0.02928392258064516,0.0212766,0.106383,5.231108616854587,5.231108616854587,131,0.7043010752688172,171,1,1
DB00136,Calcitriol,3247,3247,1,2.6636682032645522,1.42857,60.0,3.548889497063966,0.74316456328919,1.41414,0.0015737325349553435,0.000366367,0.0617329,8.085794701281568,8.085794701281568,1082,0.3332306744687404,2155,1,1
DB00137,Lutein,865,865,1,2.6389316531791907,1.48936,30.0,3.1585217235509355,0.8912522566473989,1.41362,0.004682698265895954,0.00153139,0.0811639,6.763884908562435,6.763884908562435,298,0.3445086705202312,576,1,1
DB00138,Cystine,46,46,1,5.032516304347825,5.0,10.0,3.4727611450852054,1.152748956521739,1.39463,0.057608695652173914,0.05,0.15,3.8501476017100584,3.8501476017100584,33,0.717391304347826,41,1,1
DB00139,Succinic acid,272,272,1,6.070325235294117,5.0,40.0,5.156351036518947,1.0848127095588236,1.40712,0.029679135294117646,0.0181818,0.145455,5.60947179518496,5.60947179518496,205,0.7536764705882353,259,1,1
DB00140,Riboflavin,811,811,1,3.5558570949445127,2.0,50.0,4.375124821040384,0.9421209568434032,1.41319,0.00610341281134402,0.00263852,0.0527704,6.699500340161678,6.699500340161678,392,0.4833538840937115,615,1,1
DB00143,Glutathione,369,369,1,4.662295222222222,2.85714,50.0,5.077462721229274,0.9645579430894309,1.41172,0.014939894308943089,0.00641026,0.121795,5.91350300563827,5.91350300563827,225,0.6097560975609756,313,1,1
DB00144,Phosphatidyl serine,34,34,1,6.192577058823529,5.0,10.0,3.14627241325112,1.0325324705882353,1.38142,0.1323530205882353,0.0833333,0.333333,3.5553480614894135,3.5553480614894135,30,0.8823529411764706,34,1,1
DB00146,Calcifediol,559,559,1,3.92185684078712,2.0,50.0,5.350974160979967,0.9382775474060824,1.41315,0.006792954186046512,0.00273973,0.060274,6.327936783729195,6.327936783729195,274,0.49016100178890876,415,1,1
DB00147,Pyridoxal,1026,1026,1,3.0329890409356723,1.66667,30.0,3.6142193827936877,0.8685545477582847,1.41385,0.003837948536062378,0.000943396,0.0801887,6.934397209928558,6.934397209928558,427,0.4161793372319688,704,1,1
DB00148,Creatine,111,111,1,6.826686558558558,5.0,40.0,7.3789102655951035,1.0355623423423423,1.40782,0.030866906306306306,0.0163934,0.114754,4.718498871295094,4.718498871295094,77,0.6936936936936937,101,1,1
DB00149,Leucine,32,32,1,8.31336675,8.75,60.0,10.161049035592702,1.1656263125,1.39463,0.07187500000000001,0.05,0.3,3.4965075614664802,3.4965075614664802,26,0.8125,30,1,1
DB00150,Tryptophan,195,195,1,5.383111415384615,3.33333,30.0,5.530296745134459,1.038081876923077,1.40857,0.024600552307692307,0.0144928,0.130435,5.278114659230517,5.278114659230517,130,0.6666666666666666,171,1,1
DB00151,Cysteine,129,129,1,6.33261676744186,3.33333,60.0,7.863815606562247,1.0615192093023256,1.40772,0.02855298527131783,0.0166667,0.183333,4.867534450455582,4.867534450455582,78,0.6046511627906976,107,1,1
DB00152,Thiamine,2592,2592,1,2.9748624818672837,1.42857,90.0,4.5860406225799455,0.7579732262731481,1.4141,0.0021313755046296298,0.000567054,0.0530196,7.860570785538664,7.860570785538664,923,0.3560956790123457,1765,1,1
DB00153,Ergocalciferol,2904,2904,1,2.4759427665289255,1.31108,30.0,3.1382599293712405,0.7605624341597796,1.41413,0.0016709750922865015,0.000423819,0.0750159,7.974188669286011,7.974188669286011,905,0.3116391184573003,1887,1,1
DB00155,Citrulline,123,123,1,5.270425357723577,3.33333,30.0,5.3436601228933815,1.0940767235772357,1.40625,0.02853827317073171,0.0204082,0.102041,4.820281565605037,4.820281565605037,85,0.6910569105691057,106,1,1
DB00158,Folic acid,7868,7868,1,2.0535839429334013,1.014545,130.0,4.076938428615899,0.5943841915353331,1.41421,0.0005225997694331469,6.11593e-05,0.0466492,8.970686268534983,8.970686268534983,1664,0.21148957803762075,3971,1,1
DB00160,Alanine,14,14,1,6.0611653571428565,5.0,10.0,3.691149966567884,1.154647357142857,1.37032,0.126984,0.111111,0.222222,2.70805020110221,2.70805020110221,13,0.9285714285714286,13,1,1
DB00162,Vitamin A,4313,4313,1,1.8071811599814513,1.05263,30.0,2.464974359936111,0.6824553360074194,1.41419,0.0009846654132390448,0.0001665,0.0981796,8.369620826949102,8.369620826949102,866,0.20078831439833064,2249,1,1
DB00163,Vitamin E,3654,3654,1,2.6328691267104545,1.53846,40.0,3.3142550440779126,0.7160257674055829,1.41416,0.0016385148267651886,0.000289101,0.0821047,8.203851372183879,8.203851372183879,1268,0.3470169677066229,2698,1,1
DB00165,Pyridoxine,2155,2155,1,3.1977564705336428,1.6,60.0,4.5316618344950435,0.8096400318793503,1.41403,0.0023643790937354987,0.000933707,0.0606909,7.6760099320288875,7.6760099320288875,847,0.3930394431554524,1513,1,1
DB00167,Isoleucine,8,8,1,6.4479162500000005,7.5,10.0,3.9473064442330705,1.209802125,1.35752,0.142857,0.142857,0.142857,2.1972245773362196,2.1972245773362196,6,0.75,8,1,1
DB00168,Aspartame,102,102,1,4.67721574509804,3.33333,20.0,3.7512670216642747,1.0582539411764706,1.40514,0.03465570588235294,0.0232558,0.116279,4.634728988229636,4.634728988229636,69,0.6764705882352942,89,1,1
DB00169,Cholecalciferol,4308,4308,1,3.7496732330547817,2.14286,60.0,4.70071853421707,0.7072160398328691,1.41416,0.0017157286775766017,0.000381194,0.118424,8.368461137615839,8.368461137615839,2218,0.5148560817084494,3420,1,1
DB00173,Adenine,38,38,1,5.565267026315789,3.33333,20.0,4.567680128665982,1.1235292368421053,1.39463,0.06315789473684211,0.05,0.15,3.6635616461296463,3.6635616461296463,27,0.7105263157894737,37,1,1
DB00174,Asparagine,18,18,1,4.486772222222222,3.33333,10.0,2.9178568601298,1.0925843333333334,1.3784,0.10606058333333333,0.0909091,0.181818,2.9444389791664403,2.9444389791664403,13,0.7222222222222222,18,1,1
DB00175,Pravastatin,5208,5208,1,2.0328847375192014,1.21212,70.0,2.862782827516758,0.6585406558563748,1.4142,0.0008488595406874039,0.000128507,0.0548297,8.558143177745192,8.558143177745192,1196,0.22964669738863286,3277,1,1
DB00176,Fluvoxamine,2181,2181,1,2.9377314768454834,1.53846,90.0,4.158863703402999,0.7747301095369097,1.41409,0.0022248430362219167,0.000622859,0.0831517,7.687997166393016,7.687997166393016,830,0.380559376432829,1544,1,1
DB00177,Valsartan,6660,6660,1,2.048686177177177,1.216805,80.0,2.864517993180156,0.6146160624924925,1.41421,0.0006374359454654655,7.73769e-05,0.052713,8.804024902413179,8.804024902413179,1604,0.24084084084084084,4118,1,1
DB00178,Ramipril,6345,6345,1,2.055571549093775,1.1236,70.0,3.480967453267283,0.6160024020646178,1.4142,0.0006756343649330182,9.29606e-05,0.0526854,8.75557997214314,8.75557997214314,1415,0.22301024428684002,3634,1,1
DB00180,Flunisolide,1593,1593,1,3.2070143201506593,1.92308,50.0,3.701779819276305,0.8324299904582548,1.41391,0.0034666156057752665,0.00156617,0.091621,7.374001859350161,7.374001859350161,701,0.44005021971123665,1235,1,1
DB00181,Baclofen,4996,4996,1,4.067781346677342,1.30435,800.0,22.378698201286955,0.6658709349479583,1.4142,0.0009025518762610088,0.000107423,0.0894117,8.516593011344206,8.516593011344206,1605,0.3212570056044836,3074,1,1
DB00182,Amphetamine,1306,1306,1,2.762991725880551,1.45909,30.0,3.5656572401303137,0.8090127193721287,1.41401,0.0032849439601837674,0.00104932,0.14638,7.175489713624222,7.175489713624222,474,0.36294027565084225,850,1,1
DB00184,Nicotine,3651,3651,1,2.130513627225418,0.722222,928.649,16.292348394018227,0.6683391765269788,1.4142,0.0008059855315803889,8.93708e-05,0.159408,8.20303024171486,8.20303024171486,726,0.1988496302382909,1369,1,1
DB00185,Cevimeline,901,901,1,3.456691435072142,1.875,30.0,4.0709795675127065,0.8708616814650388,1.41356,0.005236251997780245,0.0033389,0.0751252,6.804614520062624,6.804614520062624,401,0.4450610432852386,685,1,1
DB00186,Lorazepam,7331,7331,1,2.273778491065339,1.40771,80.0,3.1743275978811076,0.6009238914063565,1.41421,0.0007445488555176647,7.78407e-05,0.0717886,8.900003608959596,8.900003608959596,2034,0.2774519165188924,5317,1,1
DB00187,Esmolol,431,431,1,4.185383401392111,2.5,50.0,5.154252155064291,0.9221452157772622,1.41272,0.013448156148491878,0.00384615,0.211538,6.068425588244111,6.068425588244111,236,0.5475638051044084,337,1,1
DB00188,Bortezomib,3873,3873,1,2.5721633723211976,1.42857,45.0,3.4288854712594214,0.669972695455719,1.41419,0.0010279414350632585,0.000170232,0.0794416,8.262042843966942,8.262042843966942,1349,0.3483088045442809,2618,1,1
DB00189,Ethchlorvynol,34,34,1,5.8423304117647055,5.0,20.0,4.720867035377063,1.0223473235294118,1.38969,0.10294117647058823,0.0625,0.3125,3.5553480614894135,3.5553480614894135,27,0.7941176470588235,31,1,1
DB00190,Carbidopa,2523,2523,1,2.7075389326198973,1.42857,40.0,3.6590137784787315,0.7348569233452239,1.41415,0.0017008388180737217,0.000348553,0.0787731,7.8336002236611035,7.8336002236611035,885,0.3507728894173603,1705,1,1
DB00191,Phentermine,1604,1604,1,3.2794424825436406,1.9077950000000001,60.0,4.350255812627089,0.802615150374065,1.41401,0.003166092341022444,0.00104548,0.126503,7.380879035564116,7.380879035564116,719,0.44825436408977554,1234,1,1
DB00193,Tramadol,6718,6718,1,1.8888955647514143,1.11111,50.0,2.69092778002688,0.6106611199910688,1.41421,0.0006888865330157785,8.17896e-05,0.0645729,8.81269461292015,8.81269461292015,1378,0.2051205715986901,3946,1,1
DB00194,Vidarabine,498,498,1,3.8439128253012047,2.30769,40.0,4.540904721153603,0.8720769036144579,1.41301,0.01081486485943775,0.00617284,0.141975,6.212606095751519,6.212606095751519,261,0.5240963855421686,381,1,1
DB00195,Betaxolol,1295,1295,1,3.2386037806949806,1.66667,50.0,4.23064993452883,0.8536321613899615,1.41386,0.0033161684239382235,0.00182315,0.0483136,7.16703787691222,7.16703787691222,538,0.41544401544401544,909,1,1
DB00196,Fluconazole,6207,6207,1,2.3848180596101174,1.42857,90.0,3.5056579540329516,0.6404424821330755,1.4142,0.000896125847591429,0.000125934,0.0736294,8.733594061863055,8.733594061863055,1867,0.3007894312872563,4368,1,1
DB00197,Troglitazone,314,314,1,6.878826920382166,5.0,55.0,7.091874449070306,0.9957682834394904,1.41043,0.023838978280254778,0.00970874,0.203883,5.752572638825633,5.752572638825633,240,0.7643312101910829,293,1,1
DB00198,Oseltamivir,2198,2198,1,2.4389797848043675,1.1405349999999999,216.25,5.7185886996545285,0.7605396180163786,1.41416,0.001307048415832575,0.000278746,0.103415,7.695757990554761,7.695757990554761,641,0.2916287534121929,1196,1,1
DB00199,Erythromycin,3268,3268,1,3.3269580361077113,1.66667,90.0,5.372791950301441,0.7589287470318238,1.41414,0.0015209929902080782,0.000360685,0.0903517,8.092239406724211,8.092239406724211,1312,0.401468788249694,2363,1,1
DB00200,Hydroxocobalamin,982,982,1,3.11989666700611,1.42857,120.0,6.603667781274534,0.8548747892057026,1.41384,0.003508126646639511,0.0019305,0.0637066,6.890609120147166,6.890609120147166,342,0.34826883910386963,617,1,1
DB00201,Caffeine,2986,2986,1,2.573966424648359,1.42857,32.0,3.260348397268316,0.7422175367046215,1.41416,0.0013309280562625585,0.000253421,0.128738,8.00202481821611,8.00202481821611,984,0.32953784326858676,2005,1,1
DB00202,Succinylcholine,1098,1098,1,3.0141168078324223,1.25,90.0,6.010602619375677,0.7920068355191257,1.41399,0.0036588256010928965,0.00115942,0.109565,7.002155954403621,7.002155954403621,359,0.32695810564663025,642,1,1
DB00203,Sildenafil,4806,4806,1,2.1348238002496878,1.03448,60.0,3.4835556324037236,0.6517542092800666,1.4142,0.0006024893594465252,7.50619e-05,0.136838,8.47782846789396,8.47782846789396,1218,0.2534332084893883,2438,1,1
DB00204,Dofetilide,1399,1399,1,2.6781697819871337,1.32035,86.6667,4.298856519481466,0.7784637705503932,1.4141,0.002105936636168692,0.000581564,0.121547,7.24422751560335,7.24422751560335,479,0.34238741958541813,845,1,1
DB00205,Pyrimethamine,715,715,1,3.8966762769230767,1.66667,80.0,6.335782353531412,0.8528876391608392,1.41367,0.005166179370629371,0.00280899,0.101124,6.573680166960646,6.573680166960646,303,0.42377622377622376,474,1,1
DB00206,Reserpine,274,274,1,5.942301463503649,4.0,40.0,5.532411118455412,1.056619200729927,1.40873,0.02431375474452555,0.0140845,0.0985916,5.616771097666572,5.616771097666572,200,0.7299270072992701,257,1,1
DB00207,Azithromycin,5212,5212,1,2.7214416245203377,1.614515,106.154,3.749101124027838,0.6807688078472756,1.41419,0.001010424234689179,0.00017298,0.0657326,8.558910784768106,8.558910784768106,1962,0.37643898695318495,3829,1,1
DB00208,Ticlopidine,2026,2026,1,2.997421315399803,1.66667,40.0,3.8014028652213496,0.7785088005429417,1.41409,0.0020705372551826262,0.000628733,0.063502,7.614312146452,7.614312146452,830,0.4096742349457058,1386,1,1
DB00209,Trospium,1352,1352,1,2.934967094674556,1.3133249999999999,40.0,4.136336902008478,0.8255770377218935,1.41399,0.002691185355029586,0.00116618,0.0787172,7.210079628170788,7.210079628170788,468,0.34615384615384615,835,1,1
DB00210,Adapalene,841,841,1,4.652384363852557,2.22222,300.0,11.644632884851058,0.8948483781212843,1.41369,0.005267888799048751,0.00268097,0.16622,6.7357800142423265,6.7357800142423265,425,0.5053507728894173,659,1,1
DB00211,Midodrine,1430,1430,1,2.9501135454545455,1.42857,50.0,4.263723083582592,0.8111606405594406,1.41394,0.003462355025174825,0.00141543,0.0714791,7.266128779556451,7.266128779556451,506,0.35384615384615387,957,1,1
DB00213,Pantoprazole,7691,7691,1,2.085267995449226,1.29412,60.0,2.786300172525458,0.5904978915355611,1.41421,0.0006466181323364972,6.81733e-05,0.0699117,8.94793610670867,8.94793610670867,1898,0.24678195293199845,5200,1,1
DB00215,Citalopram,6774,6774,1,2.2463571411278416,1.25,63.3333,3.5775147437528543,0.6162975228816062,1.41421,0.0006928683733540006,8.5677e-05,0.0550046,8.820994645747902,8.820994645747902,1818,0.2683790965456156,4264,1,1
DB00216,Eletriptan,1582,1582,1,2.881925273072061,1.53846,45.0,3.7772181840517063,0.7957162489254108,1.41407,0.0022172230455120103,0.000728332,0.127822,7.367077059881012,7.367077059881012,598,0.3780025284450063,1084,1,1
DB00218,Moxifloxacin,3974,3974,1,2.9530246718671367,1.569585,250.0,5.8708903128198875,0.690662605762456,1.41419,0.0010927475753900353,0.000195797,0.0734238,8.287780027088433,8.287780027088433,1524,0.38349270256668344,2796,1,1
DB00220,Nelfinavir,1631,1631,1,3.9224270931943597,1.875,105.0,6.27497998065707,0.7935575290006132,1.41404,0.002663099039852851,0.000885347,0.245241,7.397561535524052,7.397561535524052,757,0.46413243408951566,1130,1,1
DB00221,Isoetharine,66,66,1,6.09413103030303,5.0,15.0,3.8607361564103493,1.2071659545454547,1.39857,0.04424242424242424,0.04,0.12,4.204692619390966,4.204692619390966,50,0.7575757575757576,62,1,1
DB00222,Glimepiride,4612,4612,1,1.8872207228967908,1.09375,20.0,2.3850622901573875,0.6674579803339116,1.4142,0.0008765246792281006,0.000125339,0.12488,8.43663368355782,8.43663368355782,1003,0.21747614917606245,2496,1,1
DB00223,Diflorasone,338,338,1,4.446994650887574,2.5,30.0,4.517645477671415,1.0240546390532546,1.41094,0.014444825798816568,0.00840336,0.0840336,5.82600010738045,5.82600010738045,198,0.5857988165680473,298,1,1
DB00224,Indinavir,1068,1068,1,3.9983012368913857,2.0,83.3333,5.5947905965933025,0.8437631338951311,1.41384,0.004239316820224719,0.00193611,0.0813166,6.974478911025045,6.974478911025045,526,0.49250936329588013,833,1,1
DB00225,Gadodiamide,1052,1052,1,5.787106670152091,1.66667,133.243,13.897595778885172,0.8294977399239544,1.41405,0.004342997242395437,0.000844595,0.83277,6.959398512133975,6.959398512133975,471,0.44771863117870725,671,1,1
DB00227,Lovastatin,3655,3655,1,2.3148789047879617,1.29032,30.0,2.93123530631736,0.7080379721751026,1.41418,0.0012295449773461011,0.000281849,0.0654829,8.204124932574041,8.204124932574041,1038,0.2839945280437757,2444,1,1
DB00228,Enflurane,75,75,1,6.920982266666667,5.0,40.0,7.315206835919939,0.97852,1.40712,0.044848476,0.0181818,0.327273,4.330733340286331,4.330733340286331,53,0.7066666666666667,66,1,1
DB00229,Cefotiam,783,783,1,3.9352766143039593,2.26891,40.0,4.501562067850976,0.889508061302682,1.41344,0.006476557931034482,0.00395257,0.108696,6.664409020350408,6.664409020350408,413,0.5274584929757343,599,1,1
DB00230,Pregabalin,6300,6300,1,1.6288284242857143,0.972612,40.0,2.3295566820238474,0.6023384793333334,1.41421,0.0005855005591428572,5.38684e-05,0.0958723,8.748463629942055,8.748463629942055,1182,0.18761904761904763,2972,1,1
DB00231,Temazepam,4496,4496,1,2.6544295596085408,1.53846,80.0,3.755656437044473,0.6760232134564057,1.41418,0.0012913809104314947,0.000228537,0.0675707,8.411165786770708,8.411165786770708,1595,0.35475978647686834,3421,1,1
DB00232,Methyclothiazide,77,77,1,4.26206825974026,2.5,20.0,3.8525518976715953,1.0971752727272728,1.40201,0.03896103896103896,0.03125,0.125,4.356708826689592,4.356708826689592,44,0.5714285714285714,63,1,1
DB00233,Aminosalicylic acid,293,293,1,4.653468549488054,2.5,35.0,5.195991385018283,0.9967859897610921,1.41233,0.009332087167235496,0.00483092,0.0676328,5.683579767338681,5.683579767338681,163,0.5563139931740614,236,1,1
DB00234,Reboxetine,519,519,1,3.662675724470135,2.0,40.0,4.6902456454045875,0.8902162581888247,1.41304,0.008702535953757225,0.00302115,0.135952,6.253828811575473,6.253828811575473,246,0.47398843930635837,397,1,1
DB00235,Milrinone,920,920,1,3.748270402173913,1.946855,76.6667,5.484014267597586,0.8416408907608695,1.41377,0.007751452586956521,0.00230415,0.339862,6.825460036255307,6.825460036255307,420,0.45652173913043476,675,1,1
DB00236,Pipobroman,144,144,1,6.264305451388889,3.33333,60.0,7.7273131895096485,1.0085393402777778,1.41032,0.019791666666666666,0.01,0.12,4.976733742420574,4.976733742420574,96,0.6666666666666666,122,1,1
DB00237,Butabarbital,91,91,1,4.795343967032967,3.33333,20.0,4.047481030035661,1.1241476483516484,1.39857,0.047472527472527476,0.04,0.12,4.5217885770490405,4.5217885770490405,61,0.6703296703296703,84,1,1
DB00238,Nevirapine,2588,2588,1,3.046330185085008,1.366345,130.0,5.922631336789646,0.7294784232612055,1.41415,0.0014454068017774344,0.000302024,0.1045,7.859026979751538,7.859026979751538,907,0.3504636785162287,1590,1,1
DB00239,Oxiconazole,146,146,1,6.167217239726027,5.0,50.0,5.920646626568022,1.1239786575342465,1.40573,0.030524111643835616,0.0217391,0.108696,4.990432586778736,4.990432586778736,113,0.773972602739726,135,1,1
DB00240,Alclometasone,365,365,1,4.11552755890411,2.5,40.0,3.9289575733792286,0.9891216410958904,1.41177,0.012630302739726028,0.00628931,0.081761,5.902633333401366,5.902633333401366,214,0.5863013698630137,309,1,1
DB00241,Butalbital,2992,2992,1,2.6577491156417112,1.42857,35.0,3.2981655424833516,0.7499556178810161,1.41414,0.001795250629010695,0.000387672,0.0990502,8.0040315078527,8.0040315078527,976,0.32620320855614976,2102,1,1
DB00242,Cladribine,785,785,1,3.821454414012739,2.0,65.0,6.223849716788221,0.866620898089172,1.41374,0.004810392356687898,0.00243309,0.111922,6.666956792429207,6.666956792429207,357,0.4547770700636943,563,1,1
DB00243,Ranolazine,1460,1460,1,2.124993380821918,1.11111,30.0,2.872868716731959,0.7723409279452055,1.41411,0.001960751321917808,0.00055142,0.0805073,7.2868764117507,7.2868764117507,382,0.26164383561643834,811,1,1
DB00246,Ziprasidone,3110,3110,1,2.3187631366559485,1.25,90.0,3.737464325084582,0.6899946118971062,1.41418,0.001298110945466238,0.000231071,0.0734807,8.042699496897637,8.042699496897637,908,0.2919614147909968,1872,1,1
DB00247,Methysergide,214,214,1,6.372549574766356,3.33333,60.0,7.897486957110601,0.9968729392523366,1.41036,0.021328776308411217,0.00990099,0.108911,5.3706380281276624,5.3706380281276624,151,0.705607476635514,197,1,1
DB00248,Cabergoline,1879,1879,1,4.690588793507184,2.0,260.0,10.447801747514136,0.811206456040447,1.41407,0.002059651982437467,0.000748783,0.0509173,7.539027055823995,7.539027055823995,882,0.46939861628525814,1363,1,1
DB00249,Idoxuridine,30,30,1,9.220635,7.5,30.0,8.559216091005606,1.1346423333333333,1.37477,0.14333333333333334,0.1,0.3,3.4339872044851463,3.4339872044851463,24,0.8,30,1,1
DB00250,Dapsone,1963,1963,1,3.2701429465104432,1.53846,185.0,6.4899625436560635,0.8155060230259806,1.41403,0.002438579014263882,0.00094697,0.0591856,7.582738488914411,7.582738488914411,759,0.3866530820173204,1338,1,1
DB00251,Terconazole,574,574,1,4.626361738675958,3.169855,50.0,4.8836388133380355,0.9487740766550522,1.41259,0.0109030218815331,0.00416667,0.175,6.354370040797351,6.354370040797351,363,0.632404181184669,508,1,1
DB00252,Phenytoin,4830,4830,1,2.4454171486542444,1.23871,150.0,5.015145710624601,0.6732663648861283,1.41419,0.0009110929624637681,0.000147109,0.187221,8.482808764554406,8.482808764554406,1383,0.28633540372670807,2849,1,1
DB00253,Medrysone,3,3,1,6.666666666666667,6.66667,10.0,3.33333500000125,0.6960573333333334,0.885061,0.8333333333333334,1.0,1.0,1.3862943611198906,1.3862943611198906,3,1.0,3,1,1
DB00254,Doxycycline,4069,4069,1,2.5581757684934874,1.35983,96.6667,4.023259564135154,0.6942674076923077,1.41418,0.0011664440657163922,0.00026551,0.0762014,8.311398278436641,8.311398278436641,1274,0.31309904153354634,2645,1,1
DB00255,Diethylstilbestrol,138,138,1,6.037237673913043,3.33333,50.0,6.215770459490164,1.041930260869565,1.40803,0.027145134782608698,0.015873,0.126984,4.9344739331306915,4.9344739331306915,103,0.7463768115942029,122,1,1
DB00256,Lymecycline,286,286,1,6.28318208041958,3.33333,100.0,11.6819004169304,0.9904781433566433,1.41169,0.014916898776223778,0.00649351,0.136364,5.659482215759621,5.659482215759621,186,0.6503496503496503,249,1,1
DB00257,Clotrimazole,2870,2870,1,3.2819912560975606,1.760735,60.0,4.119268429357982,0.7818181695818816,1.4141,0.001983902650522648,0.000579374,0.0663384,7.962415680121064,7.962415680121064,1225,0.4268292682926829,2195,1,1
DB00258,Calcium acetate,2064,2064,1,3.2018607839147286,1.61835,57.5,4.496072162631821,0.7874901144379844,1.41405,0.0029048006782945736,0.00081666,0.082891,7.632885505395133,7.632885505395133,781,0.37839147286821706,1412,1,1
DB00259,Sulfanilamide,29,29,1,5.807470689655172,5.0,10.0,3.521554250384268,1.1949482413793104,1.3784,0.09404388965517242,0.0909091,0.181818,3.4011973816621555,3.4011973816621555,25,0.8620689655172413,28,1,1
DB00260,Cycloserine,280,280,1,4.682459064285714,2.0,50.0,7.026878100764614,0.9113755928571429,1.4124,0.01146529275,0.0046729,0.102804,5.638354669333745,5.638354669333745,134,0.4785714285714286,207,1,1
DB00261,Anagrelide,966,966,1,3.948428717391304,2.0,90.0,5.711181213479981,0.9033401086956522,1.4138,0.0036264685817805386,0.00105708,0.0528541,6.874198495453294,6.874198495453294,460,0.47619047619047616,703,1,1
DB00262,Carmustine,1186,1186,1,4.058629639966273,2.0,60.0,6.4866783076453265,0.8149700109612141,1.41396,0.003205263197301855,0.00131062,0.059633,7.079184394609668,7.079184394609668,551,0.4645868465430017,855,1,1
DB00263,Sulfisoxazole,76,76,1,5.635640092105263,3.541665,20.0,4.438117139885661,1.13627225,1.40238,0.03907494078947369,0.030303,0.151515,4.343805421853684,4.343805421853684,53,0.6973684210526315,73,1,1
DB00264,Metoprolol,8313,8313,1,1.8562295657404067,1.11945,40.0,2.6330229187793863,0.5653583223505353,1.41421,0.0005529010555322989,4.81357e-05,0.0595439,9.025696119812583,9.025696119812583,1638,0.19704077950198484,4923,1,1
DB00265,Crotamiton,399,399,1,3.539738686716792,2.0,40.0,4.25260865503163,0.9550973609022556,1.41259,0.008907687944862156,0.00416667,0.0625,5.991464547107982,5.991464547107982,186,0.46616541353383456,302,1,1
DB00268,Ropinirole,3259,3259,1,2.233588827247622,1.11111,100.0,3.9710363188900617,0.7059483742252225,1.41418,0.001221929694691623,0.000183739,0.103078,8.089482474360754,8.089482474360754,801,0.24578091439091745,1747,1,1
DB00269,Chlorotrianisene,11,11,1,6.651514545454546,10.0,10.0,3.8704402145682697,1.191828,1.33417,0.2,0.2,0.2,2.4849066497880004,2.4849066497880004,9,0.8181818181818182,11,1,1
DB00270,Isradipine,1000,1000,1,3.1972666530000002,1.81818,30.0,3.551036956311503,0.8757758059999999,1.41368,0.00462379161,0.00276625,0.0705394,6.90875477931522,6.90875477931522,428,0.428,786,1,1
DB00271,Diatrizoate,429,429,1,3.6963161748251747,2.30769,50.0,4.107256666481215,0.9358149044289044,1.41279,0.009144695081585082,0.003663,0.120879,6.063785208687608,6.063785208687608,231,0.5384615384615384,348,1,1
DB00273,Topiramate,5178,5178,1,2.5564851797991506,1.25,105.0,5.131663203388835,0.6562588508690614,1.4142,0.0008435168169370413,0.000113602,0.0738413,8.552367266423891,8.552367266423891,1509,0.2914252607184241,3233,1,1
DB00274,Cefmetazole,136,136,1,5.341637323529412,3.33333,40.0,5.400835130513992,1.0614041323529413,1.40737,0.027347808088235295,0.0175439,0.175439,4.919980925828125,4.919980925828125,94,0.6911764705882353,121,1,1
DB00275,Olmesartan,4590,4590,1,2.1328478873638343,1.17647,120.0,3.562737123300136,0.6733903455555555,1.41419,0.0008811955268191721,0.00014716,0.0573923,8.431853144249223,8.431853144249223,1151,0.2507625272331155,2732,1,1
DB00276,Amsacrine,351,351,1,4.063092116809116,2.30769,30.0,4.859147709249858,0.9549724814814814,1.41227,0.011096866096866097,0.005,0.095,5.863631175598097,5.863631175598097,181,0.5156695156695157,265,1,1
DB00277,Theophylline,3427,3427,1,2.4224178275459582,1.25,80.0,3.747797194705184,0.7266210099212139,1.41416,0.0013543298969944557,0.000253775,0.102652,8.13973227971767,8.13973227971767,1015,0.2961774146483805,2076,1,1
DB00278,Argatroban,712,712,1,3.7382169002808987,2.0,83.3333,6.352331401154449,0.8728038651685393,1.4137,0.004788882724719101,0.0026178,0.117801,6.569481420414296,6.569481420414296,325,0.45646067415730335,497,1,1
DB00279,Liothyronine,1790,1790,1,3.0266991687150835,1.66667,55.0,3.994971629256251,0.797193267821229,1.41404,0.002723806336312849,0.000891663,0.107,7.490529402060711,7.490529402060711,689,0.38491620111731845,1285,1,1
DB00280,Disopyramide,911,911,1,3.4670051975850713,1.66667,52.8571,4.928413303278842,0.8730178540065862,1.41371,0.004551210954994511,0.0025641,0.0782051,6.815639990074331,6.815639990074331,394,0.43249176728869376,655,1,1
DB00281,Lidocaine,4764,4764,1,2.858418587531486,1.4921250000000001,100.0,4.344877753511808,0.6858455195633921,1.41418,0.0011510811708648195,0.000232684,0.0781044,8.469052816088302,8.469052816088302,1667,0.34991603694374473,3387,1,1
DB00283,Clemastine,1276,1276,1,3.0111143126959248,1.45071,80.0,4.58894407921279,0.8216352713949844,1.41395,0.003255034871473354,0.00136986,0.0965753,7.152268856032539,7.152268856032539,479,0.37539184952978055,833,1,1
DB00284,Acarbose,1753,1753,1,2.7504566172276097,1.42857,50.0,3.8959849982995305,0.8010956711351969,1.41406,0.0021701155196805475,0.000780031,0.0705928,7.469654172932128,7.469654172932128,613,0.34968625213918997,1095,1,1
DB00285,Venlafaxine,6632,6632,1,2.387767734318456,1.35614,90.0,3.6194992520210607,0.619215848371532,1.41421,0.0007424557445566949,8.72943e-05,0.0684387,8.799812469525556,8.799812469525556,1994,0.30066344993968636,4391,1,1
DB00287,Travoprost,1923,1923,1,2.9172887618304735,1.42857,50.0,4.093817183237365,0.7868694225169006,1.41406,0.0023587789167966717,0.000812018,0.0556232,7.562161631225652,7.562161631225652,695,0.36141445657826315,1247,1,1
DB00288,Amcinonide,168,168,1,6.234884601190476,5.0,30.0,5.007853010411958,1.1284881785714287,1.40306,0.03894556904761905,0.0285714,0.114286,5.1298987149230735,5.1298987149230735,130,0.7738095238095238,159,1,1
DB00289,Atomoxetine,2530,2530,1,2.6013514806324114,1.17647,75.0,4.8071193037980455,0.7058116512252964,1.41418,0.0013350983888932807,0.000152277,0.0816202,7.836369760545124,7.836369760545124,794,0.3138339920948617,1380,1,1
DB00290,Bleomycin,1528,1528,1,3.429226670811518,1.25,250.0,9.036310699750642,0.7699084765052356,1.41409,0.0020120753219895287,0.000617856,0.0698177,7.332369205929062,7.332369205929062,534,0.3494764397905759,888,1,1
DB00291,Chlorambucil,1226,1226,1,3.7658740326264275,1.66667,480.0,14.444127297345364,0.8496256615008156,1.41393,0.002886861908646003,0.00144196,0.0720981,7.112327444710911,7.112327444710911,509,0.41517128874388254,849,1,1
DB00292,Etomidate,763,763,1,3.557964996068152,2.0,40.0,4.526847201681933,0.8851107217562254,1.41364,0.007147073106159895,0.00146199,0.192982,6.638567789166521,6.638567789166521,357,0.46788990825688076,547,1,1
DB00293,Raltitrexed,133,133,1,6.3768410375939855,3.33333,50.0,7.931642175170831,1.046536962406015,1.40909,0.02532648120300752,0.0131579,0.144737,4.897839799950911,4.897839799950911,90,0.6766917293233082,121,1,1
DB00294,Etonogestrel,1758,1758,1,12.362981213310581,1.0,3630.0,130.7826254810555,0.7635591383390217,1.41419,0.0015267606632536975,0.000146649,0.195117,7.472500744737558,7.472500744737558,586,0.3333333333333333,865,1,1
DB00295,Morphine,6700,6700,1,2.2234223485074627,1.295095,160.0,3.7630278248512528,0.6110684474626865,1.41421,0.0007158639284328359,8.76559e-05,0.0658296,8.81001204797317,8.81001204797317,1852,0.2764179104477612,4369,1,1
DB00296,Ropivacaine,1120,1120,1,4.291596722321429,1.8215,170.0,8.10430530102025,0.828880275,1.41398,0.00293328691875,0.00121655,0.0644769,7.02197642307216,7.02197642307216,510,0.45535714285714285,777,1,1
DB00297,Bupivacaine,2115,2115,1,4.423653364066194,1.875,382.0,12.091207516952403,0.7648516184869977,1.41412,0.0019251353446808513,0.000466853,0.0917367,7.65728279297819,7.65728279297819,980,0.46335697399527187,1495,1,1
DB00299,Penciclovir,348,348,1,5.422870919540229,3.33333,30.0,4.9220623986301675,1.0376757959770115,1.41061,0.01742762672413793,0.00925926,0.12037,5.855071922202427,5.855071922202427,247,0.7097701149425287,316,1,1
DB00300,Tenofovir disoproxil,3673,3673,1,2.415516594609311,1.17647,60.0,3.787493373201864,0.6752695417642255,1.41419,0.0009200023194663763,0.00020503,0.0481137,8.20903626577507,8.20903626577507,1020,0.2777021508303839,2123,1,1
DB00302,Tranexamic acid,1700,1700,1,2.8658620735294114,1.5538699999999999,60.0,4.059747899191407,0.8052382237058824,1.41404,0.002453120001764706,0.000873362,0.0676856,7.438971592395862,7.438971592395862,643,0.37823529411764706,1136,1,1
DB00303,Ertapenem,1247,1247,1,3.6087869679230153,1.66667,60.0,5.3817993009962715,0.8430558650360866,1.41397,0.0027046767722534084,0.00125078,0.141338,7.129297548929373,7.129297548929373,539,0.4322373696872494,850,1,1
DB00304,Desogestrel,1057,1057,1,3.8849537965941345,2.0,50.0,5.431781227520739,0.8758518202459792,1.4138,0.003945160151371807,0.0021254,0.0690755,6.964135612418245,6.964135612418245,483,0.45695364238410596,781,1,1
DB00305,Mitomycin,1004,1004,1,4.598752065737052,2.0,90.0,7.712675351376455,0.8545629282868525,1.41393,0.003142004699203187,0.00145138,0.0936139,6.912742820493176,6.912742820493176,469,0.46713147410358563,713,1,1
DB00307,Bexarotene,449,449,1,5.356466690423162,2.85714,180.0,12.201686261836858,0.9604611380846325,1.41303,0.007622478351893096,0.00303951,0.0668693,6.1092475827643655,6.1092475827643655,263,0.5857461024498887,359,1,1
DB00308,Ibutilide,35,35,1,9.510564285714286,5.0,50.0,10.53590680138647,1.0770204857142858,1.3972,0.08074539428571428,0.0434783,0.26087,3.58351893845611,3.58351893845611,32,0.9142857142857143,35,1,1
DB00309,Vindesine,607,607,1,3.8595924612850085,2.0,50.0,5.194973678165742,0.8756469373970346,1.4135,0.006505144365733114,0.00366972,0.0917431,6.410174881966167,6.410174881966167,300,0.4942339373970346,457,1,1
DB00310,Chlorthalidone,2045,2045,1,2.5901963012224942,1.42857,30.0,3.1028626417262033,0.7748481949633251,1.41408,0.0022889643765281174,0.000684697,0.0616227,7.6236419465115715,7.6236419465115715,690,0.3374083129584352,1407,1,1
DB00312,Pentobarbital,325,325,1,5.075472824615384,2.72727,70.0,6.553450047857511,0.9114941753846154,1.41266,0.01122893353846154,0.00796813,0.219124,5.786897381366708,5.786897381366708,194,0.5969230769230769,260,1,1
DB00314,Capreomycin,94,94,1,7.227796159574468,5.0,40.0,8.204796146655983,1.0192288723404255,1.40772,0.03563831063829787,0.0166667,0.183333,4.553876891600541,4.553876891600541,65,0.6914893617021277,82,1,1
DB00315,Zolmitriptan,1764,1764,1,3.1511720221088435,1.66667,40.0,4.108007518186892,0.8176138031746032,1.41407,0.002242787985260771,0.000753864,0.200905,7.475905969367397,7.475905969367397,697,0.39512471655328796,1244,1,1
DB00316,Acetaminophen,9651,9651,1,1.8617704458605326,1.14286,75.7143,2.8571814113658367,0.534409386073982,1.41421,0.00048445712042689875,3.3707e-05,0.0577873,9.174920426744922,9.174920426744922,1867,0.19345145580768833,5766,1,1
DB00317,Gefitinib,1702,1702,1,3.378234101057579,1.66667,90.0,5.222508694466775,0.7838514458284371,1.41411,0.0020318000358401883,0.000528402,0.119155,7.440146680662688,7.440146680662688,710,0.4171562867215041,1125,1,1
DB00318,Codeine,4808,4808,1,2.1981516019134775,1.17647,110.0,3.869893069403239,0.6748592518094841,1.41419,0.000956003390391015,0.000171086,0.0776162,8.478244441277663,8.478244441277663,1209,0.2514559068219634,2848,1,1
DB00319,Piperacillin,3337,3337,1,2.2544462870842072,1.16438,100.0,3.9858086050182995,0.7081602878034162,1.41416,0.0014173236967335932,0.00025974,0.0919481,8.11312710422178,8.11312710422178,884,0.2649086005394067,1895,1,1
DB00320,Dihydroergotamine,985,985,1,4.077335849746193,2.0,110.0,6.523531335352084,0.9037157055837564,1.41355,0.004842798994923858,0.00343053,0.0480274,6.893656354602635,6.893656354602635,467,0.47411167512690355,733,1,1
DB00321,Amitriptyline,6170,6170,1,2.376448739384117,1.39272,50.0,3.1371838516896506,0.637776436337115,1.4142,0.0008636934846839547,0.000100516,0.0573946,8.727616178321068,8.727616178321068,1811,0.293517017828201,4376,1,1
DB00322,Floxuridine,64,64,1,5.653387359375,3.33333,30.0,5.129324302875706,1.0819011875,1.4047,0.0369664203125,0.0243902,0.146341,4.174387269895637,4.174387269895637,46,0.71875,60,1,1
DB00323,Tolcapone,306,306,1,5.160803725490196,2.5,80.0,7.493905671250375,0.9799561830065359,1.41183,0.012590713169934641,0.00613497,0.0858896,5.726847747587197,5.726847747587197,171,0.5588235294117647,241,1,1
DB00324,Fluorometholone,713,713,1,4.156641340813464,1.76471,160.0,8.040803279564681,0.9072290350631136,1.41347,0.005349479719495091,0.00191571,0.0613027,6.570882962339584,6.570882962339584,324,0.4544179523141655,493,1,1
DB00325,Nitroprusside,556,556,1,4.492792838129497,2.5,70.0,5.695934646049026,0.939138595323741,1.41284,0.01590741856115108,0.00353357,0.462898,6.322565239927284,6.322565239927284,299,0.5377697841726619,448,1,1
DB00327,Hydromorphone,4702,4702,1,2.6407772792428754,1.53846,50.0,3.4004789190828024,0.6779767978732455,1.41419,0.0011571959484687367,0.000205339,0.100068,8.455955881945048,8.455955881945048,1690,0.3594215227562739,3374,1,1
DB00328,Indomethacin,3185,3185,1,3.3970266788069075,1.64384,190.0,7.4637776675328205,0.7496946946624803,1.41414,0.001499464775824176,0.000357015,0.0508747,8.066521490469993,8.066521490469993,1233,0.38712715855573,2312,1,1
DB00330,Ethambutol,2009,2009,1,2.8185064897959182,1.34615,80.0,4.751623902256105,0.7536078104031857,1.4141,0.002316272632155301,0.000608088,0.107936,7.605890001053122,7.605890001053122,695,0.34594325535092085,1225,1,1
DB00331,Metformin,7767,7767,1,1.7944563906270117,0.972222,100.0,3.2585803675121885,0.5682320623123471,1.41421,0.0005104252935303206,3.41679e-05,0.111609,8.957768009971161,8.957768009971161,1337,0.17213853482683147,3656,1,1
DB00332,Ipratropium,4245,4245,1,2.422438816961131,1.40351,50.0,3.313194283234851,0.6847126448998822,1.41418,0.001186551454958775,0.000237117,0.130967,8.353732642263202,8.353732642263202,1295,0.3050647820965842,2891,1,1
DB00333,Methadone,4212,4212,1,2.5163198672839506,1.16764,320.0,7.873664620818115,0.6858083321699905,1.41419,0.0009780183520892688,0.000169702,0.0871705,8.345930261979017,8.345930261979017,1153,0.27374169040835705,2333,1,1
DB00334,Olanzapine,5323,5323,1,2.454299529588578,1.33333,390.0,6.5425614535921,0.6304210341724591,1.4142,0.000889940539864738,8.82431e-05,0.125629,8.579980179515003,8.579980179515003,1609,0.3022731542363329,3381,1,1
DB00337,Pimecrolimus,1360,1360,1,5.805730302941177,2.77778,180.0,10.815198268321586,0.8817863838235294,1.41394,0.002952212301470588,0.00142959,0.0478914,7.215975002651466,7.215975002651466,782,0.575,1069,1,1
DB00338,Omeprazole,9009,9009,1,1.8732019024309026,1.17117,120.0,3.0122943356829506,0.5484033556998557,1.41421,0.000527184630941281,4.41217e-05,0.0652295,9.106090350602384,9.106090350602384,1790,0.1986901986901987,5648,1,1
DB00339,Pyrazinamide,1508,1508,1,2.6838620503978783,1.42857,30.0,3.640449824592861,0.7593887181034482,1.41403,0.0031467739496021216,0.000932836,0.124067,7.319202458767849,7.319202458767849,530,0.35145888594164454,961,1,1
DB00341,Cetirizine,5395,5395,1,2.301674981464319,1.30919,50.0,3.1757428754786594,0.6632161554772937,1.4142,0.0008748326207970343,0.00013093,0.0622791,8.593413217327646,8.593413217327646,1506,0.27914735866543094,3554,1,1
DB00342,Terfenadine,233,233,1,5.811064403433477,5.0,30.0,4.447491802640604,1.1191329785407726,1.40895,0.019777271673819742,0.0135135,0.108108,5.455321115357702,5.455321115357702,171,0.7339055793991416,210,1,1
DB00343,Diltiazem,5691,5691,1,2.051455710244245,1.25,40.0,2.5938221455886072,0.6394827866631524,1.4142,0.000853173596977684,9.99234e-05,0.0718782,8.646816959209742,8.646816959209742,1432,0.25162537339659113,3713,1,1
DB00344,Protriptyline,260,260,1,4.2034748653846155,2.5,30.0,4.273495864781775,1.0079217153846154,1.41067,0.016223770576923077,0.00909091,0.136364,5.564520407322694,5.564520407322694,151,0.5807692307692308,220,1,1
DB00346,Alfuzosin,2307,2307,1,2.5699525778066756,1.25,120.0,4.507866669733222,0.7674172128305158,1.41413,0.0015678506892067622,0.000450552,0.0551926,7.744136627627991,7.744136627627991,707,0.306458604247941,1394,1,1
DB00347,Trimethadione,17,17,1,6.833909411764706,5.0,10.0,3.218869608535873,1.2324908823529412,1.3784,0.09625668235294119,0.0909091,0.181818,2.8903717578961645,2.8903717578961645,16,0.9411764705882353,17,1,1
DB00348,Nitisinone,199,199,1,10.840300532663317,3.33333,335.0,30.70230659181486,1.0253821859296481,1.41225,0.013400335879396985,0.00505051,0.338384,5.298317366548036,5.298317366548036,129,0.6482412060301508,167,1,1
DB00349,Clobazam,2395,2395,1,3.002241908559499,1.44737,100.0,4.821369883525847,0.7590589623799583,1.41413,0.001696350419624217,0.00041425,0.14623,7.78155595923534,7.78155595923534,899,0.3753653444676409,1562,1,1
DB00350,Minoxidil,1971,1971,1,3.9941046686960933,2.0,190.0,7.2544034065520435,0.8166895813292745,1.41406,0.0022968768254693047,0.000786782,0.0672699,7.586803535162581,7.586803535162581,959,0.4865550481988838,1502,1,1
DB00354,Buclizine,76,76,1,4.840185407894737,3.0952349999999997,20.0,4.342296954739854,1.0216125263157894,1.40446,0.04078947368421053,0.025,0.125,4.343805421853684,4.343805421853684,49,0.6447368421052632,66,1,1
DB00355,Aztreonam,1017,1017,1,3.8910669901671584,1.875,180.0,8.543081650001657,0.8567104128810227,1.41396,0.0028891720353982305,0.00132714,0.205043,6.925595197110468,6.925595197110468,467,0.4591937069813176,739,1,1
DB00356,Chlorzoxazone,794,794,1,3.617368010075567,2.0,40.0,4.118277691677229,0.8963896826196475,1.41335,0.0066058355541561715,0.00441501,0.0949227,6.678342114654332,6.678342114654332,386,0.48614609571788414,652,1,1
DB00357,Aminoglutethimide,96,96,1,4.5832091041666665,3.33333,20.0,3.450977969666163,1.1069598229166666,1.39642,0.05681815520833333,0.0454545,0.227273,4.574710978503383,4.574710978503383,70,0.7291666666666666,91,1,1
DB00358,Mefloquine,1068,1068,1,4.976473603932584,2.0,80.0,8.576808141771167,0.7969317056179775,1.41404,0.0037192745318352064,0.000869187,0.17123,6.974478911025045,6.974478911025045,533,0.499063670411985,759,1,1
DB00359,Sulfadiazine,690,690,1,3.5649052608695655,1.88988,70.0,4.7197126574474515,0.89975034057971,1.41333,0.006557805565217392,0.00226244,0.113122,6.53813982376767,6.53813982376767,311,0.45072463768115945,509,1,1
DB00360,Sapropterin,505,505,1,3.4551681801980196,1.80952,40.0,4.717467651263762,0.8966426594059406,1.41373,0.0045670330099009905,0.00124533,0.0921544,6.226536669287466,6.226536669287466,221,0.4376237623762376,333,1,1
DB00361,Vinorelbine,2475,2475,1,3.4486229749494948,1.93182,90.0,5.396787300302832,0.7464860005656566,1.41413,0.001990035772929293,0.000417101,0.086757,7.814399633804487,7.814399633804487,1132,0.4573737373737374,1874,1,1
DB00362,Anidulafungin,403,403,1,3.328968330024814,1.90476,30.0,3.746261494048945,0.9220379081885856,1.413,0.0077920264019851115,0.00311526,0.0841122,6.0014148779611505,6.0014148779611505,181,0.4491315136476427,297,1,1
DB00363,Clozapine,4415,4415,1,3.8292700224235556,1.42857,680.0,14.192150509339076,0.6618017980067951,1.4142,0.0008776915715062288,9.52925e-05,0.087415,8.392989587956931,8.392989587956931,1719,0.38935447338618345,2725,1,1
DB00364,Sucralfate,3255,3255,1,2.928926055606759,1.66667,90.0,4.305618226291797,0.7470067394162826,1.41414,0.0018916140915514594,0.000396983,0.0942834,8.08825472712243,8.08825472712243,1270,0.3901689708141321,2493,1,1
DB00365,Grepafloxacin,34,34,1,7.743463823529411,10.0,20.0,4.403940575918836,1.194393705882353,1.35752,0.16386538235294118,0.142857,0.285714,3.5553480614894135,3.5553480614894135,31,0.9117647058823529,34,1,1
DB00366,Doxylamine,864,864,1,2.664851009259259,1.25,40.0,3.803168659079539,0.8575897930555556,1.41386,0.0038108963275462963,0.00182315,0.135825,6.762729506931879,6.762729506931879,295,0.3414351851851852,492,1,1
DB00367,Levonorgestrel,3190,3190,1,28.220782422884014,0.573407,55050.0,986.5316948334339,0.6520590361755486,1.41421,0.0007274911374921631,3.42247e-05,0.19556,8.068089626278244,8.068089626278244,751,0.235423197492163,1169,1,1
DB00368,Norepinephrine,1655,1655,1,2.7826554888217525,1.66667,50.0,3.624568403917318,0.7817194528096677,1.41403,0.0036403615963746224,0.000953743,0.168813,7.412160334945205,7.412160334945205,648,0.3915407854984894,1124,1,1
DB00369,Cidofovir,575,575,1,5.669067006956522,3.0,140.0,9.390686172008914,0.9459544452173914,1.41311,0.00791007831304348,0.00284091,0.0965909,6.3561076606958915,6.3561076606958915,344,0.5982608695652174,488,1,1
DB00370,Mirtazapine,4976,4976,1,2.3008089328778136,1.25,70.0,3.914381755548689,0.6468177540996785,1.4142,0.0009769674539389067,0.000132726,0.0506128,8.512582578858554,8.512582578858554,1345,0.2702974276527331,3088,1,1
DB00371,Meprobamate,1402,1402,1,2.685932787446505,1.401755,70.0,4.235168000468963,0.8054738743937233,1.414,0.003035914626248217,0.00110497,0.0745856,7.246368080102461,7.246368080102461,499,0.3559201141226819,839,1,1
DB00372,Thiethylperazine,307,307,1,5.5916777133550495,3.33333,40.0,5.895531432062601,0.9922877166123779,1.41133,0.015514529120521172,0.00740741,0.111111,5.730099782973574,5.730099782973574,203,0.6612377850162866,274,1,1
DB00373,Timolol,2652,2652,1,2.573388403846154,1.2,50.0,3.9804684623501365,0.7491684473981901,1.41413,0.0015885385912518854,0.000406504,0.0567073,7.88344635413774,7.88344635413774,806,0.30392156862745096,1529,1,1
DB00374,Treprostinil,2194,2194,1,2.8395302151321786,1.01449,360.0,11.039257773360296,0.7066193659981769,1.41419,0.0011562451007292617,0.000121862,0.196807,7.693937325509272,7.693937325509272,563,0.25660893345487695,1102,1,1
DB00375,Colestipol,1004,1004,1,2.979359658366534,1.66667,20.0,3.13707996931067,0.8749366025896413,1.41374,0.004238492699203187,0.00242131,0.105327,6.912742820493176,6.912742820493176,409,0.4073705179282869,737,1,1
DB00376,Trihexyphenidyl,1788,1788,1,3.0470808763982102,1.66667,110.0,4.968518216277776,0.7911422385346756,1.41404,0.002726255548657718,0.000909091,0.0531818,7.489412083508719,7.489412083508719,716,0.4004474272930649,1292,1,1
DB00377,Palonosetron,1856,1856,1,3.1148531584051726,1.81818,40.0,3.7570301652307116,0.779092519450431,1.41407,0.0026789537564655174,0.000753012,0.12387,7.526717561352706,7.526717561352706,807,0.4348060344827586,1387,1,1
DB00378,Dydrogesterone,333,333,1,5.265145765765766,3.33333,60.0,6.538320163726106,1.0248409249249248,1.41211,0.009869325495495495,0.00540541,0.0540541,5.811140992976701,5.811140992976701,204,0.6126126126126126,275,1,1
DB00379,Mexiletine,1201,1201,1,3.6506279666944215,2.0,90.0,5.1466837571343,0.8504396752706078,1.41382,0.004295332880932557,0.00203459,0.0742625,7.091742115095153,7.091742115095153,569,0.47377185678601164,908,1,1
DB00380,Dexrazoxane,455,455,1,4.40112503956044,2.5,40.0,5.2353846439197325,0.941096221978022,1.41269,0.00978237646153846,0.00392157,0.129412,6.1224928095143865,6.1224928095143865,262,0.5758241758241758,371,1,1
DB00381,Amlodipine,8893,8893,1,1.89905493669178,1.16848,50.0,2.642114995293126,0.5568232568874395,1.41421,0.0005012312693984032,4.43093e-05,0.0479516,9.093132171070641,9.093132171070641,1883,0.21173957044866748,5458,1,1
DB00382,Tacrine,33,33,1,5.008657666666667,4.0,10.0,3.3946143486578917,1.1394073030303031,1.38804,0.07878787878787878,0.0666667,0.333333,3.5263605246161616,3.5263605246161616,25,0.7575757575757576,32,1,1
DB00384,Triamterene,3016,3016,1,2.428058277519894,1.3003049999999998,50.0,3.161544144252495,0.7267072171087533,1.41415,0.0016652725285145888,0.000332779,0.0698835,8.012018239159062,8.012018239159062,861,0.2854774535809019,2052,1,1
DB00385,Valrubicin,89,89,1,6.183087966292136,2.5,100.0,13.63652014935759,0.9946634831460675,1.4108,0.01793811168539326,0.00877193,0.175439,4.499809670330265,4.499809670330265,48,0.5393258426966292,66,1,1
DB00387,Procyclidine,1120,1120,1,4.388986298214286,2.0468200000000003,150.0,8.376935514776736,0.7800005526785714,1.41386,0.005773918301785714,0.00181984,0.089172,7.02197642307216,7.02197642307216,564,0.5035714285714286,878,1,1
DB00388,Phenylephrine,1866,1866,1,3.466146777063237,1.42857,160.0,7.731768504920711,0.8043036805466238,1.41405,0.0026689319807073958,0.000841397,0.10265,7.532088143541722,7.532088143541722,703,0.3767416934619507,1161,1,1
DB00389,Carbimazole,830,830,1,3.6696102530120482,1.66667,80.0,6.236606262662717,0.8711869433734939,1.41363,0.004920579963855421,0.003003,0.100601,6.7226297948554485,6.7226297948554485,353,0.42530120481927713,568,1,1
DB00390,Digoxin,5773,5773,1,2.2991005523990995,1.28463,165.854,4.06366787101681,0.6253389889485537,1.4142,0.0009281886007621688,8.43834e-05,0.0804174,8.661120360222881,8.661120360222881,1627,0.2818292049194526,3717,1,1
DB00391,Sulpiride,1754,1754,1,2.8683910980615734,1.59152,60.0,4.063731386912802,0.7835352374572406,1.41404,0.00280400301995439,0.000888889,0.0573333,7.470224135899966,7.470224135899966,683,0.38939566704675027,1198,1,1
DB00392,Profenamine,27,27,1,8.179012222222221,10.0,10.0,2.6758362010411925,1.2740192592592592,1.34784,0.166667,0.166667,0.166667,3.332204510175204,3.332204510175204,27,1.0,27,1,1
DB00393,Nimodipine,638,638,1,3.943839144200627,2.0,70.0,5.764325020608264,0.9146754059561129,1.41339,0.005679318746081505,0.00212766,0.0617021,6.459904454377535,6.459904454377535,310,0.48589341692789967,467,1,1
DB00395,Carisoprodol,3922,3922,1,2.438503930137685,1.36364,80.0,3.9046725277058245,0.6769407935237123,1.41418,0.0014202640178225395,0.000260439,0.111208,8.274611946209552,8.274611946209552,1166,0.2972972972972973,2638,1,1
DB00396,Progesterone,2565,2565,1,3.072698234307992,1.42857,110.0,5.017905373326166,0.7745037082651073,1.41413,0.0015489178479532162,0.00043592,0.0874019,7.850103545175582,7.850103545175582,921,0.35906432748538014,1695,1,1
DB00397,Phenylpropanolamine,664,664,1,4.245253724397591,2.014495,130.0,8.764486975800834,0.8830409939759035,1.41338,0.006932853057228915,0.00426439,0.257996,6.499787040655854,6.499787040655854,332,0.5,493,1,1
DB00398,Sorafenib,2775,2775,1,3.274242937657658,1.50943,204.667,6.765319768509802,0.7158680378738739,1.41418,0.001474633679063063,0.000179549,0.130981,7.9287663216266955,7.9287663216266955,1075,0.38738738738738737,1766,1,1
DB00399,Zoledronic acid,6210,6210,1,3.9507709209339774,1.66667,270.0,8.803791285151917,0.619568024863124,1.41421,0.000821718295700483,8.37538e-05,0.126908,8.734077192559303,8.734077192559303,2657,0.4278582930756844,4211,1,1
DB00400,Griseofulvin,352,352,1,4.970948863636364,3.33333,30.0,5.258966178559911,1.0029056590909091,1.41162,0.013011360965909092,0.00666667,0.12,5.8664680569332965,5.8664680569332965,211,0.5994318181818182,297,1,1
DB00401,Nisoldipine,1062,1062,1,3.577523838983051,2.094295,40.0,3.880090912073429,0.8550393540489641,1.4137,0.0051300747645951035,0.00265957,0.0837766,6.968850378341948,6.968850378341948,538,0.5065913370998116,877,1,1
DB00402,Eszopiclone,2927,2927,1,1.9167366511786812,0.909091,116.667,3.838641312898484,0.7142226604031432,1.41418,0.0011237704679877007,0.000154859,0.28494,7.982074875081202,7.982074875081202,629,0.21489579774513154,1307,1,1
DB00404,Alprazolam,7371,7371,1,1.96577445991046,1.23203,40.0,2.590825428453002,0.591674055962556,1.41421,0.0006802336811558811,6.01612e-05,0.0693358,8.905444318789714,8.905444318789714,1644,0.22303622303622303,4755,1,1
DB00405,Dexbrompheniramine,785,785,1,3.311120763057325,2.0,40.0,3.7008351471566563,0.9125431885350319,1.41347,0.005274034012738854,0.00191939,0.0614203,6.666956792429207,6.666956792429207,352,0.4484076433121019,614,1,1
DB00408,Loxapine,1019,1019,1,2.932074105986261,1.61616,80.0,4.235733261085178,0.8190946692836114,1.41385,0.004229656997055938,0.00189036,0.0500945,6.927557906278317,6.927557906278317,390,0.38272816486751715,690,1,1
DB00409,Remoxipride,6,6,1,8.888888333333334,10.0,10.0,2.7216566305867214,1.2659500000000001,1.31339,0.25,0.25,0.25,1.9459101490553132,1.9459101490553132,6,1.0,6,1,1
DB00410,Mupirocin,2004,2004,1,3.2585728258483035,1.7516500000000002,80.0,4.592772633688474,0.8068802934131737,1.41399,0.002977501387225549,0.0011409,0.0781517,7.60339933974067,7.60339933974067,871,0.4346307385229541,1535,1,1
DB00412,Rosiglitazone,3726,3726,1,1.4800971935050993,0.526316,95.0,3.9603149489128486,0.6272505366076221,1.41421,0.0006483185838432636,3.44116e-05,0.401549,8.223358899479258,8.223358899479258,555,0.14895330112721417,1114,1,1
DB00413,Pramipexole,3382,3382,1,2.6163554692489654,1.17647,132.273,5.48533010566524,0.7115559539325843,1.41418,0.0012523544904790064,0.000190967,0.103218,8.12651816878071,8.12651816878071,963,0.28474275576581903,1904,1,1
DB00414,Acetohexamide,8,8,1,9.0625,10.0,20.0,5.408648204203022,1.18127825,1.34784,0.2083335,0.166667,0.333333,2.1972245773362196,2.1972245773362196,8,1.0,8,1,1
DB00415,Ampicillin,2503,2503,1,3.6736254071114662,1.72414,100.0,5.528868581519755,0.8015439226528166,1.41406,0.0022459448821414304,0.000812018,0.0661795,7.825644732219989,7.825644732219989,1080,0.43148222133439873,1811,1,1
DB00418,Secobarbital,123,123,1,5.002257479674796,2.5,30.0,5.1099994670947355,1.0746992357723577,1.40725,0.027438989430894307,0.0178571,0.303571,4.820281565605037,4.820281565605037,75,0.6097560975609756,101,1,1
DB00419,Miglustat,411,411,1,6.05248702189781,3.33333,150.0,11.636684707470033,0.900905104622871,1.4132,0.010061844695863747,0.00520833,0.213542,6.021023349349527,6.021023349349527,244,0.5936739659367397,323,1,1
DB00420,Promazine,725,725,1,3.8668437186206894,1.81818,80.0,6.384835828358174,0.8413208262068965,1.41358,0.006113210248275862,0.00327332,0.109656,6.587550014824796,6.587550014824796,319,0.44,497,1,1
DB00421,Spironolactone,5852,5852,1,2.0526234730006836,1.120345,60.0,3.0502249350622055,0.6322956719924812,1.4142,0.0008367047395249487,9.48467e-05,0.0691432,8.67470962929122,8.67470962929122,1420,0.24265208475734792,3320,1,1
DB00422,Methylphenidate,4202,4202,1,2.303899672774869,1.11111,48.5507,3.428099870074034,0.6897683968110424,1.4142,0.0009181147780580676,0.000132579,0.176374,8.343553835005117,8.343553835005117,1183,0.28153260352213233,2272,1,1
DB00423,Methocarbamol,2622,2622,1,2.853785049580473,1.66667,40.0,3.3473358301918674,0.752222258962624,1.41411,0.0023758443241800155,0.000556948,0.0863269,7.872073979866873,7.872073979866873,1023,0.3901601830663616,1977,1,1
DB00424,Hyoscyamine,2299,2299,1,2.9173704549804262,1.66667,30.0,3.3574836484019563,0.7775473871683342,1.41406,0.0027946637720748153,0.000771903,0.118101,7.7406644019172415,7.7406644019172415,934,0.4062635928664637,1771,1,1
DB00425,Zolpidem,7402,7402,1,2.2109536491488786,1.332795,71.1321,3.0560342639225238,0.6049875192920832,1.41421,0.0006897871245744393,7.10454e-05,0.0639764,8.909640602443098,8.909640602443098,1979,0.26736017292623615,5124,1,1
DB00426,Famciclovir,1411,1411,1,3.2105052473423106,1.7931,60.0,4.48595064307103,0.8365371431608788,1.4139,0.0036018353635719346,0.0016116,0.069299,7.252762418053187,7.252762418053187,597,0.4231041814316088,1059,1,1
DB00427,Triprolidine,67,67,1,4.773059014925374,4.0,10.0,3.511748827090741,1.1090602985074627,1.39974,0.04643446567164179,0.037037,0.148148,4.219507705176107,4.219507705176107,42,0.6268656716417911,60,1,1
DB00428,Streptozocin,125,125,1,5.504820528,3.33333,20.0,4.55458784486476,1.09705044,1.40514,0.0336743984,0.0232558,0.209302,4.836281906951478,4.836281906951478,87,0.696,115,1,1
DB00431,Lindane,224,224,1,6.015445901785715,4.40092,45.0,5.947437786819034,1.0649833348214286,1.41057,0.01827436924107143,0.00934579,0.149533,5.41610040220442,5.41610040220442,157,0.7008928571428571,207,1,1
DB00432,Trifluridine,172,172,1,6.315174959302325,5.0,30.0,5.382393475006722,1.0697006744186046,1.40848,0.025820805232558138,0.0147059,0.147059,5.153291594497779,5.153291594497779,129,0.75,156,1,1
DB00433,Prochlorperazine,4445,4445,1,2.483210559505062,1.42857,60.0,3.349495190704282,0.6710265078740157,1.41418,0.0013956099509561306,0.000247852,0.143258,8.399760094524142,8.399760094524142,1434,0.32260967379077615,3046,1,1
DB00434,Cyproheptadine,1464,1464,1,2.9879218135245904,1.66667,40.0,3.6126106820604154,0.8336492322404371,1.41389,0.003427374673497268,0.0016835,0.0589226,7.289610521451167,7.289610521451167,583,0.398224043715847,1058,1,1
DB00435,Nitric Oxide,296,296,1,6.4556625540540535,2.5,230.0,15.404455385585571,0.96831075,1.41268,0.010653860101351352,0.00393701,0.0944882,5.6937321388027,5.6937321388027,167,0.5641891891891891,234,1,1
DB00436,Bendroflumethiazide,2378,2378,1,2.399740664844407,1.17647,60.0,4.2826533888885505,0.704912359587889,1.41416,0.0015612783620689654,0.000438597,0.0586257,7.774435510302958,7.774435510302958,700,0.2943650126156434,1323,1,1
DB00438,Ceftazidime,2309,2309,1,3.137201786054569,1.70843,80.0,4.214933868700741,0.7875482980944132,1.41408,0.002295454438284972,0.000678426,0.104817,7.745002803515839,7.745002803515839,977,0.4231268947596362,1710,1,1
DB00439,Cerivastatin,720,720,1,5.361532108333333,3.33333,40.0,4.912147199263893,0.9294605375,1.41261,0.013105855527777778,0.00823045,0.176955,6.580639137284949,6.580639137284949,523,0.7263888888888889,665,1,1
DB00440,Trimethoprim,5078,5078,1,2.1414950510043322,1.14744,70.0,3.3798036215528544,0.6605172034856243,1.41419,0.0010120313381252462,0.000179555,0.0788844,8.532869670801245,8.532869670801245,1320,0.2599448601811737,2844,1,1
DB00441,Gemcitabine,3829,3829,1,2.690975253852181,1.44509,90.0,4.2425654175145855,0.6777685507704362,1.41419,0.0010726190065813528,0.000177641,0.0645429,8.250620082174692,8.250620082174692,1333,0.3481326717158527,2527,1,1
DB00442,Entecavir,1296,1296,1,2.9245731319444443,1.25,70.0,5.255758164923065,0.8137585125771605,1.41407,0.0019087653665123456,0.000714031,0.046055,7.167809184316444,7.167809184316444,425,0.3279320987654321,738,1,1
DB00443,Betamethasone,3834,3834,1,3.2756644113197706,1.66667,90.0,5.062355911425479,0.739321246035472,1.41416,0.0012449820393844548,0.000272851,0.0476126,8.251924713801357,8.251924713801357,1534,0.4001043296817945,2712,1,1
DB00444,Teniposide,177,177,1,4.473265593220339,2.5,33.3333,5.0895296979299305,0.9578141016949152,1.41198,0.012793051638418079,0.00574713,0.0862069,5.181783550292085,5.181783550292085,96,0.5423728813559322,133,1,1
DB00445,Epirubicin,2358,2358,1,2.658002654792197,1.11111,110.0,5.5267415013748895,0.7183245644189992,1.41416,0.0013658452052586938,0.000283447,0.0746882,7.765993079407675,7.765993079407675,666,0.2824427480916031,1288,1,1
DB00446,Chloramphenicol,833,833,1,4.3310556158463385,1.66667,200.0,9.060831064194664,0.9152701464585834,1.41359,0.004491187226890756,0.00160772,0.0546624,6.726233402358747,6.726233402358747,367,0.44057623049219685,571,1,1
DB00447,Loracarbef,157,157,1,6.072416063694267,5.0,50.0,5.985181241642332,1.1190953184713377,1.40772,0.02377920955414013,0.0166667,0.133333,5.062595033026967,5.062595033026967,119,0.7579617834394905,145,1,1
DB00448,Lansoprazole,7172,7172,1,2.102944895147797,1.25,80.0,3.241014119543843,0.5995662403234802,1.41421,0.0006858045660206359,8.17778e-05,0.0650952,8.878079256126435,8.878079256126435,1704,0.23759063022866703,4659,1,1
DB00449,Dipivefrin,80,80,1,6.151784275,5.0,30.0,4.4522404125527615,1.1452006750000001,1.40161,0.04233872875,0.0322581,0.129032,4.394449154672439,4.394449154672439,65,0.8125,75,1,1
DB00450,Droperidol,1083,1083,1,4.310119219759926,2.09302,90.0,6.897520500125878,0.8662933010156971,1.41364,0.00514385784856879,0.00294985,0.0899705,6.988413181999592,6.988413181999592,543,0.5013850415512465,825,1,1
DB00451,Levothyroxine,9387,9387,1,1.8656762377756473,1.11628,110.0,3.180491134689841,0.5471900703952275,1.41421,0.0004765159156141472,3.58456e-05,0.0651674,9.147187556970914,9.147187556970914,1748,0.18621497816128688,5572,1,1
DB00452,Framycetin,31,31,1,10.397361677419356,10.0,60.0,11.834241703412932,1.1106005483870969,1.38969,0.11895161290322581,0.0625,0.4375,3.4657359027997265,3.4657359027997265,26,0.8387096774193549,29,1,1
DB00454,Meperidine,2910,2910,1,3.750513476975945,2.057385,70.0,4.9633573630600605,0.7594272476632302,1.4141,0.002227745141580756,0.000565931,0.108376,7.976251943745623,7.976251943745623,1464,0.5030927835051546,2380,1,1
DB00455,Loratadine,5002,5002,1,2.039000261295482,1.17647,70.0,3.02021272396755,0.6684062321871251,1.4142,0.000757278218372651,0.000115772,0.150581,8.517793011488205,8.517793011488205,1233,0.24650139944022392,2925,1,1
DB00457,Prazosin,1698,1698,1,3.030933879269729,1.476035,60.0,4.401872237936127,0.8133980901060072,1.414,0.002527900347467609,0.00109709,0.0526605,7.4377951216719325,7.4377951216719325,618,0.36395759717314485,1157,1,1
DB00458,Imipramine,2210,2210,1,3.301375469230769,1.81818,50.0,4.166417076201397,0.7768218883710407,1.41407,0.0025340047013574663,0.000754432,0.0577141,7.701200180857446,7.701200180857446,980,0.4434389140271493,1760,1,1
DB00459,Acitretin,1395,1395,1,4.268975243727599,1.94444,135.0,7.894326192607887,0.8409156480286738,1.414,0.002420906688172043,0.00108225,0.0849567,7.241366283322318,7.241366283322318,644,0.46164874551971324,1008,1,1
DB00460,Verteporfin,579,579,1,6.25230829015544,2.0,200.0,15.626139916362082,0.8905330583765112,1.41376,0.005155390500863558,0.00231214,0.301734,6.363028103540465,6.363028103540465,282,0.48704663212435234,394,1,1
DB00461,Nabumetone,2600,2600,1,2.8397739111538463,1.66667,40.0,3.313639403725903,0.7597283341153845,1.41411,0.002128838144615385,0.000542299,0.0816161,7.8636512654486515,7.8636512654486515,1026,0.3946153846153846,1994,1,1
DB00464,Sodium tetradecyl sulfate,88,88,1,5.619114943181819,3.80952,20.0,4.990275226324777,1.0861780795454545,1.40699,0.027567325,0.0185185,0.12963,4.48863636973214,4.48863636973214,56,0.6363636363636364,77,1,1
DB00465,Ketorolac,3014,3014,1,3.5087458769077635,2.0,160.0,5.101312772394954,0.7495085255474453,1.41412,0.002105227163238222,0.000485791,0.118047,8.011355109161286,8.011355109161286,1438,0.47710683477106836,2402,1,1
DB00467,Enoxacin,69,69,1,6.421838579710145,5.0,20.0,4.171274500715549,1.1795529130434783,1.39115,0.06990619565217392,0.0588235,0.235294,4.248495242049359,4.248495242049359,61,0.8840579710144928,67,1,1
DB00468,Quinine,2623,2623,1,2.7940569778879145,1.42857,80.0,4.398620515085705,0.7355043187571483,1.41412,0.0020326002249332824,0.000455685,0.0583276,7.8724551500639794,7.8724551500639794,900,0.3431185665268776,1800,1,1
DB00469,Tenoxicam,290,290,1,4.6535282379310345,3.33333,50.0,4.875183993310208,1.0154373206896552,1.4112,0.014701958206896551,0.00775194,0.0775194,5.673323267171493,5.673323267171493,186,0.6413793103448275,255,1,1
DB00470,Dronabinol,1789,1789,1,3.4053647825600892,1.89394,40.0,4.082953770075082,0.8091054380100615,1.41398,0.003227770171045277,0.00118694,0.119288,7.489970898834801,7.489970898834801,829,0.46338736724427054,1399,1,1
DB00471,Montelukast,5624,5624,1,2.0661969171408248,1.11111,70.0,3.252437135139679,0.6368746149004267,1.4142,0.0007811160828413941,8.54774e-05,0.0882981,8.63497622707262,8.63497622707262,1326,0.23577524893314367,3184,1,1
DB00474,Methohexital,106,106,1,5.2477264433962265,2.5,50.0,7.407756140481709,1.0345792830188678,1.41024,0.01944553113207547,0.0102041,0.255102,4.672828834461906,4.672828834461906,60,0.5660377358490566,85,1,1
DB00475,Chlordiazepoxide,2215,2215,1,2.9259197959367946,1.66667,30.0,3.3788157775240286,0.7728685176072235,1.41407,0.0026756220663656884,0.000761615,0.0799695,7.703459047867175,7.703459047867175,886,0.4,1724,1,1
DB00476,Duloxetine,6291,6291,1,1.9590546394849786,1.23657,30.0,2.5255932828897305,0.6281700773326975,1.41421,0.0007233068020823398,6.18991e-05,0.0861222,8.747034264178168,8.747034264178168,1490,0.23684628834843427,3829,1,1
DB00477,Chlorpromazine,2585,2585,1,3.147918903288201,1.56627,100.0,4.794592314396,0.7557794099419729,1.41412,0.0020472332061895553,0.000470367,0.0978363,7.857867559331803,7.857867559331803,978,0.37833655705996133,1799,1,1
DB00478,Rimantadine,217,217,1,4.540974391705069,3.33333,20.0,3.9691640787902642,1.0652070875576036,1.40848,0.021753879262672807,0.0147059,0.117647,5.384495062789089,5.384495062789089,133,0.6129032258064516,186,1,1
DB00479,Amikacin,1913,1913,1,2.8884691076842652,1.61616,45.0,3.8186523951415596,0.7883593397281756,1.41406,0.002423078429691584,0.000770119,0.0862534,7.5569505720129,7.5569505720129,725,0.3789858860428646,1316,1,1
DB00480,Lenalidomide,5670,5670,1,1.624319231393298,0.769231,200.0,4.475751646678087,0.6189864465784832,1.41421,0.0005248894307936508,4.62428e-05,0.0908054,8.643120748014027,8.643120748014027,904,0.15943562610229278,2116,1,1
DB00481,Raloxifene,3293,3293,1,2.838806772851503,1.53846,61.4286,4.038246830180466,0.7289371250227755,1.41417,0.0012976965845733375,0.000248355,0.0597293,8.099857910737585,8.099857910737585,1238,0.3759489826905557,2264,1,1
DB00482,Celecoxib,6368,6368,1,1.9187505486809047,1.17647,50.0,2.633240600444727,0.6257866424623115,1.41421,0.0006142993095320351,5.76092e-05,0.117561,8.759197750371365,8.759197750371365,1437,0.22565954773869346,3722,1,1
DB00484,Brimonidine,2340,2340,1,2.5734497333333333,1.14754,127.5,4.872042966830568,0.7480456988888889,1.41414,0.0016827700632478632,0.000361272,0.101337,7.75833346749091,7.75833346749091,729,0.31153846153846154,1277,1,1
DB00485,Dicloxacillin,674,674,1,4.392692881305638,2.5,50.0,4.774950186287099,0.9697928560830861,1.41269,0.008884693620178042,0.00390625,0.0820312,6.51471269087253,6.51471269087253,391,0.5801186943620178,569,1,1
DB00486,Nabilone,399,399,1,4.1361242130325815,2.5,50.0,4.890112291592093,0.9468533834586466,1.41224,0.012811215939849624,0.00507614,0.121827,5.991464547107982,5.991464547107982,218,0.5463659147869674,331,1,1
DB00487,Pefloxacin,49,49,1,5.87051212244898,5.0,10.0,3.5042868394245272,1.1899327551020409,1.39115,0.06482589795918367,0.0588235,0.117647,3.912023005428146,3.912023005428146,42,0.8571428571428571,47,1,1
DB00488,Altretamine,63,63,1,6.964096190476191,5.0,20.0,4.788812419896293,1.1508579841269841,1.3784,0.11544007936507937,0.0909091,0.363636,4.1588830833596715,4.1588830833596715,55,0.873015873015873,63,1,1
DB00489,Sotalol,2857,2857,1,2.6151634991249564,1.34615,50.0,3.6509465055523833,0.7333426983199159,1.41415,0.0015508734161708087,0.00031506,0.0861689,7.957877358489813,7.957877358489813,933,0.3265663283164158,1825,1,1
DB00490,Buspirone,3228,3228,1,2.4928510071251546,1.42857,50.0,3.080036628306257,0.7231149446096654,1.41416,0.0016277702050805452,0.000277624,0.0756524,8.079927770758275,8.079927770758275,1042,0.3228004956629492,2279,1,1
DB00491,Miglitol,865,865,1,2.8024390485549135,1.42857,50.0,4.07942082627826,0.8492849641618497,1.41385,0.003538726721387283,0.00184843,0.0748614,6.763884908562435,6.763884908562435,314,0.3630057803468208,541,1,1
DB00492,Fosinopril,2633,2633,1,2.7892742487656665,1.66667,50.0,3.374497825840527,0.7562655540068363,1.41412,0.0020043833125712117,0.000504159,0.0622637,7.876258882303226,7.876258882303226,1011,0.3839726547664261,2012,1,1
DB00493,Cefotaxime,1772,1772,1,3.2827244887133182,1.66667,120.0,5.284815224921614,0.8122384636004515,1.41401,0.0026906641196388264,0.00105042,0.103466,7.480428306074208,7.480428306074208,723,0.40801354401805867,1221,1,1
DB00494,Entacapone,1433,1433,1,3.236182513607816,1.76471,60.0,4.273727135085028,0.7748300812281926,1.41404,0.0030443671891137473,0.000895255,0.0801253,7.2682230211595655,7.2682230211595655,608,0.424284717376134,1054,1,1
DB00495,Zidovudine,3227,3227,1,3.335779588472265,1.42857,140.0,6.245849960514317,0.6648580628137588,1.41418,0.0012444283066315464,0.000264317,0.178502,8.07961802938984,8.07961802938984,1143,0.35419894638983573,2030,1,1
DB00496,Darifenacin,1522,1522,1,2.5298168488830486,1.25,30.0,3.4040787172391482,0.7989689747700394,1.41408,0.002095233818002628,0.000670017,0.19129,7.328437352895162,7.328437352895162,473,0.3107752956636005,894,1,1
DB00497,Oxycodone,7024,7024,1,1.9426324709567198,1.17647,47.1875,2.6525344311446886,0.5939088651907745,1.41421,0.0006567794966970388,6.05813e-05,0.0731822,8.857230494201946,8.857230494201946,1623,0.23106492027334852,4134,1,1
DB00498,Phenindione,26,26,1,13.973747307692308,8.333335,70.0,18.325591654182965,1.0384542307692308,1.38804,0.1743589923076923,0.0666667,0.466667,3.295836866004329,3.295836866004329,23,0.8846153846153846,26,1,1
DB00499,Flutamide,868,868,1,4.060702747695853,2.4,115.0,6.09528703465492,0.8854215668202765,1.41357,0.005248546785714285,0.00332779,0.093178,6.767343125265392,6.767343125265392,460,0.5299539170506913,670,1,1
DB00500,Tolmetin,148,148,1,4.191607918918919,2.5,20.0,4.201764317132689,1.0124681891891891,1.40928,0.022066360135135132,0.0126582,0.164557,5.003946305945459,5.003946305945459,83,0.5608108108108109,120,1,1
DB00501,Cimetidine,2836,2836,1,3.22244822461213,1.81818,55.0,4.0406840276481,0.748916224506347,1.41412,0.002120117805712271,0.000496278,0.0811414,7.950502434808851,7.950502434808851,1251,0.44111424541607896,2248,1,1
DB00502,Haloperidol,4123,4123,1,2.336138046325491,1.25,90.0,3.794126418712711,0.6693298115207373,1.41419,0.0011570722066941547,0.000189946,0.074332,8.32457884513685,8.32457884513685,1217,0.295173417414504,2561,1,1
DB00503,Ritonavir,4018,4018,1,3.5926459041811847,1.25,260.0,9.781275903920141,0.6294961346441016,1.4142,0.0009145605238427078,0.000189484,0.062198,8.2987883944492,8.2987883944492,1257,0.3128422100547536,2410,1,1
DB00507,Nitazoxanide,234,234,1,4.656739487179487,3.33333,20.0,3.6352522611023663,1.0412458333333332,1.41024,0.018576675641025643,0.0102041,0.173469,5.459585514144159,5.459585514144159,160,0.6837606837606838,211,1,1
DB00511,Acetyldigitoxin,1,1,1,0.588235,0.588235,0.588235,,0.885338,0.885338,0.25,0.25,0.25,0.6931471805599453,0.6931471805599453,0,0.0,0,1,1
DB00512,Vancomycin,4667,4667,1,2.497319184272552,1.34021,165.0,4.515172097443571,0.6737639070066423,1.41419,0.0011054412675808871,0.000190379,0.0863688,8.448485993406447,8.448485993406447,1500,0.3214056138847225,3001,1,1
DB00514,Dextromethorphan,2218,2218,1,2.3900812200180344,1.25,70.0,3.546603123392373,0.7699662573940487,1.41412,0.0018576875969341748,0.000486263,0.121323,7.704811922932594,7.704811922932594,667,0.3007213706041479,1332,1,1
DB00515,Cisplatin,4083,4083,1,2.5114882407543475,1.21087,90.0,4.853705852238683,0.6509765880969874,1.4142,0.0009529650317903503,0.000127437,0.0989763,8.314832179284556,8.314832179284556,1185,0.29022777369581193,2329,1,1
DB00518,Albendazole,735,735,1,4.3577745074829926,2.21557,95.0,6.589044078771492,0.862367375510204,1.41365,0.00609681893877551,0.00289855,0.14058,6.601230118728877,6.601230118728877,379,0.5156462585034014,551,1,1
DB00519,Trandolapril,2127,2127,1,2.8843981852374236,1.66667,40.0,3.574401277788684,0.7896379628584861,1.41408,0.0021474760286788906,0.000699545,0.0517664,7.662937850461535,7.662937850461535,812,0.381758345086977,1570,1,1
DB00520,Caspofungin,1527,1527,1,3.015191139489194,1.5,205.0,6.530361115271546,0.7829432410609036,1.41405,0.002697273801571709,0.000842105,0.138947,7.331714969726466,7.331714969726466,582,0.381139489194499,1023,1,1
DB00521,Carteolol,583,583,1,3.8712456466552316,2.0,30.0,4.6534292793341585,0.9400269777015436,1.41303,0.006777895934819897,0.0030303,0.0606061,6.369900982828227,6.369900982828227,282,0.483704974271012,410,1,1
DB00523,Alitretinoin,24,24,1,7.040403333333334,5.5,30.0,6.079376295601287,1.1613437500000001,1.39115,0.078431375,0.0588235,0.235294,3.2188758248682006,3.2188758248682006,18,0.75,23,1,1
DB00524,Metolazone,2409,2409,1,2.9919344288086345,1.66667,50.0,4.006208473581535,0.7364408305520963,1.4141,0.0028201639676214197,0.000581734,0.104712,7.787382026484701,7.787382026484701,972,0.40348692403486924,1819,1,1
DB00525,Tolnaftate,262,262,1,4.361834797709924,2.0,45.0,6.4585658997743804,1.011085396946565,1.41301,0.007029065877862595,0.00310559,0.267081,5.572154032177765,5.572154032177765,125,0.4770992366412214,186,1,1
DB00526,Oxaliplatin,3243,3243,1,2.3821858146777677,1.2013,80.0,4.362625794103231,0.6350917471168671,1.41419,0.0011194421182238667,0.000154903,0.116229,8.084562415235304,8.084562415235304,858,0.2645698427382054,1889,1,1
DB00528,Lercanidipine,2274,2274,1,2.6742209692172385,1.36364,80.0,3.989165127015368,0.7739146596745823,1.41412,0.0017635439740545293,0.000490437,0.0654733,7.729735331385051,7.729735331385051,776,0.3412489006156552,1422,1,1
DB00529,Foscarnet,864,864,1,3.9394055682870373,2.0,60.0,5.618742243429535,0.8414032951388889,1.41368,0.005886649791666666,0.00273224,0.0942623,6.762729506931879,6.762729506931879,419,0.4849537037037037,654,1,1
DB00530,Erlotinib,3112,3112,1,2.3970234733290487,1.033115,65.4545,4.400552595238937,0.6751023558483291,1.4142,0.0008755502643958869,0.000122459,0.470528,8.043342170441608,8.043342170441608,898,0.288560411311054,1571,1,1
DB00531,Cyclophosphamide,5974,5974,1,1.783695417977904,0.8507895000000001,110.0,3.687481402284201,0.5835554701372615,1.41421,0.0006258250795112153,8.4886e-05,0.0771614,8.695339376799712,8.695339376799712,1017,0.17023769668563776,2444,1,1
DB00532,Mephenytoin,18,18,1,6.581145055555556,5.0,20.0,6.125150255797048,1.110472111111111,1.39244,0.07716048888888888,0.0555556,0.222222,2.9444389791664403,2.9444389791664403,11,0.6111111111111112,14,1,1
DB00533,Rofecoxib,5392,5392,1,4.338236651335312,1.92308,210.0,8.321911403907418,0.6193720410793768,1.4142,0.0011801353838835312,9.45761e-05,0.408734,8.592857095337227,8.592857095337227,2550,0.4729228486646884,3756,1,1
DB00535,Cefdinir,1915,1915,1,3.7658474407310703,2.05882,60.0,4.54696594234732,0.8162180103394255,1.41405,0.002533389925848564,0.000848896,0.0959253,7.557994958530806,7.557994958530806,962,0.5023498694516971,1522,1,1
DB00536,Guanidine,12,12,1,6.466269166666667,7.5,10.0,3.787075470276764,1.1894731666666667,1.37032,0.12037025,0.111111,0.222222,2.5649493574615367,2.5649493574615367,10,0.8333333333333334,12,1,1
DB00537,Ciprofloxacin,6153,6153,1,2.5662743850154395,1.5,50.0,3.457785498856172,0.6311543337721437,1.4142,0.0008781427470177149,0.000137287,0.0590335,8.724857555881988,8.724857555881988,2113,0.34340971883633997,4382,1,1
DB00538,Gadoversetamide,806,806,1,6.859401339950373,4.0,80.0,8.138527486790652,0.861919705459057,1.41374,0.011283039267990073,0.00244499,0.826406,6.693323668269949,6.693323668269949,544,0.674937965260546,676,1,1
DB00539,Toremifene,474,474,1,5.563891928270043,3.33333,70.0,7.234860694744957,0.9493012341772152,1.41291,0.008587481434599156,0.0033557,0.057047,6.163314804034641,6.163314804034641,284,0.5991561181434599,401,1,1
DB00540,Nortriptyline,3081,3081,1,2.6899621220382994,1.5,40.0,3.3429594942070575,0.7323848760467381,1.41415,0.0017504025040571242,0.000352299,0.0662322,8.033334015880062,8.033334015880062,1079,0.350210970464135,2275,1,1
DB00541,Vincristine,4229,4229,1,2.1774423494916055,1.10169,110.0,4.192242417187405,0.6019875044691417,1.4142,0.0009440311369827382,0.000175824,0.0969231,8.349957272040324,8.349957272040324,1010,0.23882714589737528,2278,1,1
DB00542,Benazepril,4032,4032,1,2.3063196850198415,1.38981,40.0,2.79081728980444,0.691713762921627,1.41418,0.0011846211750992065,0.000235128,0.0694412,8.302265794873367,8.302265794873367,1177,0.29191468253968256,2797,1,1
DB00543,Amoxapine,815,815,1,3.8672554233128835,2.5,30.0,4.440717582685912,0.8957009803680982,1.41344,0.006393538147239264,0.00198807,0.101392,6.704414354964107,6.704414354964107,424,0.5202453987730061,623,1,1
DB00544,Fluorouracil,4262,4262,1,2.043257236743313,1.0,90.0,4.022479034098749,0.6248908050445799,1.4142,0.0008207219456593148,0.00011064,0.090946,8.35772841676521,8.35772841676521,913,0.21421867667761615,2089,1,1
DB00545,Pyridostigmine,1389,1389,1,3.4827226609071276,1.66667,367.5,10.709474722687103,0.8467210295176386,1.41389,0.003272142028797696,0.00165153,0.121387,7.237059026124737,7.237059026124737,562,0.40460763138948885,959,1,1
DB00547,Desoximetasone,574,574,1,4.477514519163764,2.5,50.0,5.07292065013092,0.9721834303135888,1.41269,0.008554282491289198,0.00390625,0.0976562,6.354370040797351,6.354370040797351,324,0.5644599303135889,469,1,1
DB00549,Zafirlukast,1372,1372,1,3.05174475,1.7267100000000002,20.0,3.3747492071430587,0.8435398044460641,1.4139,0.0035667756443148687,0.00163666,0.121931,7.224753405767971,7.224753405767971,570,0.41545189504373176,1050,1,1
DB00550,Propylthiouracil,967,967,1,5.717209981385729,2.5,190.0,12.615243554760687,0.866395,1.41368,0.005410926504653568,0.00276625,0.0774551,6.875232087276577,6.875232087276577,535,0.5532574974146846,744,1,1
DB00552,Pentostatin,647,647,1,3.9839159428129824,2.4375,50.0,4.844498352176474,0.8659484389489954,1.41354,0.006644192565687789,0.00345423,0.1019,6.473890696352274,6.473890696352274,348,0.5378670788253478,501,1,1
DB00553,Methoxsalen,240,240,1,5.8530065,4.0,30.0,4.868990593321123,1.0917637375,1.40928,0.019831213333333333,0.0126582,0.0886076,5.484796933490655,5.484796933490655,183,0.7625,224,1,1
DB00554,Piroxicam,2327,2327,1,3.276887266867211,1.76471,40.0,3.9075440530904886,0.7923492344220027,1.41408,0.002116247754619682,0.000702247,0.0523174,7.752764808851328,7.752764808851328,1013,0.4353244520842286,1784,1,1
DB00555,Lamotrigine,5697,5697,1,2.4378757965595925,1.16935,180.0,5.18537852498218,0.6221860652273126,1.4142,0.0006927017972266105,9.01002e-05,0.10562,8.647870515057853,8.647870515057853,1603,0.2813761628927506,3231,1,1
DB00556,Perflutren,326,326,1,2.831445680981595,1.44009,49.3296,4.697859391438208,0.7817529696319019,1.41398,0.006033882941717791,0.00119832,0.529059,5.7899601708972535,5.7899601708972535,122,0.37423312883435583,186,1,1
DB00557,Hydroxyzine,5013,5013,1,2.521618946140036,1.40299,200.0,4.434070297826566,0.6756939329144225,1.41419,0.0010345230303211651,0.000188834,0.0546359,8.519989278718239,8.519989278718239,1531,0.3054059445441851,3464,1,1
DB00558,Zanamivir,733,733,1,3.3466400341064118,1.26316,246.0,10.19005692015744,0.7938821586630287,1.41403,0.0033174621855388813,0.000951928,0.188006,6.598509028614515,6.598509028614515,249,0.339699863574352,417,1,1
DB00559,Bosentan,3648,3648,1,2.8173286779057016,1.18644,70.0,4.900925733451923,0.6931058149945175,1.4142,0.0008331740924890351,0.000113272,0.296621,8.202208436436448,8.202208436436448,1196,0.32785087719298245,1989,1,1
DB00560,Tigecycline,898,898,1,3.882500698218263,1.695245,90.0,6.784828501249257,0.8405837855233853,1.41393,0.0033027207438752785,0.00145349,0.0944767,6.80128303447162,6.80128303447162,385,0.4287305122494432,621,1,1
DB00561,Doxapram,56,56,1,9.290284642857143,5.0,80.0,11.72426042797629,1.1057246607142857,1.40446,0.044196428571428574,0.025,0.2,4.04305126783455,4.04305126783455,47,0.8392857142857143,53,1,1
DB00562,Benzthiazide,36,36,1,5.356811916666667,3.33333,20.0,4.388484906873809,1.1312413333333333,1.39463,0.05972222222222222,0.05,0.1,3.6109179126442243,3.6109179126442243,25,0.6944444444444444,32,1,1
DB00563,Methotrexate,8311,8311,1,2.6137471063650586,1.53605,126.667,4.245204618078807,0.5704770706894478,1.41421,0.000443263080214174,4.59829e-05,0.074989,9.025455532779063,9.025455532779063,2857,0.34376128023101915,6122,1,1
DB00564,Carbamazepine,5867,5867,1,3.0274790882904377,1.57658,70.0,4.5612442213876525,0.6626501916311573,1.4142,0.0008319929499403443,0.000116369,0.103724,8.677269139262872,8.677269139262872,2261,0.3853758309186978,4228,1,1
DB00565,Cisatracurium,995,995,1,3.392013302512563,1.66667,90.0,5.34137889865069,0.8126855234170854,1.41388,0.0042136426231155774,0.00172712,0.130397,6.903747257584598,6.903747257584598,408,0.4100502512562814,687,1,1
DB00567,Cephalexin,4058,4058,1,3.5266970372104485,2.18964,70.0,4.237447593434833,0.716255956875308,1.41416,0.001839703148841794,0.000428388,0.101242,8.308691916838898,8.308691916838898,2120,0.5224248398225727,3373,1,1
DB00568,Cinnarizine,480,480,1,3.68436045625,2.0,50.0,5.583260744762174,0.8946031333333333,1.41295,0.008928571770833334,0.00324675,0.11039,6.175867270105761,6.175867270105761,219,0.45625,354,1,1
DB00569,Fondaparinux,2227,2227,1,3.299642784014369,1.42857,260.0,7.43785492275552,0.7615869833408172,1.41415,0.0015842248850471486,0.000343348,0.0839485,7.708859601047175,7.708859601047175,821,0.3686573866187696,1355,1,1
DB00570,Vinblastine,1319,1319,1,3.019350789992419,1.42857,60.0,4.85693184551637,0.8100709885519334,1.41398,0.0028878261895375285,0.00118977,0.0779298,7.1853870155804165,7.1853870155804165,475,0.3601213040181956,846,1,1
DB00571,Propranolol,4892,4892,1,2.4793476573998365,1.36364,80.0,3.635090465670782,0.6785136028822567,1.41419,0.000992552072567457,0.000173461,0.0588609,8.495560891289124,8.495560891289124,1485,0.303556827473426,3325,1,1
DB00572,Atropine,2440,2440,1,2.950912804918033,1.595455,70.0,4.467506492090968,0.773938455,1.41408,0.00219690585,0.000661376,0.0598545,7.80016307039296,7.80016307039296,917,0.37581967213114753,1710,1,1
DB00573,Fenoprofen,125,125,1,4.567227775999999,2.5,20.0,4.748551503855056,1.080688024,1.40554,0.030933307200000003,0.0222222,0.244444,4.836281906951478,4.836281906951478,71,0.568,102,1,1
DB00574,Fenfluramine,103,103,1,4.980904728155339,3.33333,20.0,3.9244391645192214,1.1188786504854369,1.40657,0.02569956796116505,0.0196078,0.0784314,4.6443908991413725,4.6443908991413725,69,0.6699029126213593,91,1,1
DB00575,Clonidine,5026,5026,1,2.385547999005173,1.35135,40.0,3.1924542520570136,0.6656393188420215,1.41419,0.0010256699719458813,0.000158504,0.0668357,8.522578663692576,8.522578663692576,1492,0.29685634699562274,3449,1,1
DB00576,Sulfamethizole,61,61,1,6.001694426229508,4.0,30.0,5.281787496718277,1.1170352622950819,1.39642,0.06110281967213115,0.0454545,0.181818,4.127134385045092,4.127134385045092,49,0.8032786885245902,56,1,1
DB00578,Carbenicillin,28,28,1,7.217429142857143,5.0,20.0,6.064117238557375,1.0945913214285714,1.39244,0.07936505714285715,0.0555556,0.111111,3.367295829986474,3.367295829986474,23,0.8214285714285714,27,1,1
DB00579,Mazindol,86,86,1,7.563119918604651,4.142855,40.0,8.27325419003165,1.0832268488372094,1.40238,0.04827341627906977,0.030303,0.121212,4.465908118654584,4.465908118654584,66,0.7674418604651163,81,1,1
DB00580,Valdecoxib,3128,3128,1,2.4395018030690534,1.28215,62.5877,3.592450567527785,0.7011140897378516,1.41418,0.0011981403831202047,0.000237567,0.285556,8.048468743668883,8.048468743668883,985,0.3148976982097187,1887,1,1
DB00581,Lactulose,3998,3998,1,2.296103159829915,1.236005,100.0,3.671317416181744,0.7048398571285643,1.41417,0.0012598610300150075,0.000304321,0.056198,8.293799608846818,8.293799608846818,1102,0.2756378189094547,2380,1,1
DB00582,Voriconazole,2782,2782,1,3.1360207397555713,1.42857,370.0,9.40554517226619,0.7251512909058232,1.41416,0.001443334797627606,0.000274236,0.0641711,7.931284761525891,7.931284761525891,1016,0.36520488856937455,1791,1,1
DB00583,Levocarnitine,822,822,1,3.392548796836983,1.66667,70.0,4.671423548111175,0.9093039379562045,1.41349,0.005020232907542579,0.0018622,0.0837989,6.71295620067707,6.71295620067707,343,0.4172749391727494,577,1,1
DB00584,Enalapril,5823,5823,1,2.282086547999313,1.25,110.0,3.5397115403548725,0.6498602865361497,1.4142,0.0007945529583032802,0.000109681,0.0519523,8.669742589876522,8.669742589876522,1578,0.270994332818135,3793,1,1
DB00585,Nizatidine,1686,1686,1,3.3765086376037963,2.0,30.0,3.7153818097437803,0.8351274056939502,1.41391,0.003405404629300119,0.00154321,0.0555556,7.430707082545968,7.430707082545968,792,0.4697508896797153,1342,1,1
DB00586,Diclofenac,6199,6199,1,2.772575107598,1.42857,155.0,4.6765264654912295,0.6469954599774157,1.4142,0.0007325795735118567,9.77358e-05,0.0488353,8.732304571033183,8.732304571033183,2084,0.33618325536376836,4324,1,1
DB00589,Lisuride,35,35,1,5.909523428571429,5.0,10.0,2.9694368795931494,1.1612886571428571,1.37032,0.1238094,0.111111,0.222222,3.58351893845611,3.58351893845611,33,0.9428571428571428,35,1,1
DB00590,Doxazosin,3904,3904,1,2.2454402868852457,1.2034099999999999,100.0,3.6465552216998307,0.687378623744877,1.41418,0.0010641610911885245,0.00023454,0.0497225,8.270013062273787,8.270013062273787,1037,0.265625,2336,1,1
DB00592,Piperazine,35,35,1,5.843320514285715,3.33333,25.0,6.135988898197834,1.0741813714285715,1.39463,0.07428571428571429,0.05,0.25,3.58351893845611,3.58351893845611,22,0.6285714285714286,32,1,1
DB00593,Ethosuximide,605,605,1,5.159187872727272,2.0,130.0,10.704100821323692,0.9103210776859504,1.41344,0.006332251652892563,0.00198807,0.161034,6.406879986069314,6.406879986069314,295,0.48760330578512395,438,1,1
DB00594,Amiloride,2113,2113,1,2.839745257453857,1.42857,90.0,4.2344086395907965,0.7964733696166587,1.41407,0.0021860903237103644,0.000747384,0.0717489,7.656337166430183,7.656337166430183,753,0.35636535731187885,1413,1,1
DB00595,Oxytetracycline,512,512,1,3.52433772265625,1.66667,70.0,5.4244235379324355,0.901494205078125,1.41335,0.00674324099609375,0.00220751,0.0883002,6.240275845170769,6.240275845170769,227,0.443359375,346,1,1
DB00597,Gadoteridol,531,531,1,3.9524248851224106,2.5,40.0,4.641798841971595,0.8163856548022599,1.41375,0.012426694105461393,0.0023753,0.593824,6.2766434893416445,6.2766434893416445,285,0.536723163841808,406,1,1
DB00598,Labetalol,2801,2801,1,3.358237470903249,1.66667,130.0,5.6357028990023315,0.7611784804712604,1.41412,0.0019301623912888254,0.0004914,0.0695332,7.938088726896952,7.938088726896952,1126,0.4019992859692967,2039,1,1
DB00599,Thiopental,968,968,1,3.5974844814049587,1.909825,50.0,4.66944334753464,0.8051642840909091,1.41385,0.00454392975516529,0.00184502,0.0931734,6.876264611890766,6.876264611890766,446,0.4607438016528926,683,1,1
DB00601,Linezolid,2547,2547,1,2.8182474703572833,1.42857,60.0,4.154556193307456,0.749867293992933,1.41415,0.0014148383981154298,0.0003125,0.0828125,7.843064016692054,7.843064016692054,914,0.35885355319984297,1636,1,1
DB00602,Ivermectin,767,767,1,8.73414835071708,1.92771,2600.0,94.49247505725486,0.8041228479791396,1.41396,0.006580824577574968,0.00131926,0.363456,6.643789733147672,6.643789733147672,362,0.47196870925684486,509,1,1
DB00604,Cisapride,1251,1251,1,4.800801945643485,2.5,206.667,8.318656789892671,0.8698518457234212,1.4138,0.004524378593125499,0.00210526,0.275789,7.132497551660044,7.132497551660044,716,0.5723421262989609,1007,1,1
DB00605,Sulindac,1598,1598,1,3.2461280826032537,1.91742,50.0,3.864316007948269,0.837832296620776,1.41392,0.0032451489361702127,0.0015163,0.0629265,7.377133712833954,7.377133712833954,724,0.4530663329161452,1243,1,1
DB00607,Nafcillin,574,574,1,3.8342507299651567,2.0,31.6667,4.594634677860596,0.9215034442508712,1.41325,0.007158850365853658,0.00248139,0.158809,6.354370040797351,6.354370040797351,282,0.4912891986062718,446,1,1
DB00608,Chloroquine,1268,1268,1,4.666848029968454,2.5,160.0,7.888022809829309,0.8647291703470031,1.41382,0.0040951905362776025,0.0020284,0.0618661,7.1459844677143876,7.1459844677143876,695,0.5481072555205048,1001,1,1
DB00609,Ethionamide,266,266,1,4.79986652631579,2.5,40.0,5.845117322345592,0.9354158308270676,1.41203,0.013833751278195488,0.00561798,0.11236,5.58724865840025,5.58724865840025,146,0.5488721804511278,203,1,1
DB00610,Metaraminol,154,154,1,4.57229461038961,2.56579,30.0,4.811083842649814,0.9859424415584416,1.41011,0.02112097012987013,0.0105263,0.157895,5.043425116919247,5.043425116919247,93,0.6038961038961039,123,1,1
DB00611,Butorphanol,786,786,1,4.077092913486005,1.25,1130.0,40.37584368577308,0.8813235661577609,1.41397,0.0030660143460559796,0.000625782,0.707134,6.668228248417403,6.668228248417403,259,0.32951653944020354,437,1,1
DB00612,Bisoprolol,5483,5483,1,1.9414486142622651,1.0951,70.0,2.9823860149192805,0.6485853834214845,1.4142,0.0007409949239467444,0.000100654,0.0563664,8.609590040682205,8.609590040682205,1211,0.22086449024256793,2915,1,1
DB00613,Amodiaquine,26,26,1,6.511566576923077,2.916665,40.0,8.369643219297501,1.0830797692307692,1.40161,0.05334989615384615,0.0322581,0.258065,3.295836866004329,3.295836866004329,17,0.6538461538461539,22,1,1
DB00614,Furazolidone,36,36,1,7.139219166666667,5.0,20.0,4.883085841237441,1.145653388888889,1.37477,0.1277777777777778,0.1,0.3,3.6109179126442243,3.6109179126442243,29,0.8055555555555556,36,1,1
DB00615,Rifabutin,861,861,1,3.5276142009291522,1.81818,54.2857,4.894158834214767,0.8579415423925668,1.41371,0.004942874192799071,0.00258398,0.107235,6.759255270663693,6.759255270663693,375,0.4355400696864111,614,1,1
DB00618,Demeclocycline,409,409,1,4.604899794621026,2.5,75.0,5.862489270767348,1.0084624816625918,1.41157,0.01357217183374083,0.00680272,0.190476,6.016157159698354,6.016157159698354,240,0.58679706601467,329,1,1
DB00619,Imatinib,4526,4526,1,3.9528468974812196,1.742165,275.0,9.085094793039428,0.7102907338267787,1.4142,0.0007671462926646045,0.000130765,0.317758,8.417814747435958,8.417814747435958,1976,0.4365885992045957,3164,1,1
DB00620,Triamcinolone,4257,4257,1,3.266617874794456,1.66667,524.0,9.208693587777738,0.708802121987315,1.41417,0.001229887934038055,0.000297767,0.0599504,8.356554845453426,8.356554845453426,1729,0.40615456894526664,3240,1,1
DB00621,Oxandrolone,394,394,1,4.3687865532994925,2.5,30.0,4.742904059077222,0.9776426979695431,1.41232,0.010386377436548223,0.00485437,0.11165,5.978885764901122,5.978885764901122,223,0.565989847715736,329,1,1
DB00622,Nicardipine,2118,2118,1,3.2449996798866856,1.66667,40.0,4.318371421498184,0.789374465250236,1.41409,0.0020932360661000946,0.000647459,0.0511492,7.6586995582682995,7.6586995582682995,872,0.4117091595845137,1423,1,1
DB00623,Fluphenazine,1142,1142,1,3.268598598949212,1.8148849999999999,50.0,4.154866474689428,0.8255910446584939,1.4139,0.003912508471103328,0.00163666,0.0589198,7.04141166379481,7.04141166379481,501,0.43870402802101577,860,1,1
DB00625,Efavirenz,2971,2971,1,2.621783572871087,1.29747,85.0,4.693186014508392,0.7086887179400875,1.41417,0.0012192278747896331,0.000343132,0.0519273,7.99699040583765,7.99699040583765,911,0.30663076405250755,1813,1,1
DB00626,Bacitracin,1009,1009,1,4.578452886025769,2.5,60.0,5.146066945254736,0.8764730931615461,1.41338,0.007254542596630327,0.00426439,0.108742,6.917705609835305,6.917705609835305,599,0.5936570862239842,863,1,1
DB00627,Niacin,3609,3609,1,1.1980477220836798,0.566038,30.8353,2.08289441184881,0.664542844749238,1.4142,0.000786820844693821,8.40477e-05,0.429176,8.191463051326927,8.191463051326927,411,0.11388196176226101,930,1,1
DB00628,Clorazepic acid,12,12,1,9.305555,10.0,30.0,7.15832324995494,1.2053606666666667,1.35752,0.17857125,0.142857,0.428571,2.5649493574615367,2.5649493574615367,12,1.0,12,1,1
DB00629,Guanabenz,78,78,1,5.911562128205128,3.75,40.0,6.522754363765676,1.0569058974358974,1.39642,0.06993006282051283,0.0454545,0.227273,4.3694478524670215,4.3694478524670215,54,0.6923076923076923,69,1,1
DB00631,Clofarabine,1438,1438,1,2.879982039638387,1.53846,50.0,4.0764272342934085,0.7592185228789987,1.41405,0.0035828486460361617,0.000854701,0.118376,7.271703706887368,7.271703706887368,559,0.38873435326842837,954,1,1
DB00632,Docosanol,371,371,1,10.444906320754717,0.833333,640.0,51.26263953819178,0.7976398983827493,1.41415,0.004786583894878706,0.000153022,0.663045,5.918893854273146,5.918893854273146,128,0.3450134770889488,173,1,1
DB00633,Dexmedetomidine,702,702,1,3.7429803319088317,1.94783,70.0,5.7217430000060645,0.9026973034188034,1.41355,0.005443454985754986,0.00171821,0.109966,6.555356891810665,6.555356891810665,326,0.46438746438746437,525,1,1
DB00634,Sulfacetamide,318,318,1,4.952155433962264,3.33333,30.0,4.567347285887778,1.0250465786163523,1.41122,0.014150938459119496,0.00769231,0.123077,5.765191102784844,5.765191102784844,200,0.6289308176100629,260,1,1
DB00635,Prednisone,9270,9270,1,2.1945264333333334,1.25,110.0,3.781970457612008,0.546889631218986,1.41421,0.0005056065079989212,4.7725e-05,0.057079,9.134646527606982,9.134646527606982,2249,0.24261057173678532,6157,1,1
DB00636,Clofibrate,52,52,1,6.119006730769231,5.0,20.0,4.460299503381096,1.1747954807692307,1.39642,0.05332164807692308,0.0454545,0.136364,3.970291913552122,3.970291913552122,41,0.7884615384615384,52,1,1
DB00637,Astemizole,121,121,1,6.068188289256198,5.0,30.0,5.511949688846507,1.0926367438016529,1.39918,0.05403688595041322,0.0384615,0.115385,4.804021044733257,4.804021044733257,89,0.7355371900826446,113,1,1
DB00638,Inulin,105,105,1,4.6347635333333335,3.33333,20.0,3.998315475567805,1.1068865333333333,1.40421,0.03321121619047619,0.025641,0.128205,4.663439094112067,4.663439094112067,69,0.6571428571428571,90,1,1
DB00639,Butoconazole,33,33,1,5.2318817878787875,5.0,10.0,3.5080000534075215,1.1490057272727272,1.39359,0.06060605454545454,0.0526316,0.105263,3.5263605246161616,3.5263605246161616,26,0.7878787878787878,29,1,1
DB00640,Adenosine,831,831,1,4.384034146811071,2.22222,90.0,6.639221851586015,0.8613317304452467,1.41372,0.005235873634175691,0.00252525,0.118687,6.723832440821209,6.723832440821209,423,0.5090252707581228,621,1,1
DB00641,Simvastatin,8133,8133,1,1.6203793848518382,0.990502,60.0,2.5782065012062936,0.549912481888602,1.41421,0.0005053309185122342,4.01758e-05,0.0569773,9.00380808646717,9.00380808646717,1232,0.15148161809910243,3895,1,1
DB00642,Pemetrexed,2271,2271,1,2.539769033905768,1.36364,50.0,3.755409654418445,0.7153801884191986,1.41416,0.00160676764332893,0.000269505,0.0649508,7.7284157798410416,7.7284157798410416,729,0.32100396301188905,1412,1,1
DB00643,Mebendazole,473,473,1,5.203715412262157,2.75,58.0,6.239301717886445,0.9823452769556026,1.41312,0.006752265031712473,0.00280899,0.0814607,6.161207321695077,6.161207321695077,274,0.5792811839323467,376,1,1
DB00644,Gonadorelin,168,168,1,5.713565654761905,3.33333,30.0,5.452664793103164,1.0713799702380953,1.40922,0.02144382261904762,0.0128205,0.128205,5.1298987149230735,5.1298987149230735,119,0.7083333333333334,149,1,1
DB00645,Dyclonine,53,53,1,5.850899905660377,5.0,50.0,7.157084794875603,1.154070641509434,1.40421,0.03144652075471698,0.025641,0.128205,3.9889840465642745,3.9889840465642745,40,0.7547169811320755,46,1,1
DB00646,Nystatin,3787,3787,1,2.8215166128861897,1.66667,65.0,3.543361376331979,0.7325716727224716,1.41415,0.0016768254327964088,0.000345304,0.0713052,8.239593454305968,8.239593454305968,1424,0.37602323739107474,2858,1,1
DB00648,Mitotane,379,379,1,5.376170295514512,2.5,190.0,11.553210308716167,0.9269814300791557,1.41292,0.009817758416886544,0.00332226,0.0996678,5.940171252720432,5.940171252720432,211,0.5567282321899736,294,1,1
DB00649,Stavudine,2278,2278,1,3.285347917471466,1.76471,170.0,5.725398183119594,0.7388548623353819,1.41412,0.0019970655140474102,0.000464145,0.0668369,7.731492029245684,7.731492029245684,982,0.4310798946444249,1639,1,1
DB00650,Leucovorin,3843,3843,1,1.8173334059328647,0.933333,50.0,3.0991120229640816,0.6569369985428051,1.41419,0.0009597425846994535,0.000167196,0.0944101,8.254268770090183,8.254268770090183,780,0.2029664324746292,1774,1,1
DB00651,Dyphylline,90,90,1,6.327268988888889,5.0,40.0,5.725186880768616,1.1280946888888888,1.40026,0.04880953777777777,0.0357143,0.178571,4.51085950651685,4.51085950651685,66,0.7333333333333333,85,1,1
DB00652,Pentazocine,1517,1517,1,3.6988316611733683,2.0,50.0,4.658063605293394,0.8497451305207646,1.41384,0.00389721707185234,0.00193237,0.068599,7.325148957955575,7.325148957955575,712,0.4693473961766645,1134,1,1
DB00653,Magnesium sulfate,2499,2499,1,3.057224424969988,1.66667,70.0,4.150415814780664,0.7790628612645057,1.41409,0.002289363319327731,0.00065083,0.0624797,7.824046010856292,7.824046010856292,994,0.39775910364145656,1762,1,1
DB00654,Latanoprost,3390,3390,1,2.6337700147492624,1.072085,130.0,5.650217681159725,0.713870032300885,1.41418,0.0010020393864306784,0.00016247,0.0832656,8.128880142125638,8.128880142125638,956,0.2820058997050148,1772,1,1
DB00655,Estrone,44,44,1,5.588706886363636,4.23913,20.0,5.1995986354513235,1.1056974545454545,1.40074,0.050156765909090906,0.0344828,0.275862,3.8066624897703196,3.8066624897703196,29,0.6590909090909091,39,1,1
DB00656,Trazodone,5597,5597,1,2.137128939074504,1.25,80.0,3.0300278272861396,0.6476334894586385,1.4142,0.0009236452432910488,0.000108861,0.070397,8.630164670075398,8.630164670075398,1401,0.2503126675004467,3617,1,1
DB00657,Mecamylamine,7,7,1,7.380952857142857,6.66667,10.0,2.519762995909961,1.1211402857142858,1.34784,0.21428585714285717,0.166667,0.333333,2.0794415416798357,2.0794415416798357,7,1.0,7,1,1
DB00658,Sevelamer,2674,2674,1,3.088200556095737,1.42857,90.0,5.172050011726333,0.7421846885564697,1.41417,0.001261442905011219,0.000220507,0.261852,7.891704659330107,7.891704659330107,1026,0.3836948391922214,1689,1,1
DB00659,Acamprosate,852,852,1,3.5788091584507042,1.66667,60.0,5.412981508492413,0.8593295704225351,1.41371,0.0044250320657277,0.0025974,0.0506494,6.748759547491679,6.748759547491679,364,0.4272300469483568,583,1,1
DB00660,Metaxalone,2603,2603,1,3.1729250418747603,1.93548,70.0,3.878320051647903,0.7395747462927391,1.41411,0.0025110295574337304,0.000546597,0.095108,7.86480400332846,7.86480400332846,1194,0.4587014982712255,2120,1,1
DB00661,Verapamil,4649,4649,1,2.2740081150785114,1.30435,60.0,3.122672070913753,0.6695334926650892,1.41419,0.001002526410367821,0.00016603,0.0625934,8.444622498581403,8.444622498581403,1308,0.28135082813508283,3127,1,1
DB00662,Trimethobenzamide,996,996,1,4.016378475903615,2.5,40.0,4.448120198674358,0.8909529387550201,1.41336,0.0071753079216867474,0.00437637,0.170678,6.904750769961838,6.904750769961838,551,0.5532128514056225,845,1,1
DB00665,Nilutamide,297,297,1,7.329865811447812,5.0,70.0,7.530917678656983,1.0440308282828283,1.41003,0.021795026262626263,0.0107527,0.16129,5.697093486505405,5.697093486505405,233,0.7845117845117845,277,1,1
DB00666,Nafarelin,123,123,1,4.740109512195121,2.5,45.0,5.631018101477052,1.045430894308943,1.4105,0.015718150894308943,0.00952381,0.0857143,4.820281565605037,4.820281565605037,71,0.5772357723577236,104,1,1
DB00668,Epinephrine,3032,3032,1,3.5577278954485485,1.66667,440.0,10.697877842594938,0.7495003850923483,1.41415,0.001589168969656992,0.00030248,0.07683,8.017307507688582,8.017307507688582,1251,0.412598944591029,2119,1,1
DB00669,Sumatriptan,3541,3541,1,2.161155160689071,1.13139,35.0,3.0642478348934383,0.6963145946625248,1.41419,0.0010767089333521603,0.000215703,0.20801,8.17244681834278,8.17244681834278,931,0.262920079073708,1971,1,1
DB00670,Pirenzepine,401,401,1,4.547861850374065,2.30769,100.0,7.064621477198396,0.9320715112219451,1.41256,0.011105717481296759,0.00423729,0.0889831,5.996452088619021,5.996452088619021,209,0.5211970074812967,321,1,1
DB00671,Cefixime,946,946,1,3.7977774503171244,2.0,60.0,5.3573884578187085,0.9029968541226215,1.41363,0.004643215687103594,0.00150376,0.0721804,6.853299093186078,6.853299093186078,445,0.4704016913319239,705,1,1
DB00672,Chlorpropamide,378,378,1,5.225945465608466,3.33333,30.0,5.244886658250321,1.016027537037037,1.41158,0.013102388783068783,0.00675676,0.0743243,5.937536205082426,5.937536205082426,248,0.656084656084656,335,1,1
DB00673,Aprepitant,1796,1796,1,2.428631522828508,1.22942,80.0,4.149681389516963,0.7545485606347438,1.41411,0.0020513198975501113,0.000512295,0.106301,7.493873886783559,7.493873886783559,508,0.2828507795100223,1039,1,1
DB00674,Galantamine,1543,1543,1,2.478862088139987,1.25,52.5,3.6167350029945395,0.7752587961114711,1.41409,0.0021793927906675306,0.000631512,0.0618882,7.342131730584722,7.342131730584722,487,0.31561892417368764,894,1,1
DB00675,Tamoxifen,3572,3572,1,3.682941320268757,1.86554,110.0,6.062274155545198,0.7204516075027995,1.41416,0.0015095539820828667,0.000432651,0.0490337,8.181160858023409,8.181160858023409,1617,0.4526875699888018,2630,1,1
DB00676,Benzyl benzoate,37,37,1,7.175396864864865,5.0,20.0,5.605994554412809,1.1615525675675678,1.3972,0.05640425405405406,0.0434783,0.173913,3.6375861597263857,3.6375861597263857,31,0.8378378378378378,33,1,1
DB00678,Losartan,5856,5856,1,2.0709981912568303,1.1833200000000001,100.0,3.34947901456743,0.6476360476775956,1.4142,0.0007526154050546449,9.16003e-05,0.0568227,8.675392806089782,8.675392806089782,1350,0.2305327868852459,3654,1,1
DB00679,Thioridazine,1080,1080,1,3.686360892592593,2.05882,30.0,4.113890268680003,0.8356725944444444,1.4137,0.005712139111111111,0.00266312,0.0772304,6.985641817639208,6.985641817639208,541,0.5009259259259259,887,1,1
DB00680,Moricizine,68,68,1,6.181372205882353,5.0,10.0,3.1257156641844266,1.1614845147058823,1.34784,0.17892185294117646,0.166667,0.333333,4.23410650459726,4.23410650459726,63,0.9264705882352942,68,1,1
DB00681,Amphotericin B,2399,2399,1,2.7371994814506047,1.53846,40.0,3.6589953410252236,0.7549579760316798,1.4141,0.002114010068778658,0.000558659,0.0874302,7.783224016336037,7.783224016336037,875,0.36473530637765733,1654,1,1
DB00684,Tobramycin,2109,2109,1,3.4318402157420578,1.53846,185.0,7.909991683900145,0.7839191296348981,1.41412,0.0016760975324798483,0.000471476,0.171617,7.6544432264701125,7.6544432264701125,814,0.38596491228070173,1387,1,1
DB00685,Trovafloxacin,137,137,1,6.254670452554745,5.0,20.0,4.202540937979081,1.1070174598540146,1.39918,0.05699045401459854,0.0384615,0.269231,4.927253685157205,4.927253685157205,114,0.8321167883211679,133,1,1
DB00686,Pentosan polysulfate,1009,1009,1,3.25816874925669,1.66667,146.667,6.661651974802284,0.8438352408325074,1.41381,0.004131714905847374,0.00205973,0.0751802,6.917705609835305,6.917705609835305,418,0.41427155599603566,727,1,1
DB00687,Fludrocortisone,1940,1940,1,2.9728009273195872,1.648775,31.6667,3.8207423278424875,0.8066899431443298,1.41401,0.0028474026948453607,0.00105319,0.0689837,7.57095858316901,7.57095858316901,736,0.37938144329896906,1387,1,1
DB00688,Mycophenolate mofetil,5526,5526,1,2.5586720997104595,1.34214,68.3333,4.105736812215322,0.6370882489142237,1.4142,0.00079271577553384,0.000173845,0.0606719,8.617400451833262,8.617400451833262,1791,0.3241042345276873,3482,1,1
DB00690,Flurazepam,1601,1601,1,3.397455069331668,1.94444,35.0,3.9769195630196696,0.8167774597126796,1.41392,0.003922625946283573,0.00153492,0.0775134,7.379008127628304,7.379008127628304,723,0.45159275452841974,1285,1,1
DB00691,Moexipril,854,854,1,3.467246487119438,2.034485,40.0,3.8526278717738065,0.8904759800936769,1.41346,0.005997212037470726,0.003861,0.0675676,6.75110146893676,6.75110146893676,427,0.5,665,1,1
DB00692,Phentolamine,131,131,1,4.861482450381679,3.33333,30.0,4.607714673467648,1.116469572519084,1.40446,0.031679389312977105,0.025,0.125,4.882801922586371,4.882801922586371,90,0.6870229007633588,118,1,1
DB00693,Fluorescein,431,431,1,5.428092837587007,3.0,120.0,8.145023146223501,0.9199169071925755,1.41318,0.009311591972157774,0.00531915,0.138298,6.068425588244111,6.068425588244111,266,0.617169373549884,348,1,1
DB00694,Daunorubicin,3409,3409,1,2.8717749410384275,1.61964,50.0,3.9865836006668873,0.7206757848635964,1.41417,0.001258823061894984,0.000353982,0.0635988,8.134467570277563,8.134467570277563,1324,0.3883836902317395,2312,1,1
DB00695,Furosemide,8644,8644,1,1.8158451964368347,1.04167,370.0,5.076326495260263,0.544774480379454,1.41421,0.0005703815428782971,4.42212e-05,0.0753971,9.064736398117391,9.064736398117391,1550,0.17931513188338732,4495,1,1
DB00696,Ergotamine,641,641,1,4.802978563182528,2.5,110.0,7.083363487307555,0.9561553073322933,1.41305,0.007706892152886115,0.00299401,0.164671,6.464588303689961,6.464588303689961,368,0.5741029641185648,545,1,1
DB00697,Tizanidine,3674,3674,1,2.336006167120305,1.37931,40.0,2.995226295756173,0.6983201457267284,1.41417,0.0015217962387044095,0.000332005,0.0772466,8.209308411646937,8.209308411646937,1074,0.2923244420250408,2533,1,1
DB00698,Nitrofurantoin,3367,3367,1,3.0676336186516187,1.66667,120.0,4.656092141099115,0.737365507009207,1.41415,0.0016915689319869321,0.000338696,0.0850127,8.122074375362217,8.122074375362217,1311,0.38936738936738935,2515,1,1
DB00699,Nicergoline,796,796,1,3.117673375628141,1.76471,30.0,3.677641677127498,0.8770477412060301,1.41362,0.004939079246231155,0.00152207,0.065449,6.680854678790215,6.680854678790215,334,0.41959798994974873,564,1,1
DB00700,Eplerenone,1478,1478,1,2.6819295277401896,1.37931,40.0,3.572320927630373,0.8075665281461434,1.41403,0.002579437745602165,0.000969462,0.0596219,7.2991214627108,7.2991214627108,506,0.3423545331529093,948,1,1
DB00701,Amprenavir,555,555,1,5.409969362162162,3.33333,80.0,6.105912271450472,0.9214502648648649,1.41289,0.00954832345945946,0.00680272,0.0952381,6.320768294250582,6.320768294250582,363,0.654054054054054,485,1,1
DB00702,Icodextrin,304,304,1,2.911627075657895,1.90972,30.0,3.4492582271106116,0.9343322921052631,1.41366,0.00482362447368421,0.00143062,0.350501,5.720311776607412,5.720311776607412,132,0.4342105263157895,194,1,1
DB00703,Methazolamide,168,168,1,4.674401267857142,2.85714,30.0,4.872448843319005,1.0362452321428572,1.4088,0.02199075476190476,0.0138889,0.111111,5.1298987149230735,5.1298987149230735,100,0.5952380952380952,144,1,1
DB00704,Naltrexone,1366,1366,1,3.621106386530015,1.689945,115.0,6.056725709836679,0.8192096599560761,1.41399,0.002959753583455344,0.00116279,0.075,7.220373836723949,7.220373836723949,589,0.431185944363104,1008,1,1
DB00705,Delavirdine,214,214,1,6.9694684579439246,3.33333,135.0,16.41453948098579,0.9864329205607476,1.41105,0.02081908411214953,0.00813008,0.243902,5.3706380281276624,5.3706380281276624,137,0.6401869158878505,184,1,1
DB00706,Tamsulosin,5183,5183,1,2.358183543121744,1.15385,690.0,10.743483689966869,0.6578477882693421,1.4142,0.0007599603218599267,0.000112364,0.0670063,8.55333223803211,8.55333223803211,1292,0.24927648080262396,3019,1,1
DB00708,Sufentanil,1248,1248,1,3.1390817419871793,1.39079,100.0,5.970158642035093,0.8068961455929488,1.41398,0.0032108487596153846,0.00118977,0.12909,7.130098510125578,7.130098510125578,442,0.3541666666666667,743,1,1
DB00709,Lamivudine,4000,4000,1,2.677299708,1.33333,113.333,5.045607205977393,0.6462788687,1.41419,0.0010635505377,0.000200107,0.0653682,8.294299608857235,8.294299608857235,1254,0.3135,2508,1,1
DB00710,Ibandronate,3666,3666,1,2.9608164991816692,1.476035,110.0,4.608786449658476,0.6929871604200764,1.41419,0.0011244503552918714,0.000201045,0.0846401,8.207129168071326,8.207129168071326,1434,0.3911620294599018,2348,1,1
DB00711,Diethylcarbamazine,113,113,1,6.265478973451328,3.33333,50.0,7.764025043013207,0.9610684513274337,1.40888,0.04158079557522124,0.0136986,0.383562,4.736198448394496,4.736198448394496,72,0.6371681415929203,96,1,1
DB00712,Flurbiprofen,1193,1193,1,3.1402607862531435,1.62162,50.0,4.131376278785102,0.8789386303436714,1.41382,0.003317328575020956,0.0010101,0.0545455,7.085064293952548,7.085064293952548,474,0.39731768650461025,814,1,1
DB00713,Oxacillin,556,556,1,4.712239464028777,2.20867,70.0,7.006963984959753,0.8987958039568344,1.41314,0.00781682368705036,0.00549451,0.0824176,6.322565239927284,6.322565239927284,284,0.5107913669064749,414,1,1
DB00714,Apomorphine,859,859,1,3.5059447846332943,1.81818,70.0,5.014189143535211,0.8687823550640279,1.41378,0.004271545669383004,0.00221976,0.0865705,6.756932389247553,6.756932389247553,375,0.43655413271245636,628,1,1
DB00715,Paroxetine,6717,6717,1,2.4995494908441267,1.29032,140.0,4.3076203514254265,0.6125519688253684,1.41421,0.0007335162805121334,7.58337e-05,0.122699,8.812545770172237,8.812545770172237,2048,0.30489801994938215,4239,1,1
DB00716,Nedocromil,275,275,1,5.2362654399999995,3.33333,60.0,5.81643523800618,1.042848829090909,1.41007,0.01883946109090909,0.0106383,0.117021,5.62040086571715,5.62040086571715,195,0.7090909090909091,244,1,1
DB00719,Azatadine,12,12,1,7.604166666666667,10.0,10.0,3.650294750794624,1.2241600833333333,1.37477,0.11666666666666668,0.1,0.3,2.5649493574615367,2.5649493574615367,10,0.8333333333333334,12,1,1
DB00720,Clodronic acid,342,342,1,4.023273447368421,2.5,30.0,4.0440432723518756,0.998666754385965,1.41218,0.01022626081871345,0.0052356,0.188482,5.8377304471659395,5.8377304471659395,189,0.5526315789473685,268,1,1
DB00721,Procaine,424,424,1,3.956733983490566,2.5,50.0,4.572981481851078,0.9780756698113207,1.41227,0.010165094339622642,0.005,0.215,6.052089168924417,6.052089168924417,228,0.5377358490566038,340,1,1
DB00722,Lisinopril,7868,7868,1,1.704323161921708,1.07143,85.0,2.6779703514387556,0.5692323262328419,1.41421,0.0005709500738052873,4.06814e-05,0.0628731,8.970686268534983,8.970686268534983,1322,0.16802236908998475,4286,1,1
DB00723,Methoxamine,26,26,1,8.262820384615384,10.0,20.0,3.7724657625902784,1.2079641153846155,1.3784,0.11538458076923078,0.0909091,0.272727,3.295836866004329,3.295836866004329,24,0.9230769230769231,26,1,1
DB00724,Imiquimod,1040,1040,1,6.103309698076923,2.85714,260.0,12.306254851343656,0.9054345211538463,1.41379,0.004602251625,0.00220264,0.092511,6.947937068614969,6.947937068614969,617,0.5932692307692308,875,1,1
DB00726,Trimipramine,956,956,1,3.8184876558577403,1.757355,160.0,8.218207551050908,0.8578402280334728,1.41372,0.004904576328451883,0.00255102,0.0880102,6.863803391452954,6.863803391452954,416,0.4351464435146444,670,1,1
DB00727,Nitroglycerin,4996,4996,1,2.256131815452362,1.2766,80.0,3.201024477855493,0.6574380215772617,1.41419,0.0011213906907526021,0.000150466,0.0884743,8.516593011344206,8.516593011344206,1377,0.2756204963971177,3190,1,1
DB00728,Rocuronium,1311,1311,1,2.5797067742181543,1.33333,70.0,4.079083187014403,0.7584797755911518,1.41406,0.0027171208337147218,0.000807102,0.0916061,7.179307969504034,7.179307969504034,437,0.3333333333333333,800,1,1
DB00730,Thiabendazole,67,67,1,5.153355567164179,4.44444,20.0,4.064139615945627,1.1217399552238805,1.40306,0.037100198507462684,0.0285714,0.142857,4.219507705176107,4.219507705176107,51,0.7611940298507462,65,1,1
DB00731,Nateglinide,1752,1752,1,2.800798515981735,1.53846,40.0,3.694436364865297,0.7981121876141553,1.41405,0.0026119186832191782,0.000824742,0.158351,7.469083884921234,7.469083884921234,623,0.3555936073059361,1231,1,1
DB00733,Pralidoxime,27,27,1,9.96604925925926,10.0,50.0,9.897127487386635,1.226254777777778,1.39557,0.06525567407407408,0.047619,0.238095,3.332204510175204,3.332204510175204,25,0.9259259259259259,27,1,1
DB00734,Risperidone,5296,5296,1,2.270602096865559,1.18644,141.25,4.488010905157801,0.6339748964879154,1.4142,0.0008004559043806647,8.30703e-05,0.0626904,8.574895901544526,8.574895901544526,1451,0.27398036253776437,3081,1,1
DB00735,Naftifine,140,140,1,5.31035055,3.33333,40.0,5.248595391079472,1.0863420428571429,1.40712,0.02636362142857143,0.0181818,0.0909091,4.948759890378168,4.948759890378168,92,0.6571428571428571,118,1,1
DB00736,Esomeprazole,7816,7816,1,1.9803745821392016,1.14754,80.0,3.0566338551689367,0.5856004721980552,1.41421,0.0005694483587256909,4.61942e-05,0.109815,8.96405612822033,8.96405612822033,1815,0.23221596724667348,4509,1,1
DB00737,Meclizine,2912,2912,1,2.905511052541209,1.73401,55.0,3.4418517853212522,0.7327155865384616,1.41412,0.0022750588162774726,0.000455685,0.141946,7.976938756959434,7.976938756959434,1202,0.41277472527472525,2305,1,1
DB00738,Pentamidine,1592,1592,1,3.3801759962311557,1.83673,60.0,4.353969845820508,0.807532206281407,1.41394,0.0035719707148241207,0.00140548,0.125791,7.373374309910049,7.373374309910049,713,0.4478643216080402,1215,1,1
DB00740,Riluzole,532,532,1,4.535156304511278,2.0,370.0,16.67401373299017,0.9106616672932331,1.41342,0.006143407406015038,0.00203252,0.107724,6.278521424165844,6.278521424165844,250,0.4699248120300752,388,1,1
DB00741,Hydrocortisone,5269,5269,1,2.4373638018599353,1.32353,60.0,3.503681694823629,0.6793301199278801,1.41419,0.0009251381255456445,0.000185117,0.0604714,8.569785641535407,8.569785641535407,1554,0.294932624786487,3517,1,1
DB00742,Mannitol,1260,1260,1,2.965497668253968,1.42857,50.0,4.37489729329595,0.8167396943650794,1.41396,0.004791737206349207,0.00129618,0.249514,7.13966033596492,7.13966033596492,443,0.3515873015873016,813,1,1
DB00744,Zileuton,417,417,1,3.676866215827338,2.0,40.0,4.239590737159828,0.9567555731414867,1.41288,0.008491840095923261,0.00342466,0.119863,6.035481432524756,6.035481432524756,200,0.47961630695443647,319,1,1
DB00745,Modafinil,3428,3428,1,2.7211312885064176,1.5,40.0,3.466534264279856,0.7304084446324387,1.41416,0.0014690371516919486,0.000261746,0.0909567,8.14002395246292,8.14002395246292,1193,0.34801633605600935,2487,1,1
DB00746,Deferoxamine,1094,1094,1,4.445705878427788,2.5,100.0,6.923015894009653,0.8885284341864716,1.41375,0.004638697422303474,0.00118624,0.0925267,6.9985096422506015,6.9985096422506015,594,0.5429616087751371,888,1,1
DB00747,Scopolamine,2160,2160,1,3.254881241666667,1.720965,160.0,6.098894769844724,0.789664288425926,1.41405,0.002761331648148148,0.00081666,0.124949,7.6783263565068856,7.6783263565068856,914,0.42314814814814816,1624,1,1
DB00748,Carbinoxamine,260,260,1,4.060129673076923,2.5,37.5,4.983927754778825,0.9848494576923077,1.41036,0.01858340519230769,0.00990099,0.148515,5.564520407322694,5.564520407322694,145,0.5576923076923077,211,1,1
DB00749,Etodolac,2689,2689,1,2.8485807095574565,1.66667,40.0,3.3347901268054376,0.7560013152101153,1.41412,0.0018301084001487542,0.000483676,0.0585248,7.897296472595885,7.897296472595885,1046,0.38899219040535515,1987,1,1
DB00750,Prilocaine,765,765,1,4.300788773856209,2.08333,70.0,6.3703902732676925,0.9090187960784313,1.41328,0.006721789856209149,0.00481928,0.0819277,6.641182169740591,6.641182169740591,388,0.5071895424836601,612,1,1
DB00751,Epinastine,1111,1111,1,2.787192933393339,1.66667,20.0,3.2415105327096034,0.8580744887488748,1.41387,0.0033071602367236723,0.00175131,0.0683012,7.013915474810528,7.013915474810528,434,0.39063906390639064,757,1,1
DB00752,Tranylcypromine,616,616,1,3.435558141233767,2.0,30.0,4.070475961917677,0.8881992240259741,1.41341,0.006956851022727272,0.00205339,0.137577,6.424869023905388,6.424869023905388,294,0.4772727272727273,462,1,1
DB00753,Isoflurane,856,856,1,3.232244203271028,1.42857,100.0,5.963933521405294,0.7955492862149532,1.4139,0.004680481885514018,0.00162338,0.161526,6.75343791859778,6.75343791859778,313,0.36565420560747663,548,1,1
DB00754,Ethotoin,17,17,1,6.346702352941176,5.0,20.0,4.556935959704077,1.126121294117647,1.38142,0.1078431705882353,0.0833333,0.25,2.8903717578961645,2.8903717578961645,15,0.8823529411764706,17,1,1
DB00755,Tretinoin,1694,1694,1,3.321701664108619,1.53846,615.0,15.413041794848008,0.8119271044864227,1.41401,0.002581501545454545,0.00106895,0.0657402,7.43543801981455,7.43543801981455,648,0.3825265643447462,1136,1,1
DB00756,Hexachlorophene,157,157,1,4.009451687898089,3.33333,20.0,3.407222306795508,1.1020521719745222,1.40554,0.026893111464968155,0.0222222,0.0888889,5.062595033026967,5.062595033026967,98,0.6242038216560509,141,1,1
DB00757,Dolasetron,1551,1551,1,4.436928766602192,2.63158,40.0,4.791806886657533,0.8343576096067054,1.41384,0.004672844897485494,0.00193424,0.117021,7.347299700743164,7.347299700743164,927,0.597678916827853,1332,1,1
DB00758,Clopidogrel,6545,6545,1,1.848786307563025,1.05118,60.0,2.7556817324825285,0.5978827800611154,1.41421,0.0006147574462796027,6.21949e-05,0.065429,8.786609455061125,8.786609455061125,1321,0.20183346065699007,3405,1,1
DB00759,Tetracycline,1696,1696,1,3.173644986438679,1.6921849999999998,101.667,4.251907665873199,0.829039165625,1.41396,0.0029412476008254715,0.00129366,0.221216,7.436617265234227,7.436617265234227,729,0.42983490566037735,1291,1,1
DB00760,Meropenem,2845,2845,1,2.550022428119508,1.33333,100.0,4.478950186066856,0.7301096180316344,1.41415,0.0016062195852372585,0.000307361,0.0937452,7.953669778649798,7.953669778649798,901,0.3166959578207381,1752,1,1
DB00761,Potassium chloride,6534,6534,1,2.044076019895929,1.24248,45.0,2.738074356030498,0.6156301953014999,1.4142,0.0008377184016681971,0.00010961,0.0776039,8.784927626058323,8.784927626058323,1530,0.23415977961432508,4213,1,1
DB00762,Irinotecan,2917,2917,1,2.218231773397326,1.17647,50.0,3.343046457912552,0.6917959416181008,1.41418,0.0012130336963318477,0.000237643,0.157795,7.978653729082731,7.978653729082731,768,0.2632841960918752,1672,1,1
DB00763,Methimazole,1775,1775,1,3.8631808360563378,1.73077,80.0,6.398702251114303,0.822584352056338,1.41402,0.002448654889577465,0.000989609,0.0628402,7.4821189235521155,7.4821189235521155,774,0.436056338028169,1264,1,1
DB00764,Mometasone,4127,4127,1,2.532952595832324,1.36364,150.0,4.4268531964400495,0.6973877972377028,1.41418,0.0011186392888296584,0.000226895,0.150507,8.325548307161398,8.325548307161398,1263,0.3060334383329295,2767,1,1
DB00765,Metyrosine,7,7,1,7.619047142857143,10.0,10.0,3.0210906786937852,1.2363671428571428,1.33417,0.2,0.2,0.2,2.0794415416798357,2.0794415416798357,7,1.0,7,1,1
DB00768,Olopatadine,2049,2049,1,2.7792003694485117,1.42857,40.0,3.6024123697007875,0.7995535030746705,1.41405,0.002369838713030747,0.000855798,0.0573385,7.6255950721324535,7.6255950721324535,720,0.3513909224011713,1414,1,1
DB00770,Alprostadil,1227,1227,1,3.9938267799511005,2.0,60.0,6.00499256568713,0.8588145541157294,1.41397,0.0025694297636511816,0.00125156,0.262203,7.113142108707088,7.113142108707088,595,0.4849225753871231,854,1,1
DB00771,Clidinium,226,226,1,4.5374275044247785,2.85714,30.0,4.3895177600440975,0.9972810265486726,1.40822,0.027705904424778764,0.0153846,0.138462,5.424950017481403,5.424950017481403,146,0.6460176991150443,208,1,1
DB00772,Malathion,1149,1149,1,3.7313092715404697,2.14286,60.0,4.71101595641293,0.8828906675369886,1.41382,0.003902021183637946,0.00201005,0.112563,7.047517221357296,7.047517221357296,585,0.5091383812010444,894,1,1
DB00773,Etoposide,3584,3584,1,2.2951115198102676,1.14583,60.0,3.951351466699014,0.6472549897042411,1.41419,0.001138285854436384,0.000194187,0.0963169,8.184513753033722,8.184513753033722,910,0.25390625,2021,1,1
DB00774,Hydroflumethiazide,24,24,1,5.362268333333333,3.33333,20.0,5.228279756206846,1.1231832083333333,1.36473,0.13541666666666666,0.125,0.25,3.2188758248682006,3.2188758248682006,17,0.7083333333333334,24,1,1
DB00775,Tirofiban,420,420,1,4.13593383095238,2.0,100.0,7.177432042034152,0.866625519047619,1.41354,0.006526031523809523,0.00345423,0.255613,6.042632833682381,6.042632833682381,199,0.4738095238095238,296,1,1
DB00776,Oxcarbazepine,3763,3763,1,2.749917637523253,1.42857,70.0,3.8982869450794206,0.7160628882274781,1.41418,0.0011813733838958278,0.000278733,0.138809,8.23323750070527,8.23323750070527,1290,0.3428115865001329,2562,1,1
DB00777,Propiomazine,466,466,1,3.8083166888412014,2.0,60.0,6.226363326546004,0.8898169592274677,1.41305,0.009376324399141631,0.003003,0.12012,6.1463292576688975,6.1463292576688975,216,0.463519313304721,332,1,1
DB00778,Roxithromycin,859,859,1,4.092467093131548,2.0,95.0,6.499842355475107,0.8827293585564611,1.41355,0.005444552013969732,0.00340136,0.0901361,6.756932389247553,6.756932389247553,414,0.4819557625145518,638,1,1
DB00780,Phenelzine,867,867,1,4.13016484544406,2.22222,80.0,6.185669653484577,0.8426989402537486,1.4138,0.0054542450980392156,0.00214362,0.200429,6.7661917146603505,6.7661917146603505,453,0.5224913494809689,679,1,1
DB00781,Polymyxin B,856,856,1,4.131917433411215,2.5,60.0,5.217205445992296,0.8957913539719626,1.41332,0.0069153531542056074,0.0045977,0.0873563,6.75343791859778,6.75343791859778,450,0.5257009345794392,660,1,1
DB00782,Propantheline,207,207,1,5.05815084057971,2.5,90.0,8.984260989457436,1.0199929565217392,1.41061,0.016818750917874395,0.00925926,0.12963,5.337538079701318,5.337538079701318,110,0.5314009661835749,174,1,1
DB00783,Estradiol,4967,4967,1,2.450878049526877,1.14688,180.0,5.087386144616811,0.6736469553654116,1.4142,0.0007926771910610026,0.000114899,0.102681,8.510772623613315,8.510772623613315,1348,0.2713911817998792,2804,1,1
DB00787,Acyclovir,5378,5378,1,2.0994657590182224,1.125,60.0,3.263922683473802,0.6535658000929714,1.41419,0.000889553149181852,0.000143479,0.0748482,8.590257762273243,8.590257762273243,1327,0.24674600223131277,3015,1,1
DB00788,Naproxen,5798,5798,1,1.9367994949982752,1.11111,70.0,2.937609669841352,0.6375410783890997,1.4142,0.0006379595264056571,6.98633e-05,0.121679,8.66544076787644,8.66544076787644,1306,0.2252500862366333,3165,1,1
DB00790,Perindopril,3567,3567,1,2.2701052186711523,1.2,60.0,3.665556132226953,0.695094579058032,1.41418,0.001122862179534623,0.00026249,0.0587978,8.1797604936999,8.1797604936999,939,0.26324642556770395,2083,1,1
DB00791,Uracil mustard,3,3,1,8.333333333333334,10.0,10.0,2.8867513459481287,1.2068733333333332,1.27802,0.333333,0.333333,0.333333,1.3862943611198906,1.3862943611198906,3,1.0,3,1,1
DB00792,Tripelennamine,2,2,1,30.0,30.0,30.0,0.0,0.983192,0.983192,1.0,1.0,1.0,1.0986122886681098,1.0986122886681098,2,1.0,2,1,1
DB00794,Primidone,2078,2078,1,2.8835027704523584,1.53846,70.0,4.001298307308027,0.7821214093358999,1.41406,0.0024973122945139556,0.000795862,0.0939117,7.639642287858013,7.639642287858013,756,0.3638113570741097,1460,1,1
DB00795,Sulfasalazine,3969,3969,1,2.537980142101285,1.42857,45.0,3.1945322311728006,0.7218584962459058,1.41418,0.0009142621674477197,0.000161186,0.0552869,8.286521373681236,8.286521373681236,1330,0.3350970017636684,2602,1,1
DB00797,Tolazoline,13,13,1,6.564102307692308,5.0,10.0,2.9576789958911864,1.1760691538461538,1.37032,0.128205,0.111111,0.222222,2.6390573296152584,2.6390573296152584,12,0.9230769230769231,13,1,1
DB00798,Gentamicin,2706,2706,1,2.9969306389504804,1.42857,80.0,5.076707086547763,0.760162762195122,1.41412,0.0018211644859571325,0.000501253,0.0977444,7.903596289614301,7.903596289614301,974,0.35994087213599407,1725,1,1
DB00799,Tazarotene,551,551,1,5.082819675136116,3.33333,40.0,5.519404908316791,0.9664085843920145,1.41328,0.006768900435571688,0.00239234,0.12201,6.313548046277095,6.313548046277095,332,0.6025408348457351,454,1,1
DB00800,Fenoldopam,70,70,1,5.199816942857143,4.0959900000000005,30.0,4.358051623994028,0.9494518857142856,1.40394,0.10225562571428572,0.0263158,0.526316,4.2626798770413155,4.2626798770413155,55,0.7857142857142857,65,1,1
DB00801,Halazepam,41,41,1,5.236971073170731,3.33333,20.0,5.1922192024954015,1.0005456341463415,1.39359,0.08344028780487804,0.0526316,0.210526,3.7376696182833684,3.7376696182833684,24,0.5853658536585366,38,1,1
DB00802,Alfentanil,527,527,1,4.672300732447818,2.30769,150.0,8.946883316693707,0.8751432390891841,1.41326,0.008056351783681215,0.004914,0.0786241,6.269096283706261,6.269096283706261,275,0.5218216318785579,393,1,1
DB00803,Colistin,856,856,1,3.147720753504673,1.66667,30.0,3.9008621451159637,0.8617463644859813,1.41375,0.004267337978971963,0.00236967,0.133886,6.75343791859778,6.75343791859778,355,0.4147196261682243,575,1,1
DB00804,Dicyclomine,2730,2730,1,2.514594426007326,1.42857,40.0,3.11834743418737,0.7360032825641026,1.41413,0.00215068837985348,0.000432339,0.11003,7.912423121473705,7.912423121473705,898,0.32893772893772893,1893,1,1
DB00806,Pentoxifylline,1951,1951,1,3.1157195058944134,1.66667,50.0,4.016239514198588,0.8050159291645309,1.41403,0.002480256057406458,0.000928074,0.0598608,7.5766097669730375,7.5766097669730375,782,0.4008200922603793,1422,1,1
DB00807,Proparacaine,344,344,1,11.979210200581395,3.33333,300.0,31.06809073760418,0.952768793604651,1.41278,0.01398982840116279,0.00367647,0.202206,5.84354441703136,5.84354441703136,214,0.622093023255814,266,1,1
DB00809,Tropicamide,517,517,1,6.947700829787235,2.5,210.0,15.53817210794362,0.8960904661508704,1.41338,0.007823554506769826,0.00426439,0.100213,6.249975242259483,6.249975242259483,278,0.5377176015473888,372,1,1
DB00810,Biperiden,1918,1918,1,3.01096440198123,1.60937,70.0,4.270599344739851,0.7670791316996871,1.41409,0.002456104602711157,0.000632111,0.0638432,7.5595594960077,7.5595594960077,748,0.3899895724713243,1325,1,1
DB00811,Ribavirin,4160,4160,1,6.387415528125,1.2438,240.0,14.445505855650831,0.6021333607932693,1.41421,0.0010520323568990386,8.67528e-05,0.159729,8.333510708982942,8.333510708982942,1584,0.38076923076923075,2325,1,1
DB00812,Phenylbutazone,186,186,1,6.2712888010752685,3.33333,80.0,8.602636873515447,1.0485458333333333,1.4102,0.017348428494623657,0.0103093,0.0824742,5.231108616854587,5.231108616854587,120,0.6451612903225806,157,1,1
DB00813,Fentanyl,6522,6522,1,2.1659494630481446,1.13924,493.333,6.9185309535502055,0.6072500545384851,1.41421,0.0006664622394510886,6.74514e-05,0.128124,8.783089671796096,8.783089671796096,1615,0.2476234283961975,3689,1,1
DB00814,Meloxicam,4592,4592,1,2.148223162891986,1.25,220.0,4.286144156580843,0.6780608715156794,1.41419,0.0009690269608013937,0.000172901,0.0648954,8.432288684325794,8.432288684325794,1184,0.2578397212543554,2946,1,1
DB00818,Propofol,3106,3106,1,3.3621488776561494,1.15402,2620.0,47.26003185327061,0.6959522578235673,1.41417,0.001335409691886671,0.000298954,0.0893871,8.041412909393047,8.041412909393047,936,0.3013522215067611,1707,1,1
DB00819,Acetazolamide,1780,1780,1,3.521856897752809,1.66667,80.0,5.251548000790537,0.8211282305617978,1.414,0.002735930150561798,0.00112108,0.0644619,7.484930283289661,7.484930283289661,728,0.40898876404494383,1250,1,1
DB00820,Tadalafil,3221,3221,1,2.1081800894132257,1.07143,40.0,3.000029751245564,0.7105156357652903,1.41419,0.0008539669066128532,0.000114103,0.0858056,8.07775756373692,8.07775756373692,881,0.27351754113629306,1686,1,1
DB00821,Carprofen,33,33,1,12.478113636363636,10.0,70.0,15.155297624380562,1.1705054848484848,1.39359,0.09090906666666666,0.0526316,0.368421,3.5263605246161616,3.5263605246161616,28,0.8484848484848485,32,1,1
DB00822,Disulfiram,919,919,1,3.8454970707290537,2.0,110.0,6.280659312488127,0.8578078367791078,1.41367,0.005451306811751904,0.00278552,0.116992,6.824373670043086,6.824373670043086,439,0.4776931447225245,707,1,1
DB00825,Levomenthol,14,14,1,6.330009285714286,4.375,20.0,4.977414840185561,0.9495872142857144,1.37032,0.20634899999999998,0.1666665,0.333333,2.70805020110221,2.70805020110221,13,0.9285714285714286,14,1,1
DB00826,Natamycin,50,50,1,6.75857106,5.0,30.0,5.354083591170107,1.15458072,1.40026,0.050000029999999994,0.0357143,0.321429,3.9318256327243257,3.9318256327243257,41,0.82,48,1,1
DB00827,Cinoxacin,12,12,1,7.905092499999999,6.875,20.0,6.68648633104131,1.0543720833333332,1.35752,0.21428550000000002,0.142857,0.428571,2.5649493574615367,2.5649493574615367,10,0.8333333333333334,12,1,1
DB00828,Fosfomycin,596,596,1,3.5013284681208057,1.81818,40.0,4.559274145812206,0.913242332214765,1.41337,0.006109570033557047,0.00217391,0.0826087,6.391917113392602,6.391917113392602,264,0.4429530201342282,422,1,1
DB00829,Diazepam,6462,6462,1,2.265227054317549,1.25,130.0,4.3205697627596695,0.6228386601980811,1.4142,0.0008055321748065614,0.000103242,0.056241,8.773848885262895,8.773848885262895,1666,0.2578149179820489,4123,1,1
DB00831,Trifluoperazine,978,978,1,3.056517178936605,1.66667,70.0,4.137960903641329,0.8427163840490797,1.41373,0.005283950224948875,0.00248447,0.173913,6.88653164253051,6.88653164253051,398,0.4069529652351738,672,1,1
DB00832,Phensuximide,6,6,1,7.5,7.5,10.0,2.7386127875258306,1.1713,1.27802,0.333333,0.333333,0.333333,1.9459101490553132,1.9459101490553132,6,1.0,6,1,1
DB00833,Cefaclor,1242,1242,1,4.1583455,2.22222,50.0,5.144941079934638,0.869286385668277,1.41376,0.004215429492753623,0.00230947,0.113164,7.1252830915107115,7.1252830915107115,639,0.5144927536231884,1024,1,1
DB00834,Mifepristone,626,626,1,5.859589763578275,0.555556,1210.0,65.3014214150021,0.7678792404153355,1.4141,0.0038950594217252396,0.000560853,0.371565,6.440946540632921,6.440946540632921,107,0.17092651757188498,199,1,1
DB00835,Brompheniramine,1047,1047,1,3.42345858930277,1.66667,60.0,4.696057645684777,0.8731512397325693,1.41369,0.004703467125119389,0.00134771,0.0727763,6.954638864880987,6.954638864880987,436,0.4164278892072588,766,1,1
DB00836,Loperamide,4148,4148,1,2.40800025096432,1.25,100.0,4.1202916258378846,0.7013930621986499,1.41418,0.0012019133661041465,0.000266193,0.187223,8.330622620332868,8.330622620332868,1201,0.2895371263259402,2608,1,1
DB00838,Clocortolone,144,144,1,6.409388270833333,5.0,20.0,4.875910935185789,1.150196361111111,1.40238,0.03956227291666667,0.030303,0.181818,4.976733742420574,4.976733742420574,114,0.7916666666666666,135,1,1
DB00839,Tolazamide,198,198,1,5.65735688888889,3.33333,30.0,4.8998216203144125,1.068516090909091,1.40749,0.027690719696969696,0.0172414,0.12069,5.293304824724492,5.293304824724492,146,0.7373737373737373,180,1,1
DB00840,Hydroxypropyl cellulose,29,29,1,5.531061034482758,3.33333,20.0,4.34372506198173,1.1383198275862068,1.38804,0.0781608896551724,0.0666667,0.133333,3.4011973816621555,3.4011973816621555,23,0.7931034482758621,29,1,1
DB00841,Dobutamine,1503,1503,1,3.2882570552228874,1.66667,55.0,4.567574156691949,0.8044456992015969,1.41401,0.003702799992015968,0.00105764,0.1523,7.315883504509785,7.315883504509785,642,0.42714570858283435,1071,1,1
DB00842,Oxazepam,3142,3142,1,2.374749229153405,1.25,100.0,3.770141945505935,0.7328875842775302,1.41416,0.0014799701441756841,0.000293815,0.0644924,8.052933036797567,8.052933036797567,896,0.28516868236791854,1864,1,1
DB00843,Donepezil,3233,3233,1,2.0553206579028767,1.10008,50.0,3.1156903440611843,0.6970993260439221,1.41418,0.0012785913591091865,0.000185546,0.0695797,8.081475040137052,8.081475040137052,781,0.24157129600989793,1702,1,1
DB00844,Nalbuphine,1031,1031,1,4.267367100872939,2.5,60.0,5.216763010855492,0.8953537119301649,1.4135,0.00589909388942774,0.00364299,0.0837887,6.939253946041508,6.939253946041508,599,0.5809893307468477,861,1,1
DB00845,Clofazimine,373,373,1,5.554455455764075,3.33333,80.0,7.404865634315323,0.9796243780160858,1.41217,0.012007900214477212,0.00526316,0.0894737,5.924255797414532,5.924255797414532,231,0.6193029490616622,315,1,1
DB00846,Flurandrenolide,201,201,1,4.661638626865671,3.33333,20.0,4.4487430312519365,1.050498303482587,1.40928,0.019774534825870646,0.0126582,0.0759494,5.308267697401205,5.308267697401205,135,0.6716417910447762,180,1,1
DB00847,Cysteamine,248,248,1,5.437825564516129,3.33333,50.0,6.40425310633985,1.0180548588709677,1.41201,0.01129943693548387,0.00564972,0.129944,5.517452896464707,5.517452896464707,159,0.6411290322580645,206,1,1
DB00848,Levamisole,121,121,1,6.132417727272728,3.33333,90.0,9.7436463388358,1.0088333801652893,1.41057,0.0214721552892562,0.00934579,0.205607,4.804021044733257,4.804021044733257,76,0.628099173553719,99,1,1
DB00850,Perphenazine,1422,1422,1,3.3924877250351617,1.66667,70.0,4.732618211280923,0.8217162532348804,1.41391,0.003762499008438818,0.00156372,0.130571,7.260522598089852,7.260522598089852,597,0.41983122362869196,1022,1,1
DB00851,Dacarbazine,1230,1230,1,3.3733949544715447,1.5,100.0,6.0822777653560625,0.820387266504065,1.41398,0.00284528997398374,0.00117578,0.0687831,7.115582126184454,7.115582126184454,482,0.39186991869918697,811,1,1
DB00852,Pseudoephedrine,3631,3631,1,2.7353825563205727,1.48148,80.0,3.869234757202842,0.7345131037730652,1.41417,0.001312038033324153,0.000241546,0.096256,8.197538739721184,8.197538739721184,1281,0.35279537317543375,2614,1,1
DB00853,Temozolomide,2420,2420,1,3.395664720661157,1.66667,105.0,6.109494743792084,0.7311993348760331,1.41416,0.0016643490123966942,0.000269179,0.0833109,7.791935956938058,7.791935956938058,986,0.40743801652892564,1598,1,1
DB00854,Levorphanol,89,89,1,5.712673483146067,5.0,20.0,4.795401548330516,1.080894404494382,1.40074,0.051530439325842704,0.0344828,0.206897,4.499809670330265,4.499809670330265,68,0.7640449438202247,81,1,1
DB00855,Aminolevulinic acid,67,67,1,6.409329835820896,5.0,30.0,6.28077616660022,1.09725776119403,1.40366,0.03953205820895522,0.027027,0.108108,4.219507705176107,4.219507705176107,54,0.8059701492537313,61,1,1
DB00856,Chlorphenesin,132,132,1,3.9606742727272723,2.36111,20.0,3.6536008710949854,1.0397207727272728,1.40895,0.020679756818181818,0.0135135,0.0810811,4.890349128221754,4.890349128221754,67,0.5075757575757576,116,1,1
DB00857,Terbinafine,3031,3031,1,3.4371476453315735,1.68675,240.0,6.577385667413218,0.7558274766413725,1.41415,0.0014841432118112834,0.000312402,0.0534208,8.016977746762262,8.016977746762262,1282,0.42296271857472784,2176,1,1
DB00859,Penicillamine,701,701,1,4.844277266761769,2.5,70.0,6.313118337805373,0.9509029343794578,1.41321,0.006146196576319544,0.00257069,0.0514139,6.553933404025811,6.553933404025811,399,0.5691868758915835,576,1,1
DB00860,Prednisolone,7595,7595,1,2.3775737016458196,1.28205,80.0,3.7583210799974287,0.6010920711389072,1.41421,0.000546178859078341,8.05591e-05,0.054901,8.935377071932177,8.935377071932177,2246,0.2957208689927584,4755,1,1
DB00861,Diflunisal,644,644,1,3.742193641304348,2.5,30.0,3.7722903127260525,0.9400068229813664,1.41283,0.008626030372670809,0.00355872,0.088968,6.4692503167957724,6.4692503167957724,351,0.5450310559006211,549,1,1
DB00862,Vardenafil,1740,1740,1,2.7947740580459772,1.11111,62.8571,5.3038178199356345,0.7735770963793103,1.41415,0.0013279432925287357,0.000326797,0.23268,7.462214939768189,7.462214939768189,532,0.3057471264367816,905,1,1
DB00864,Tacrolimus,6019,6019,1,2.586877855125436,1.30435,250.0,5.292267023198036,0.6355345904801463,1.4142,0.0006761810261505234,0.00013289,0.0530897,8.702842538302868,8.702842538302868,1927,0.3201528493105167,3648,1,1
DB00865,Benzphetamine,72,72,1,7.247123902777777,5.0,25.0,5.563916071056131,1.1463426388888889,1.40161,0.0456989375,0.0322581,0.16129,4.290459441148391,4.290459441148391,59,0.8194444444444444,71,1,1
DB00866,Alprenolol,39,39,1,5.686790333333333,2.66667,40.0,7.141548312369809,1.0825015384615384,1.39642,0.06643353333333334,0.0454545,0.227273,3.6888794541139363,3.6888794541139363,25,0.6410256410256411,33,1,1
DB00867,Ritodrine,287,287,1,8.737253773519164,3.33333,110.0,13.978922566795113,0.9660197944250871,1.41259,0.014518005749128919,0.00833333,0.275,5.662960480135946,5.662960480135946,176,0.6132404181184669,232,1,1
DB00868,Benzonatate,2161,2161,1,3.1425337899120778,1.85567,40.0,3.734302441584548,0.7863709212401665,1.41403,0.003051465079130032,0.000932836,0.117071,7.6787889981991535,7.6787889981991535,945,0.43729754743174454,1698,1,1
DB00869,Dorzolamide,2076,2076,1,2.9287000708092483,1.25,70.0,4.732890539948932,0.7777525733140656,1.4141,0.0018357664157032754,0.000572574,0.0741483,7.638679823876112,7.638679823876112,719,0.34633911368015413,1231,1,1
DB00870,Suprofen,48,48,1,4.3648730625,3.33333,10.0,3.4264803124350127,1.1336871666666666,1.39792,0.046006970833333334,0.0416667,0.0833333,3.8918202981106265,3.8918202981106265,29,0.6041666666666666,40,1,1
DB00871,Terbutaline,1936,1936,1,3.2229396849173555,1.615275,80.0,5.001622014838718,0.7917769026342975,1.41406,0.0022078760485537193,0.000773096,0.071898,7.5688956634069955,7.5688956634069955,758,0.3915289256198347,1318,1,1
DB00872,Conivaptan,45,45,1,4.889273977777777,3.33333,20.0,4.411646295576446,1.0992942666666665,1.40641,0.028,0.02,0.16,3.828641396489095,3.828641396489095,27,0.6,38,1,1
DB00873,Loteprednol,12,12,1,4.770833333333333,4.166665,10.0,3.428770909450932,1.1612325,1.37477,0.10000000000000002,0.1,0.1,2.5649493574615367,2.5649493574615367,7,0.5833333333333334,12,1,1
DB00874,Guaifenesin,3796,3796,1,2.8764986124868286,1.66667,60.0,3.552909380415844,0.7099823403055847,1.41417,0.0016359464220231821,0.000370462,0.104347,8.241966560231802,8.241966560231802,1507,0.3969968387776607,2994,1,1
DB00876,Eprosartan,854,854,1,3.2901914274004684,1.66667,40.0,4.510804873603149,0.8944686194379392,1.41368,0.004099155690866511,0.00136054,0.0598639,6.75110146893676,6.75110146893676,333,0.38992974238875877,580,1,1
DB00877,Sirolimus,2846,2846,1,2.7236683250175684,1.42857,60.0,3.8706296659117716,0.7512574823612088,1.41415,0.001419976528460998,0.000348129,0.0652741,7.954021087278037,7.954021087278037,1016,0.35699226985242444,1819,1,1
DB00878,Chlorhexidine,3324,3324,1,4.907328546931408,2.558645,110.0,6.416933570214083,0.754405401022864,1.41412,0.0023873371432009626,0.000752823,0.0740276,8.109224953089955,8.109224953089955,1998,0.6010830324909747,2803,1,1
DB00879,Emtricitabine,1943,1943,1,2.874048464230571,1.53846,80.0,4.331775214275026,0.7840187340195574,1.4141,0.0017109558265568708,0.000583431,0.0714702,7.572502985020384,7.572502985020384,715,0.36798764796706124,1299,1,1
DB00880,Chlorothiazide,707,707,1,4.160486053748232,2.5,80.0,5.227533259569849,0.9268973125884018,1.41309,0.007865195134370579,0.00289017,0.0809249,6.56244409369372,6.56244409369372,401,0.5671852899575672,573,1,1
DB00881,Quinapril,3365,3365,1,2.43567199435364,1.42857,30.0,2.954764225748342,0.7151291642496286,1.41417,0.0014114971901931649,0.000249563,0.06002,8.121480374750751,8.121480374750751,1051,0.312332838038633,2361,1,1
DB00883,Isosorbide dinitrate,2876,2876,1,2.553985187413074,1.50943,50.0,3.270817211260189,0.7313463908553547,1.41414,0.0018132293317107092,0.000365698,0.0645456,7.964503363551548,7.964503363551548,1009,0.3508344923504868,2030,1,1
DB00884,Risedronic acid,821,821,1,3.152041423873325,1.66667,40.0,3.9837618711836242,0.9065810816077953,1.4136,0.004361692704019489,0.0015873,0.0507937,6.71174039505618,6.71174039505618,342,0.4165651644336175,563,1,1
DB00885,Pemirolast,49,49,1,6.314871367346939,5.0,20.0,4.754763040961679,1.1106627142857144,1.3972,0.06033720816326531,0.0434783,0.173913,3.912023005428146,3.912023005428146,34,0.6938775510204082,45,1,1
DB00887,Bumetanide,2854,2854,1,2.303302985984583,1.25,90.0,3.5994712146867376,0.7252282056762439,1.41414,0.0018069675816398038,0.000361533,0.0918294,7.956827122090111,7.956827122090111,801,0.28065872459705676,1760,1,1
DB00888,Mechlorethamine,202,202,1,4.232986217821782,1.90909,90.0,7.6077331874387575,0.9871366089108912,1.41188,0.011857460594059404,0.00598802,0.179641,5.313205979041787,5.313205979041787,90,0.44554455445544555,141,1,1
DB00889,Granisetron,3006,3006,1,2.342727783433134,1.25,70.0,3.4430192337568353,0.7151820235196275,1.41416,0.0016048232302062542,0.000277008,0.0903047,8.008698182988528,8.008698182988528,852,0.2834331337325349,1884,1,1
DB00890,Dienestrol,2,2,1,5.9375,5.9375,10.0,5.745242597140699,0.8767475,1.33417,0.4,0.4,0.6,1.0986122886681098,1.0986122886681098,1,0.5,2,1,1
DB00896,Rimexolone,148,148,1,7.584869581081081,3.33333,100.0,12.373992268274836,1.020079972972973,1.40958,0.026544419594594595,0.0119048,0.190476,5.003946305945459,5.003946305945459,97,0.6554054054054054,130,1,1
DB00897,Triazolam,2486,2486,1,2.9480901777956556,1.53846,140.0,5.042953849152822,0.7668512469428801,1.41411,0.0018927196122284797,0.000519751,0.0504158,7.818832443803404,7.818832443803404,895,0.3600160901045857,1658,1,1
DB00898,Ethanol,1551,1551,1,2.039244075435203,0.909091,52.2222,3.6651398491674634,0.7266170829787234,1.41416,0.0020622181134751774,0.000258632,0.317729,7.347299700743164,7.347299700743164,369,0.2379110251450677,724,1,1
DB00899,Remifentanil,1041,1041,1,2.463485332372718,1.11111,60.0,4.137120831686309,0.7659426352545629,1.414,0.003039612744476465,0.0010805,0.0788763,6.948897222313312,6.948897222313312,302,0.29010566762728146,551,1,1
DB00900,Didanosine,2164,2164,1,3.7385973197781883,1.66667,192.5,8.837658221881036,0.7453166873844732,1.41412,0.002131442561460259,0.000484144,0.0665698,7.68017564043659,7.68017564043659,894,0.41312384473197783,1523,1,1
DB00901,Bitolterol,33,33,1,6.3249154545454545,5.0,20.0,4.210856872153585,1.1798193636363636,1.38142,0.09343435454545454,0.0833333,0.166667,3.5263605246161616,3.5263605246161616,28,0.8484848484848485,33,1,1
DB00902,Methdilazine,5,5,1,9.0,10.0,10.0,2.2360679774997894,1.272072,1.31339,0.25,0.25,0.25,1.791759469228055,1.791759469228055,5,1.0,5,1,1
DB00904,Ondansetron,6006,6006,1,2.130638688145188,1.25,70.0,3.1671942636156873,0.6311822992174492,1.4142,0.0008772496773226773,0.000100823,0.127138,8.700680734850161,8.700680734850161,1491,0.24825174825174826,3776,1,1
DB00905,Bimatoprost,1971,1971,1,4.142346217148655,0.8,630.0,23.3232729693126,0.7394005161339421,1.41417,0.0014360497559614408,0.000233372,0.124387,7.586803535162581,7.586803535162581,493,0.25012683916793504,838,1,1
DB00906,Tiagabine,1206,1206,1,3.404513952736318,2.0,40.0,3.950169735151048,0.8191944913764511,1.41383,0.004862127192371476,0.00196078,0.182353,7.095893221097532,7.095893221097532,580,0.48092868988391374,942,1,1
DB00907,Cocaine,1413,1413,1,2.3373130559094126,1.11111,30.0,3.5096064145341743,0.7495679304317056,1.41413,0.0023705677664543527,0.000441989,0.209945,7.254177846456518,7.254177846456518,408,0.28874734607218683,732,1,1
DB00908,Quinidine,948,948,1,4.340799272151898,2.5,40.0,4.671076403602301,0.8968764651898734,1.41341,0.00671545917721519,0.00411523,0.0761317,6.855408798609928,6.855408798609928,541,0.570675105485232,794,1,1
DB00909,Zonisamide,2440,2440,1,2.819719313934426,1.31454,130.0,5.119597476621047,0.7673682912295082,1.41413,0.0017031187213114756,0.000449741,0.14729,7.80016307039296,7.80016307039296,806,0.330327868852459,1514,1,1
DB00910,Paricalcitol,1830,1830,1,3.0293496349726774,1.25,130.0,6.042602249073161,0.7806796979234972,1.41415,0.0012704610945355192,0.000301432,0.329013,7.5126175446745105,7.5126175446745105,616,0.3366120218579235,1011,1,1
DB00911,Tinidazole,220,220,1,4.35314270909091,2.5,30.0,4.5650147750279215,1.0209295136363636,1.41091,0.015215724272727273,0.00847458,0.0847458,5.3981627015177525,5.3981627015177525,129,0.5863636363636363,175,1,1
DB00912,Repaglinide,2350,2350,1,2.313267317021277,1.2477749999999999,50.0,3.196501294847418,0.7630462004680851,1.41413,0.0016680451012765958,0.000427168,0.0935498,7.762596048540069,7.762596048540069,664,0.2825531914893617,1383,1,1
DB00914,Phenformin,14,14,1,9.047618571428572,10.0,30.0,6.6575032995224,1.2304475,1.37032,0.1349205,0.111111,0.333333,2.70805020110221,2.70805020110221,14,1.0,14,1,1
DB00915,Amantadine,2735,2735,1,2.900464693235832,1.53846,300.0,6.6143630909039794,0.7548096178062157,1.41413,0.0018385832976234003,0.000429,0.0673531,7.914252278742441,7.914252278742441,1030,0.376599634369287,1896,1,1
DB00916,Metronidazole,5115,5115,1,2.7952827718475075,1.56863,107.5,4.0127817839223,0.6686786590029326,1.41419,0.001061057975483871,0.000188964,0.0699798,8.540128162698734,8.540128162698734,1889,0.36930596285434997,3746,1,1
DB00917,Dinoprostone,376,376,1,10.785250760638297,2.264955,440.0,31.81203583214143,0.9265517712765957,1.41335,0.009573290611702128,0.00442478,0.380531,5.932245187448011,5.932245187448011,194,0.5159574468085106,267,1,1
DB00918,Almotriptan,636,636,1,3.822688011006289,2.0,60.0,5.331399498902673,0.9224682720125787,1.41323,0.0072605715880503146,0.00253165,0.0911392,6.456769655572163,6.456769655572163,309,0.4858490566037736,501,1,1
DB00919,Spectinomycin,5,5,1,13.333333999999999,10.0,20.0,6.2360947537525435,1.0251352,1.31339,0.45,0.5,0.5,1.791759469228055,1.791759469228055,5,1.0,5,1,1
DB00920,Ketotifen,1039,1039,1,3.946247584215592,2.0,330.0,11.361346093840734,0.8696518404234842,1.41391,0.003158894680461983,0.00153728,0.139124,6.946975992135418,6.946975992135418,476,0.45813282001924927,731,1,1
DB00921,Buprenorphine,6115,6115,1,1.9879521031888798,1.0,260.0,4.935889125893772,0.6328479638757154,1.41421,0.0005849324635322976,5.92768e-05,0.0715669,8.718663567048953,8.718663567048953,1238,0.20245298446443172,3036,1,1
DB00922,Levosimendan,71,71,1,6.5895972253521125,5.0,30.0,5.219626243062121,1.1474138309859154,1.40306,0.03943661408450704,0.0285714,0.2,4.276666119016055,4.276666119016055,55,0.7746478873239436,67,1,1
DB00924,Cyclobenzaprine,4948,4948,1,2.405863310630558,1.42857,40.0,2.9054245293902476,0.6628887948666128,1.41419,0.0011743634885206145,0.000166741,0.0923188,8.506940814951886,8.506940814951886,1586,0.32053354890864993,3554,1,1
DB00925,Phenoxybenzamine,123,123,1,6.593142178861789,4.28571,80.0,8.468713448263706,1.071768130081301,1.40737,0.031094013821138213,0.0175439,0.140351,4.820281565605037,4.820281565605037,92,0.7479674796747967,117,1,1
DB00926,Etretinate,278,278,1,6.071340561151079,4.375,36.6667,6.215914332268158,1.0309608417266187,1.4111,0.01666187050359712,0.008,0.168,5.631211781821365,5.631211781821365,189,0.6798561151079137,253,1,1
DB00927,Famotidine,5832,5832,1,2.3219670236625514,1.4,40.0,2.995736275874961,0.6524668815500686,1.4142,0.00092520234478738,0.000131314,0.0624179,8.671286726753637,8.671286726753637,1716,0.294238683127572,3948,1,1
DB00928,Azacitidine,1788,1788,1,3.185255505033557,1.6064500000000002,90.0,5.293261838519101,0.7690883012863535,1.41414,0.0019643789876957495,0.000393933,0.133543,7.489412083508719,7.489412083508719,721,0.40324384787472034,1144,1,1
DB00929,Misoprostol,3190,3190,1,3.5318830984326017,0.909091,1620.0,36.42989263496205,0.7380057588087775,1.41417,0.0011882454294670846,0.000247341,0.168563,8.068089626278244,8.068089626278244,786,0.2463949843260188,1450,1,1
DB00930,Colesevelam,1747,1747,1,2.658156155695478,1.42857,65.0,3.52123784288989,0.7964454500286205,1.41406,0.0024877197309673723,0.00080289,0.0750703,7.466227556215481,7.466227556215481,583,0.3337149398969662,1179,1,1
DB00932,Tipranavir,834,834,1,4.469581309352518,1.66667,190.0,10.94247215992886,0.8336526449640288,1.41387,0.0037857727098321342,0.00177778,0.144,6.727431724850855,6.727431724850855,359,0.4304556354916067,541,1,1
DB00933,Mesoridazine,86,86,1,6.342941627906977,5.0,40.0,6.5076405893152405,1.0503259534883722,1.40074,0.05453087441860465,0.0344828,0.172414,4.465908118654584,4.465908118654584,62,0.7209302325581395,82,1,1
DB00934,Maprotiline,911,911,1,3.9158556520307353,2.08333,60.0,5.263781649047445,0.8737736190998902,1.41353,0.005904443688254665,0.00350877,0.0824561,6.815639990074331,6.815639990074331,457,0.5016465422612514,707,1,1
DB00935,Oxymetazoline,1176,1176,1,3.897870171768708,1.57895,305.714,13.221357112504084,0.8588813225340136,1.414,0.0027825507916666666,0.000546747,0.234008,7.0707241072602764,7.0707241072602764,455,0.3869047619047619,778,1,1
DB00936,Salicylic acid,1037,1037,1,3.628965324975892,1.30435,334.0,13.243750371668703,0.8433695587270974,1.41403,0.0023886029344262296,0.000949217,0.198386,6.945051063725834,6.945051063725834,376,0.36258437801350046,588,1,1
DB00937,Diethylpropion,203,203,1,3.974470822660099,2.5,20.0,4.066241852046496,1.0197712561576355,1.40952,0.02083211083743842,0.0120482,0.156627,5.318119993844216,5.318119993844216,113,0.5566502463054187,175,1,1
DB00938,Salmeterol,5560,5560,1,1.8354065602517984,1.058235,50.0,2.646563537869717,0.6248757691906475,1.4142,0.0006785229820863309,6.60444e-05,0.136976,8.623533227187563,8.623533227187563,1144,0.20575539568345325,2918,1,1
DB00940,Methantheline,5,5,1,7.666666000000001,10.0,10.0,3.2489325597463545,1.252672,1.34784,0.166667,0.166667,0.166667,1.791759469228055,1.791759469228055,5,1.0,5,1,1
DB00943,Zalcitabine,361,361,1,5.265470274238227,2.72727,40.0,5.989062022820518,0.9636468531855955,1.4121,0.012932072465373963,0.00543478,0.125,5.8916442118257715,5.8916442118257715,216,0.5983379501385041,312,1,1
DB00944,Demecarium,20,20,1,5.97499915,5.0,10.0,3.5074176396780836,1.2157431,1.3784,0.0909091,0.0909091,0.0909091,3.044522437723423,3.044522437723423,18,0.9,19,1,1
DB00946,Phenprocoumon,2383,2383,1,3.0610243164078894,1.6129,43.3333,4.115935041975687,0.7702581191355434,1.41412,0.0017972727931179185,0.000492005,0.110209,7.776535028185241,7.776535028185241,940,0.39446076374318084,1587,1,1
DB00947,Fulvestrant,2037,2037,1,5.129447709867452,3.125,130.0,6.817114806030906,0.780215578694158,1.41404,0.003371097545409917,0.0008726,0.0754799,7.61972421378267,7.61972421378267,1299,0.6377025036818851,1763,1,1
DB00948,Mezlocillin,42,42,1,6.818155404761905,5.0,30.0,5.897664386086945,1.1663237142857144,1.39557,0.05895687142857143,0.047619,0.142857,3.7612001156935624,3.7612001156935624,34,0.8095238095238095,40,1,1
DB00949,Felbamate,453,453,1,4.028059984547461,2.0,60.0,5.478258278588006,0.8917746333333334,1.41329,0.007612992715231788,0.00477327,0.303103,6.118097198041348,6.118097198041348,211,0.46578366445916114,333,1,1
DB00950,Fexofenadine,4918,4918,1,2.1664009827165516,1.2766,40.0,2.7215758632842046,0.6700825282431884,1.41419,0.0009305342163684425,0.000152076,0.0996097,8.50086053679534,8.50086053679534,1316,0.2675884505896706,3202,1,1
DB00951,Isoniazid,3104,3104,1,3.2104140251288658,1.66667,93.3333,5.1955380701147575,0.7491451175257732,1.41415,0.001419159519329897,0.000309215,0.0901361,8.040768994367578,8.040768994367578,1275,0.4107603092783505,2072,1,1
DB00952,Naratriptan,886,886,1,3.527554159142212,1.77827,100.0,5.384456770054633,0.8824412652370204,1.41367,0.004801145214446952,0.00277393,0.137309,6.787844982309579,6.787844982309579,399,0.4503386004514673,655,1,1
DB00953,Rizatriptan,1998,1998,1,2.8486868968968966,1.5,50.0,3.8347862981466028,0.7871261577077077,1.41407,0.0023846195845845844,0.000728067,0.0997452,7.6004023345004,7.6004023345004,734,0.36736736736736736,1398,1,1
DB00954,Dirithromycin,96,96,1,4.907235260416667,3.541665,10.0,3.4798298726449985,1.1523743020833332,1.39244,0.06307874375,0.0555556,0.277778,4.574710978503383,4.574710978503383,71,0.7395833333333334,83,1,1
DB00955,Netilmicin,232,232,1,5.359876284482758,3.33333,50.0,7.1617417683316065,1.0178863922413792,1.41054,0.017282036465517243,0.00943396,0.0943396,5.4510384535657,5.4510384535657,145,0.625,191,1,1
DB00956,Hydrocodone,7114,7114,1,2.011608405257239,1.313245,50.0,2.533496247992058,0.5867785658560585,1.41421,0.0007566494197357323,6.5336e-05,0.0876482,8.869960510523953,8.869960510523953,1755,0.24669665448411582,4811,1,1
DB00957,Norgestimate,1320,1320,1,4.581363042424242,2.5,90.0,6.479663067504248,0.8420267384090909,1.414,0.003232465612878788,0.00111421,0.0818942,7.186144304522325,7.186144304522325,759,0.575,1079,1,1
DB00958,Carboplatin,4153,4153,1,2.369749438718998,1.25,190.0,4.908664744668181,0.6326523845894534,1.4142,0.0010000673489525644,0.000130822,0.0821995,8.331827004436057,8.331827004436057,1113,0.2679990368408379,2532,1,1
DB00959,Methylprednisolone,6884,6884,1,2.4748083686809994,1.45455,70.0,3.5311967245593614,0.6186131696978502,1.4142,0.0007377491799244625,0.000120283,0.0583672,8.837100411162755,8.837100411162755,2240,0.3253922138291691,4866,1,1
DB00960,Pindolol,700,700,1,3.4591494742857147,2.0,50.0,4.036712986570421,0.9035063700000001,1.41329,0.0067119144142857145,0.0023753,0.0807601,6.55250788703459,6.55250788703459,329,0.47,554,1,1
DB00961,Mepivacaine,657,657,1,4.601887299847793,2.5,100.0,6.366924773773718,0.9505366316590563,1.41327,0.006232356377473364,0.00242718,0.0849515,6.489204931325317,6.489204931325317,391,0.5951293759512938,512,1,1
DB00962,Zaleplon,1513,1513,1,3.567746664904164,2.22222,35.0,4.026260660716521,0.8331418534038335,1.41389,0.003983300516853933,0.00167084,0.182122,7.322510433997394,7.322510433997394,796,0.5261070720423001,1231,1,1
DB00963,Bromfenac,528,528,1,5.679144899621212,2.1825400000000004,180.0,12.445571295151328,0.9591394678030303,1.4133,0.0062850387121212116,0.00234192,0.0843091,6.270988431858299,6.270988431858299,266,0.5037878787878788,380,1,1
DB00964,Apraclonidine,159,159,1,6.614169924528301,3.33333,50.0,8.567787812669568,0.9879063710691823,1.41097,0.020545071257861636,0.00833333,0.125,5.075173815233827,5.075173815233827,108,0.6792452830188679,129,1,1
DB00965,Ethiodized oil,194,194,1,6.054180530927836,3.33333,50.0,7.68334170539081,1.025772469072165,1.41188,0.01422926855670103,0.00598802,0.670659,5.272999558563747,5.272999558563747,125,0.6443298969072165,155,1,1
DB00966,Telmisartan,3756,3756,1,2.1550925162406815,1.179635,70.0,3.067078001297067,0.7025819498402556,1.41418,0.0009680636219914804,0.000232162,0.045349,8.231376045573969,8.231376045573969,963,0.2563897763578275,2202,1,1
DB00967,Desloratadine,2842,2842,1,2.6149461280788175,1.42857,50.0,3.530020061884352,0.7391474381421533,1.41414,0.001599894724489796,0.000388425,0.0592348,7.952615111651,7.952615111651,972,0.34201266713581985,1960,1,1
DB00968,Methyldopa,1818,1818,1,5.190977689218921,1.66667,110.0,9.911393817440457,0.8286413378437845,1.41403,0.0027449507645764576,0.000968054,0.117135,7.506042178518122,7.506042178518122,806,0.44334433443344334,1245,1,1
DB00969,Alosetron,494,494,1,4.777147447368422,1.7029,340.0,16.46610396948025,0.9390220141700406,1.41352,0.00632411447368421,0.00177305,0.182624,6.20455776256869,6.20455776256869,218,0.44129554655870445,313,1,1
DB00970,Dactinomycin,900,900,1,3.8624700655555553,1.53846,180.0,8.768983102116067,0.8478635705555555,1.41388,0.0037056242377777777,0.00172712,0.106218,6.803505257608338,6.803505257608338,369,0.41,563,1,1
DB00971,Selenium Sulfide,404,404,1,3.898677091584158,2.406895,20.0,3.9591682446033287,0.9782711188118812,1.41198,0.011095950222772278,0.00574713,0.0632184,6.003887067106539,6.003887067106539,214,0.5297029702970297,326,1,1
DB00972,Azelastine,2284,2284,1,2.9070246147110335,1.66667,50.0,3.5731723963637343,0.780147032793345,1.41407,0.0023880383091068303,0.000734484,0.0837312,7.734121303328305,7.734121303328305,882,0.3861646234676007,1746,1,1
DB00973,Ezetimibe,4484,4484,1,1.9919276645851915,1.11111,50.0,2.891095987086372,0.6727308853033006,1.4142,0.0008474494389384478,0.000137419,0.0662819,8.408493774492896,8.408493774492896,1012,0.2256913470115968,2529,1,1
DB00975,Dipyridamole,2854,2854,1,2.6875063980378417,1.40845,60.0,3.892080624988578,0.7540650226348983,1.41415,0.0014156687617379118,0.00032515,0.0829133,7.956827122090111,7.956827122090111,930,0.3258584442887176,1861,1,1
DB00976,Telithromycin,1595,1595,1,4.04125773291536,2.0,180.0,8.173141059242582,0.7926771166144201,1.41408,0.0027723907028213163,0.000706215,0.117585,7.3752557780097545,7.3752557780097545,774,0.4852664576802508,1177,1,1
DB00978,Lomefloxacin,133,133,1,6.256556436090225,5.0,40.0,6.004512735496096,1.064500969924812,1.40803,0.02637544285714286,0.015873,0.0793651,4.897839799950911,4.897839799950911,103,0.7744360902255639,123,1,1
DB00979,Cyclopentolate,448,448,1,6.431123694196429,2.5,205.0,15.580737111066705,0.9204680580357143,1.41341,0.006834215848214286,0.00205761,0.090535,6.1070228877422545,6.1070228877422545,238,0.53125,311,1,1
DB00980,Ramelteon,1591,1591,1,2.45778509239472,1.11111,45.0562,3.8691583799617715,0.7888857794468886,1.4141,0.001928141851665619,0.000580889,0.182109,7.3727463664043285,7.3727463664043285,465,0.29226901319924575,861,1,1
DB00981,Physostigmine,41,41,1,8.083624146341464,5.0,40.0,7.332968008702879,1.1238326829268293,1.38804,0.09756094146341464,0.0666667,0.266667,3.7376696182833684,3.7376696182833684,33,0.8048780487804879,41,1,1
DB00982,Isotretinoin,3787,3787,1,5.781677986004753,1.33333,2353.33,44.68926663903536,0.7073611352521785,1.4142,0.0010179186222075522,0.00012837,0.211468,8.239593454305968,8.239593454305968,1426,0.37655135991550037,2178,1,1
DB00983,Formoterol,4724,4724,1,2.0236905213801863,1.11111,40.0,2.8394948594692737,0.6628861990897544,1.4142,0.0007832677877011008,9.65779e-05,0.17722,8.460622839927844,8.460622839927844,1185,0.25084674005080443,2571,1,1
DB00985,Dimenhydrinate,1463,1463,1,3.3272618489405335,1.66667,70.0,4.947537563295928,0.8425934360218729,1.41392,0.0034145486226930966,0.00150489,0.110609,7.288927694521257,7.288927694521257,585,0.3998632946001367,1070,1,1
DB00986,Glycopyrronium,248,248,1,3.912354858870968,2.30769,20.0,4.076123421662388,0.9752035524193549,1.41135,0.013846064838709678,0.00735294,0.0808824,5.517452896464707,5.517452896464707,129,0.5201612903225806,192,1,1
DB00987,Cytarabine,3532,3532,1,2.7218782715175536,1.42857,85.0,4.320972986919582,0.6484698629954699,1.41419,0.0013739096945073613,0.000218946,0.118742,8.169902647359145,8.169902647359145,1235,0.3496602491506229,2333,1,1
DB00988,Dopamine,2072,2072,1,3.145588809362934,1.769915,70.0,4.0725282457447385,0.7768617996138997,1.41406,0.0033030751317567565,0.000788022,0.166667,7.636752112435779,7.636752112435779,891,0.430019305019305,1510,1,1
DB00989,Rivastigmine,2713,2713,1,2.728422957980096,1.30435,390.0,8.859212876587632,0.7141129129377073,1.41418,0.0013734868949502395,0.000196928,0.120421,7.906178840394815,7.906178840394815,897,0.33063029856247694,1648,1,1
DB00990,Exemestane,2565,2565,1,3.3100421419103316,1.89127,40.0,4.101549639500901,0.7379087672904483,1.41414,0.0018276508382066277,0.000583317,0.08147,7.850103545175582,7.850103545175582,1183,0.4612085769980507,1911,1,1
DB00991,Oxaprozin,1292,1292,1,3.4734089535603716,2.0991400000000002,40.0,3.6366697977254074,0.8433635294117647,1.41382,0.004377311996904025,0.00203252,0.106707,7.164720378771857,7.164720378771857,655,0.5069659442724458,1049,1,1
DB00993,Azathioprine,5542,5542,1,2.905165016961386,1.42857,130.0,4.988993168163473,0.6732376963731505,1.4142,0.000733707619090581,0.000142383,0.0556241,8.620291149419804,8.620291149419804,1974,0.35618910140743415,3736,1,1
DB00994,Neomycin,1307,1307,1,3.8825163511859215,2.10526,80.0,5.200124148618077,0.8936410175975517,1.41381,0.0034886214537107885,0.00209205,0.165272,7.176254532017144,7.176254532017144,659,0.5042081101759756,997,1,1
DB00995,Auranofin,285,285,1,4.6777494631578955,2.5,50.0,5.28895034617844,1.0179868245614034,1.4111,0.014231578947368421,0.008,0.08,5.655991810819852,5.655991810819852,172,0.6035087719298246,229,1,1
DB00996,Gabapentin,7591,7591,1,1.9422775343169543,1.20635,60.0,2.6584528151318962,0.5880549664998024,1.41421,0.0006393686269529706,5.55756e-05,0.0955345,8.934850340289763,8.934850340289763,1698,0.22368594388091162,4708,1,1
DB00997,Doxorubicin,4749,4749,1,2.2611877930090545,1.0632,100.0,4.533238057976751,0.6142168255843335,1.4142,0.0007931743715097916,0.000138222,0.0964097,8.465899897028686,8.465899897028686,1146,0.24131396083385975,2496,1,1
DB00998,Frovatriptan,640,640,1,3.4365042343749996,2.0,40.0,3.72169964147737,0.9238828187499999,1.41323,0.007080699828124999,0.00253165,0.16962,6.46302945692067,6.46302945692067,317,0.4953125,498,1,1
DB00999,Hydrochlorothiazide,7482,7482,1,1.9276515962309544,1.19048,50.0,2.603929427595569,0.5871976538091419,1.41421,0.0006338493079123229,5.93067e-05,0.0677579,8.920389060080359,8.920389060080359,1569,0.20970328789093826,4811,1,1
DB01002,Levobupivacaine,243,243,1,6.070548983539095,3.33333,60.0,8.647678913078867,0.9830195020576131,1.41215,0.012193258353909466,0.00529101,0.137566,5.497168225293202,5.497168225293202,140,0.5761316872427984,186,1,1
DB01004,Ganciclovir,2155,2155,1,2.897976546635731,1.66667,53.3333,3.6944752091494273,0.7808327672853829,1.41408,0.0023538504793503483,0.000711238,0.134068,7.6760099320288875,7.6760099320288875,839,0.3893271461716937,1534,1,1
DB01005,Hydroxyurea,2467,2467,1,3.10939849655452,1.57895,100.0,4.6579892169191375,0.7794751317794892,1.41412,0.0017686627353060399,0.000475511,0.0627675,7.811163385025279,7.811163385025279,956,0.387515200648561,1705,1,1
DB01006,Letrozole,3504,3504,1,4.144555989726027,2.27273,80.0,5.528956626756287,0.7338442712043379,1.41416,0.001495161006278539,0.000393597,0.0781947,8.16194579946869,8.16194579946869,1854,0.5291095890410958,2760,1,1
DB01007,Tioconazole,146,146,1,25.844831924657534,1.11111,1065.0,122.96772642301593,0.8728614746575343,1.41376,0.009997141438356165,0.00115473,0.250577,4.990432586778736,4.990432586778736,56,0.3835616438356164,77,1,1
DB01008,Busulfan,2031,2031,1,2.576437253077302,1.2766,76.0,4.281087224988083,0.7067564313146233,1.41414,0.0021982597291974396,0.000588928,0.113271,7.616775808698373,7.616775808698373,634,0.3121614967996061,1218,1,1
DB01009,Ketoprofen,3099,3099,1,2.6617984604711196,1.42857,40.0,3.4277174657170044,0.7585069665053243,1.41414,0.0014768915737334624,0.000378286,0.0573104,8.039157390473237,8.039157390473237,1096,0.35366247176508553,2051,1,1
DB01010,Edrophonium,11,11,1,9.090909090909092,10.0,10.0,2.0225995873897262,1.2414932727272727,1.35752,0.168831,0.142857,0.285714,2.4849066497880004,2.4849066497880004,11,1.0,11,1,1
DB01011,Metyrapone,188,188,1,5.64713735106383,3.0384599999999997,80.0,8.587863943374737,0.9553926542553192,1.41124,0.0172567914893617,0.00763359,0.122137,5.241747015059643,5.241747015059643,109,0.5797872340425532,152,1,1
DB01012,Cinacalcet,2128,2128,1,3.395906967575188,1.36364,560.0,13.318983531088367,0.7750282877349624,1.41414,0.0015057190117481203,0.000379147,0.0970616,7.663407664893479,7.663407664893479,748,0.35150375939849626,1303,1,1
DB01014,Balsalazide,941,941,1,3.2803680393198724,1.66667,40.0,4.073043436184389,0.8699119404888417,1.41383,0.0039443090754516475,0.00099108,0.103072,6.848005274576363,6.848005274576363,394,0.41870350690754515,693,1,1
DB01015,Sulfamethoxazole,6243,6243,1,1.9670759974371297,1.14286,100.0,3.0793597156378487,0.6296048437289764,1.4142,0.0008202724047092744,0.000111041,0.088981,8.739376281635323,8.739376281635323,1458,0.23354156655454109,3589,1,1
DB01016,Glyburide,4715,4715,1,2.070677409968187,1.15385,50.0,2.8342479284495177,0.6716119357158006,1.4142,0.0009461213773276775,0.000136178,0.143486,8.458716261657262,8.458716261657262,1104,0.23414634146341465,2778,1,1
DB01017,Minocycline,2854,2854,1,3.940812782761037,1.81818,620.0,13.570847944392547,0.7653821690259286,1.41413,0.0017123045133146462,0.000412712,0.0689228,7.956827122090111,7.956827122090111,1262,0.4421864050455501,2129,1,1
DB01018,Guanfacine,1213,1213,1,3.113267403957131,1.66667,80.0,4.093513894189705,0.8235768500412202,1.41398,0.0032847036537510302,0.00120409,0.0752559,7.101675971619444,7.101675971619444,514,0.4237427864798021,850,1,1
DB01019,Bethanechol,961,961,1,3.237527779396462,1.92308,40.0,3.7716214307099167,0.8868080915712799,1.41347,0.0058400474297606655,0.00191939,0.0767754,6.8690144506657065,6.8690144506657065,417,0.4339229968782518,763,1,1
DB01021,Trichlormethiazide,1145,1145,1,3.057435998253275,1.66667,50.0,3.7671574212772607,0.8350667467248909,1.41392,0.0034231874934497817,0.00150376,0.0714286,7.044032897274685,7.044032897274685,475,0.4148471615720524,799,1,1
DB01023,Felodipine,2829,2829,1,2.4525875662778365,1.25,70.0,3.702814118802071,0.7363378622127961,1.41415,0.0014815340392364794,0.000336134,0.052437,7.948031990637284,7.948031990637284,804,0.2841993637327678,1717,1,1
DB01024,Mycophenolic acid,2626,2626,1,3.0980240502665652,1.66667,116.667,4.560267735127789,0.7841024465727342,1.41411,0.0016990387220106628,0.000507614,0.0860406,7.87359778968554,7.87359778968554,1054,0.4013709063214014,1851,1,1
DB01025,Amlexanox,28,28,1,6.837159642857143,5.0,20.0,4.147164305305924,1.1809721071428572,1.37032,0.126984,0.111111,0.222222,3.367295829986474,3.367295829986474,24,0.8571428571428571,28,1,1
DB01026,Ketoconazole,2329,2329,1,3.708465465865178,2.0,80.0,4.799024117393241,0.7939828679261486,1.41406,0.0024698213379132673,0.000805802,0.0664786,7.753623546559746,7.753623546559746,1112,0.47745813653928726,1886,1,1
DB01028,Methoxyflurane,13,13,1,7.435896923076924,10.0,10.0,2.935683596139022,1.2288438461538462,1.33417,0.2,0.2,0.2,2.6390573296152584,2.6390573296152584,13,1.0,13,1,1
DB01029,Irbesartan,4581,4581,1,2.0012314160663607,1.16667,40.0,2.616452282493331,0.6794342468674962,1.41419,0.0008667178330495525,0.000157266,0.0540994,8.42989086301344,8.42989086301344,1110,0.24230517354289458,2724,1,1
DB01030,Topotecan,1381,1381,1,3.1377485785662564,1.66667,50.0,4.573537797084095,0.787922602679218,1.41406,0.003033562469225199,0.00080064,0.128102,7.231287004327616,7.231287004327616,568,0.4112961622013034,927,1,1
DB01032,Probenecid,935,935,1,3.649847257754011,2.0,50.0,4.5797168659157625,0.9027378823529412,1.41349,0.00530761392513369,0.00186916,0.0560748,6.841615476477592,6.841615476477592,449,0.4802139037433155,741,1,1
DB01033,Mercaptopurine,2825,2825,1,3.5819892700884957,1.68,340.0,8.098414248417331,0.7676895003893806,1.41415,0.0013779386803539823,0.000327708,0.0671801,7.946617563244473,7.946617563244473,1214,0.42973451327433626,2014,1,1
DB01035,Procainamide,515,515,1,6.410505244660195,5.0,50.0,6.046474094531082,0.9399431689320389,1.41173,0.017958087941747573,0.0127389,0.133758,6.246106765481563,6.246106765481563,395,0.7669902912621359,480,1,1
DB01036,Tolterodine,3597,3597,1,2.4750178801779263,1.36364,50.0,3.2088578369108265,0.7110257283013622,1.41418,0.0012323598217403391,0.000194647,0.118735,8.188133414510478,8.188133414510478,1142,0.31748679455101475,2399,1,1
DB01037,Selegiline,1336,1336,1,3.102031806886228,1.46863,80.0,4.655886322319825,0.7947386155688624,1.41402,0.0029163867649700595,0.001002,0.0676353,7.198183577101943,7.198183577101943,518,0.38772455089820357,867,1,1
DB01039,Fenofibrate,4608,4608,1,2.0767486612413197,1.163215,40.0,2.8443055597987295,0.6706284192925347,1.4142,0.0008667399283637153,0.000136743,0.0556087,8.435766192720509,8.435766192720509,1134,0.24609375,2677,1,1
DB01041,Thalidomide,4185,4185,1,2.833921561529271,1.42857,540.0,9.382949322127839,0.6846793296774193,1.41419,0.000866868576702509,0.000144977,0.260813,8.339500903005945,8.339500903005945,1507,0.36009557945041815,2576,1,1
DB01042,Melphalan,3408,3408,1,3.3730112975352116,1.66667,290.0,8.953955031923968,0.681431633157277,1.41417,0.0014442763292253523,0.000327797,0.0773601,8.134174272137903,8.134174272137903,1398,0.4102112676056338,2467,1,1
DB01043,Memantine,2666,2666,1,1.8163222359339835,0.969103,30.0,2.6199377058008313,0.7031461986871719,1.41417,0.0013418460843960989,0.00021978,0.0941758,7.888709524182015,7.888709524182015,573,0.21492873218304576,1262,1,1
DB01044,Gatifloxacin,1966,1966,1,3.5863675162767037,1.78571,100.0,5.483097417882755,0.78115581017294,1.41408,0.0022586672599186164,0.000709975,0.139865,7.584264818389059,7.584264818389059,892,0.4537131230925738,1436,1,1
DB01046,Lubiprostone,1626,1626,1,3.129437249077491,1.66667,30.0,3.7827719122729,0.8071725132841328,1.414,0.0031166705645756456,0.00107469,0.196131,7.394493107219038,7.394493107219038,684,0.42066420664206644,1220,1,1
DB01047,Fluocinonide,1309,1309,1,3.458222010695187,2.0,30.0,3.952250311705047,0.8611232582123758,1.41376,0.004204344644766997,0.00232558,0.0697674,7.177782416195197,7.177782416195197,612,0.4675324675324675,1024,1,1
DB01048,Abacavir,2878,2878,1,2.8077798863794303,1.53846,80.0,4.659720065788428,0.703271392981237,1.41416,0.0014732119006254344,0.000398512,0.0959086,7.965198290612176,7.965198290612176,1047,0.36379430159833215,1984,1,1
DB01050,Ibuprofen,7721,7721,1,2.174249388421189,1.25,50.0,3.192190763864248,0.5962027485688381,1.41421,0.0005690101248542936,5.3984e-05,0.0833648,8.951828676824181,8.951828676824181,2013,0.2607175236368346,5002,1,1
DB01054,Nitrendipine,808,808,1,3.6429219393564356,2.071075,30.0,3.8840042761287195,0.9175142376237624,1.41345,0.0053493374009901,0.00195312,0.0664062,6.695798917058491,6.695798917058491,405,0.5012376237623762,627,1,1
DB01056,Tocainide,16,16,1,5.593749375,3.33333,10.0,3.599366900993319,1.1477860625,1.33417,0.2,0.2,0.2,2.833213344056216,2.833213344056216,14,0.875,16,1,1
DB01057,Echothiophate,73,73,1,7.022713589041096,4.0,90.0,11.580517678672706,1.0485910273972603,1.40873,0.02932664383561644,0.0140845,0.197183,4.30406509320417,4.30406509320417,49,0.6712328767123288,65,1,1
DB01059,Norfloxacin,1378,1378,1,3.3382934731494918,1.66667,60.0,4.2655655018885215,0.8482642191582004,1.41389,0.0033401015239477505,0.00166251,0.0739817,7.229113877793302,7.229113877793302,601,0.4361393323657475,985,1,1
DB01060,Amoxicillin,5454,5454,1,2.9962457640264026,1.66667,500.0,8.863122982614478,0.6612315904657132,1.41419,0.000995323639457279,0.000157961,0.0583404,8.604287898267172,8.604287898267172,2127,0.38998899889988997,4040,1,1
DB01062,Oxybutynin,4013,4013,1,2.478249390730127,1.16466,560.0,9.879039617440181,0.7020237358833791,1.41419,0.001003028786693247,0.000213782,0.169101,8.297543529356284,8.297543529356284,1080,0.2691253426364316,2291,1,1
DB01065,Melatonin,2298,2298,1,2.7270247458659704,1.42857,70.0,3.7178048926136853,0.7725894436031332,1.4141,0.0021263638981723234,0.000601142,0.0787496,7.740229524763182,7.740229524763182,784,0.3411662315056571,1620,1,1
DB01066,Cefditoren,818,818,1,3.973180189486553,2.22222,143.333,6.453249691333141,0.8767406466992665,1.41383,0.00391440341198044,0.0019802,0.128713,6.70808408385307,6.70808408385307,421,0.5146699266503667,614,1,1
DB01067,Glipizide,4408,4408,1,1.850504215970962,1.08655,30.0,2.4278300501427275,0.6641065409482758,1.4142,0.0009821193148593465,0.00013155,0.166323,8.391403185357937,8.391403185357937,906,0.205535390199637,2409,1,1
DB01068,Clonazepam,7226,7226,1,2.097784869360642,1.2873999999999999,60.0,2.89450373909122,0.6020462817049543,1.41421,0.0007205475583310268,7.18313e-05,0.0690658,8.885579291282982,8.885579291282982,1710,0.23664544699695544,4808,1,1
DB01069,Promethazine,5287,5287,1,2.784541028749764,1.66667,80.0,3.740646166126304,0.6553125950633629,1.41419,0.0012866655857764328,0.000182326,0.143005,8.573195381531523,8.573195381531523,2002,0.3786646491393985,4106,1,1
DB01070,Dihydrotachysterol,56,56,1,7.201005321428572,3.33333,70.0,11.133004553809343,1.1102061785714286,1.39974,0.05489413571428571,0.037037,0.296296,4.04305126783455,4.04305126783455,34,0.6071428571428571,49,1,1
DB01071,Mequitazine,494,494,1,3.886624601214575,2.30769,40.0,4.353607640041571,0.9530347388663968,1.41276,0.00829354979757085,0.00373134,0.108209,6.20455776256869,6.20455776256869,258,0.5222672064777328,379,1,1
DB01072,Atazanavir,2535,2535,1,2.4350867857988168,1.11111,60.0,4.09093713936585,0.7123306130966469,1.41416,0.0013141020063116371,0.000417014,0.0554629,7.8383433155571165,7.8383433155571165,709,0.2796844181459566,1403,1,1
DB01073,Fludarabine,2874,2874,1,2.385890729297147,1.2178650000000002,90.0,4.118027794214582,0.6760944635699373,1.41418,0.0013597409716771052,0.00027604,0.0787633,7.963807953231451,7.963807953231451,850,0.29575504523312457,1665,1,1
DB01074,Perhexiline,96,96,1,5.813219843750001,3.33333,40.0,6.971531225027449,1.0204635625,1.40609,0.04340275,0.0208333,0.333333,4.574710978503383,4.574710978503383,63,0.65625,83,1,1
DB01075,Diphenhydramine,5850,5850,1,1.998280523076923,1.18421,35.0,2.6259497165775247,0.6394948337435897,1.4142,0.0008218789194871794,9.43218e-05,0.0714645,8.674367865788236,8.674367865788236,1356,0.2317948717948718,3488,1,1
DB01076,Atorvastatin,8332,8332,1,1.7076120646903503,1.0,110.0,2.7815741577007564,0.5679036677628421,1.41421,0.0004579045662181949,3.17312e-05,0.0515076,9.027978814382207,9.027978814382207,1429,0.1715074411905905,4147,1,1
DB01078,Deslanoside,76,76,1,6.449221868421052,5.0,20.0,4.911260148395802,1.101311539473684,1.39918,0.05617410394736842,0.0384615,0.192308,4.343805421853684,4.343805421853684,61,0.8026315789473685,73,1,1
DB01079,Tegaserod,2319,2319,1,4.110838887451488,2.0,120.0,6.139242392998159,0.7836795398447607,1.41412,0.00213558678050884,0.000473373,0.123314,7.749322464660356,7.749322464660356,1129,0.48684777921517897,1739,1,1
DB01080,Vigabatrin,1179,1179,1,3.085059941475827,0.982143,155.0,8.594607514173756,0.781209008057676,1.41413,0.001737560106870229,0.000449843,0.175214,7.07326971745971,7.07326971745971,347,0.29431721798134014,564,1,1
DB01081,Diphenoxylate,2771,2771,1,2.725663404547095,1.53846,60.0,3.5464336664605507,0.7501670715265247,1.41411,0.0021781946918080115,0.000507485,0.199188,7.927324360309794,7.927324360309794,976,0.35221941537351137,2009,1,1
DB01082,Streptomycin,595,595,1,4.879362598319328,2.5,60.0,6.271552961359784,0.9208936638655463,1.41319,0.0075497585546218495,0.00263158,0.139474,6.39024066706535,6.39024066706535,347,0.5831932773109244,470,1,1
DB01083,Orlistat,2225,2225,1,3.0229890206741574,0.769231,1197.5,29.230796631093742,0.7033615600898877,1.41419,0.0010860517989662922,0.000110132,0.116905,7.70796153183549,7.70796153183549,508,0.22831460674157303,903,1,1
DB01084,Emedastine,58,58,1,5.854243896551725,5.0,20.0,4.337078327847461,1.1495827586206895,1.39857,0.048965517241379306,0.04,0.12,4.07753744390572,4.07753744390572,46,0.7931034482758621,57,1,1
DB01085,Pilocarpine,1546,1546,1,3.4519274029754206,1.66667,140.0,6.162762488412762,0.8479056041397154,1.41392,0.0032207790582147477,0.00153139,0.0750383,7.344072850573066,7.344072850573066,639,0.41332470892626133,1115,1,1
DB01086,Benzocaine,882,882,1,4.027455524943311,2.0,157.143,7.2827503363456385,0.8910028333333334,1.41368,0.004673948367346939,0.00275103,0.151307,6.78332520060396,6.78332520060396,435,0.4931972789115646,677,1,1
DB01087,Primaquine,275,275,1,6.277412425454545,3.33333,45.0,7.150873971380738,0.9723991854545455,1.411,0.01929375338181818,0.00826446,0.115702,5.62040086571715,5.62040086571715,191,0.6945454545454546,245,1,1
DB01088,Iloprost,1662,1662,1,2.6576891197352586,1.42857,40.0,3.4878363626479545,0.7880471376654633,1.41414,0.0018458304993983151,0.000389484,0.224927,7.416378479192928,7.416378479192928,579,0.3483754512635379,1085,1,1
DB01089,Deserpidine,30,30,1,6.936110666666667,5.0,20.0,4.848553555029855,1.0690696,1.33417,0.26,0.2,0.4,3.4339872044851463,3.4339872044851463,26,0.8666666666666667,30,1,1
DB01091,Butenafine,396,396,1,4.178134452020202,2.5,40.0,4.68461270364235,0.9795862272727274,1.41289,0.007876382525252525,0.00340136,0.241497,5.983936280687191,5.983936280687191,207,0.5227272727272727,306,1,1
DB01093,Dimethyl sulfoxide,119,119,1,5.825961890756302,3.33333,50.0,6.979635424748343,1.0658063781512606,1.40812,0.027704831932773108,0.015625,0.21875,4.787491742782046,4.787491742782046,71,0.5966386554621849,100,1,1
DB01095,Fluvastatin,2949,2949,1,3.2242641519159037,1.66667,60.0,4.241917556441375,0.7691406566293658,1.41413,0.0016914828402848422,0.00041468,0.064068,7.989560449333865,7.989560449333865,1247,0.4228552051542896,2196,1,1
DB01097,Leflunomide,4392,4392,1,2.7466886322859745,1.54846,80.0,3.9627309374911643,0.6938135535519127,1.41419,0.0009282151084016394,0.000179394,0.0594391,8.38776764397578,8.38776764397578,1540,0.35063752276867033,3172,1,1
DB01098,Rosuvastatin,6175,6175,1,1.6848119617813764,0.967742,70.0,2.6340241404233,0.626823924582996,1.41421,0.0005562907146882592,4.9351e-05,0.0623468,8.728426091704613,8.728426091704613,1120,0.1813765182186235,2920,1,1
DB01099,Flucytosine,441,441,1,4.747047521541949,2.5,60.0,6.202766505574341,0.9344973990929706,1.41276,0.010131900226757369,0.00374532,0.123596,6.091309882077698,6.091309882077698,235,0.5328798185941043,332,1,1
DB01100,Pimozide,557,557,1,3.700758414721723,2.0,45.0,4.4404419171046055,0.8783007989228008,1.41319,0.007856941651705565,0.00526316,0.1,6.324358962381311,6.324358962381311,269,0.4829443447037702,424,1,1
DB01101,Capecitabine,4143,4143,1,2.3712560637219404,1.25,90.0,3.746266627378336,0.640414186048757,1.4142,0.0008758178605599807,0.000108252,0.166095,8.329416783939319,8.329416783939319,1272,0.30702389572773353,2466,1,1
DB01103,Quinacrine,42,42,1,6.897367976190476,5.0,30.0,6.183356009017684,1.118549119047619,1.39792,0.05952383571428571,0.0416667,0.166667,3.7612001156935624,3.7612001156935624,35,0.8333333333333334,38,1,1
DB01104,Sertraline,7138,7138,1,2.358054643317456,1.33333,70.0,3.6209148658854353,0.607403674320538,1.41421,0.0006717072633790977,7.21046e-05,0.0639027,8.87332798950246,8.87332798950246,2050,0.2871952927991034,4837,1,1
DB01105,Sibutramine,1292,1292,1,3.9718766369969036,2.0,137.5,6.538211672178164,0.8643972290247678,1.41398,0.002736926284829721,0.00122399,0.0862913,7.164720378771857,7.164720378771857,627,0.4852941176470588,944,1,1
DB01106,Levocabastine,329,329,1,5.040405665653496,3.33333,30.0,4.952199316377347,1.0180528632218846,1.41129,0.014077753191489363,0.0075188,0.0977444,5.799092654460526,5.799092654460526,205,0.6231003039513677,292,1,1
DB01108,Trilostane,4,4,1,5.0,5.0,5.0,0.0,1.1068,1.1068,0.25,0.25,0.25,1.6094379124341003,1.6094379124341003,4,1.0,4,1,1
DB01109,Heparin,5069,5069,1,2.5180981347405798,1.30435,135.0,4.689972571396293,0.6553406131781416,1.4142,0.0009809720928388242,0.00013031,0.0752758,8.531096096585228,8.531096096585228,1576,0.310909449595581,3155,1,1
DB01110,Miconazole,1681,1681,1,4.82782209518144,1.42857,1130.0,30.66154589903236,0.8084984953599048,1.41407,0.002057925835217133,0.000712758,0.120456,7.427738840532894,7.427738840532894,662,0.39381320642474715,1068,1,1
DB01111,Colistimethate,55,55,1,5.062110127272728,3.33333,30.0,4.822701233642059,1.0782399636363638,1.40573,0.03320157818181818,0.0217391,0.130435,4.02535169073515,4.02535169073515,38,0.6909090909090909,48,1,1
DB01112,Cefuroxime,3190,3190,1,3.570773165517241,1.81818,100.0,6.43353053875691,0.7554421209404389,1.41414,0.0016411323905956114,0.000354233,0.062345,8.068089626278244,8.068089626278244,1402,0.4394984326018809,2385,1,1
DB01113,Papaverine,458,458,1,3.91296068558952,2.0,40.0,4.663837511814094,0.9335673558951965,1.41271,0.015613890152838426,0.00387597,0.329457,6.129050210060545,6.129050210060545,221,0.48253275109170307,336,1,1
DB01114,Chlorpheniramine,3096,3096,1,2.738928144056848,1.467125,200.0,5.427167306730649,0.7346599542958656,1.41415,0.0015541332771317829,0.000321234,0.068744,8.038189179973203,8.038189179973203,1063,0.34334625322997414,2141,1,1
DB01115,Nifedipine,5216,5216,1,2.4528518625383438,1.316495,100.0,3.696180868582487,0.677234730981595,1.41419,0.0008800439045437117,0.00015647,0.0509571,8.559677803022392,8.559677803022392,1552,0.29754601226993865,3422,1,1
DB01117,Atovaquone,1223,1223,1,3.1672571839738346,1.66667,50.0,4.09139262103825,0.8391729756336876,1.41389,0.0034986531316435,0.00168492,0.105307,7.1098794630722715,7.1098794630722715,503,0.41128372853638595,903,1,1
DB01118,Amiodarone,4763,4763,1,2.5783778878857864,1.33333,290.0,6.954989079509761,0.6581125561200923,1.4142,0.0010077224633424312,0.000130577,0.0781284,8.46884293047519,8.46884293047519,1457,0.3058996430820911,3022,1,1
DB01119,Diazoxide,297,297,1,4.450964279461279,2.0,52.0,6.90995521423908,0.9407713400673401,1.41255,0.010676561111111111,0.0042735,0.132479,5.697093486505405,5.697093486505405,142,0.4781144781144781,211,1,1
DB01120,Gliclazide,3227,3227,1,2.3692247384567713,1.21212,80.0,4.150172069061299,0.7152093996281376,1.41417,0.001227254626278277,0.00021846,0.0667395,8.07961802938984,8.07961802938984,919,0.2847846296870158,1909,1,1
DB01121,Phenacemide,13,13,1,12.350426923076924,10.0,20.0,7.711870401236854,1.0504446923076922,1.33417,0.3384615384615385,0.4,0.4,2.6390573296152584,2.6390573296152584,13,1.0,13,1,1
DB01122,Ambenonium,177,177,1,5.457377988700565,3.33333,40.0,5.739361370062195,1.0624278644067797,1.40963,0.019142562711864406,0.0117647,0.0941176,5.181783550292085,5.181783550292085,119,0.672316384180791,159,1,1
DB01124,Tolbutamide,414,414,1,3.1263539734299517,1.9836049999999998,30.0,3.638352985331467,0.9354378937198068,1.41285,0.008040263599033816,0.0034965,0.0699301,6.028278520230698,6.028278520230698,181,0.43719806763285024,297,1,1
DB01126,Dutasteride,2635,2635,1,2.488388180645161,1.03175,90.0,4.766168721576569,0.7372638196204934,1.41417,0.0010841355882352942,0.000222866,0.0960553,7.877017895622398,7.877017895622398,721,0.27362428842504743,1334,1,1
DB01129,Rabeprazole,4904,4904,1,2.260179470840131,1.33333,50.0,2.880065165855665,0.6785675861541598,1.41419,0.0009673446024877651,0.000181532,0.0647465,8.498010371999463,8.498010371999463,1399,0.2852773246329527,3304,1,1
DB01130,Prednicarbate,187,187,1,5.087137347593583,3.33333,20.0,4.917003609201977,1.0637286684491978,1.40998,0.016972817112299466,0.0108696,0.076087,5.236441962829949,5.236441962829949,114,0.6096256684491979,157,1,1
DB01131,Proguanil,996,996,1,4.36823322188755,2.25704,495.0,16.30080356732322,0.8386888978915662,1.41395,0.0036219969618473897,0.00136519,0.0887372,6.904750769961838,6.904750769961838,525,0.5271084337349398,768,1,1
DB01132,Pioglitazone,4325,4325,1,2.307828156531792,1.19048,129.375,4.834031017479468,0.6750413105433526,1.4142,0.0009219817697109827,0.00013462,0.139242,8.372398606513004,8.372398606513004,1095,0.25317919075144507,2566,1,1
DB01133,Tiludronic acid,15,15,1,8.200793333333333,10.0,20.0,5.327953451193145,1.1045395333333334,1.38616,0.13333333333333333,0.0714286,0.642857,2.772588722239781,2.772588722239781,12,0.8,15,1,1
DB01135,Doxacurium,4,4,1,7.5,7.5,10.0,2.886751345948129,1.23277,1.33417,0.2,0.2,0.2,1.6094379124341003,1.6094379124341003,4,1.0,4,1,1
DB01136,Carvedilol,5691,5691,1,1.94608739342822,1.11111,50.0,2.820406413450261,0.6341059673695308,1.4142,0.0007764296799507995,8.30128e-05,0.0695094,8.646816959209742,8.646816959209742,1278,0.22456510279388509,3215,1,1
DB01137,Levofloxacin,5835,5835,1,2.647477005998286,1.57895,90.0,3.8844925968330566,0.6431526442330763,1.4142,0.0009529282480719794,0.000108194,0.0767455,8.671800909642677,8.671800909642677,2090,0.3581833761782348,4274,1,1
DB01138,Sulfinpyrazone,45,45,1,6.692049355555556,5.0,20.0,4.979253211520512,1.1025111555555556,1.38616,0.1,0.0714286,0.214286,3.828641396489095,3.828641396489095,39,0.8666666666666667,44,1,1
DB01140,Cefadroxil,1051,1051,1,4.451316756422455,2.5,40.0,4.9134083748544315,0.9137568468125594,1.41339,0.006324272159847764,0.00425532,0.0723404,6.9584483932976555,6.9584483932976555,630,0.5994291151284491,907,1,1
DB01141,Micafungin,1578,1578,1,2.7198282864385295,1.491275,60.0,4.0375253778245215,0.772181562294043,1.41407,0.0028151370323193916,0.000732869,0.0930744,7.364547014255642,7.364547014255642,568,0.35994930291508237,1024,1,1
DB01142,Doxepin,2641,2641,1,2.8022522979931845,1.50685,50.0,3.839387025421534,0.7429643229079894,1.41413,0.001949517464975388,0.000445137,0.0841309,7.879291485082271,7.879291485082271,950,0.3597122302158273,1872,1,1
DB01143,Amifostine,747,747,1,5.592103673360107,2.5,85.0,8.535479561201807,0.8665873315930388,1.41357,0.007905799852744309,0.00331126,0.225166,6.617402977974478,6.617402977974478,439,0.5876840696117804,614,1,1
DB01146,Diphenylpyraline,2,2,1,15.0,15.0,20.0,7.0710678118654755,1.210095,1.31339,0.375,0.375,0.5,1.0986122886681098,1.0986122886681098,2,1.0,2,1,1
DB01147,Cloxacillin,442,442,1,3.795703248868778,2.3112500000000002,30.0,4.070853846477477,0.9675839954751131,1.41265,0.008377401742081448,0.00401606,0.100402,6.093569770045136,6.093569770045136,232,0.5248868778280543,334,1,1
DB01148,Flavoxate,580,580,1,3.798135537931034,2.0,50.0,4.292537200018883,0.9375902310344827,1.41292,0.007887502034482758,0.00332226,0.0564784,6.364750756851911,6.364750756851911,285,0.49137931034482757,448,1,1
DB01149,Nefazodone,1707,1707,1,3.9917430644405387,2.47706,114.375,5.218870713103134,0.806513016344464,1.41402,0.0032648843339191567,0.00100908,0.092331,7.443078374348516,7.443078374348516,922,0.5401288810779145,1390,1,1
DB01150,Cefprozil,740,740,1,5.1088618108108115,3.33333,40.0,5.625513590111093,0.9189046162162162,1.41325,0.007504174229729729,0.00493827,0.0962963,6.608000625296087,6.608000625296087,502,0.6783783783783783,666,1,1
DB01151,Desipramine,949,949,1,3.43810964910432,1.90476,70.0,4.656156270216654,0.879957962065332,1.41357,0.00570073904109589,0.00166667,0.163333,6.856461984594587,6.856461984594587,419,0.44151738672286617,741,1,1
DB01153,Sertaconazole,72,72,1,5.658099055555556,5.0,40.0,5.735913725275231,1.0937829444444445,1.40535,0.03282829166666667,0.0227273,0.136364,4.290459441148391,4.290459441148391,48,0.6666666666666666,63,1,1
DB01154,Thiamylal,259,259,1,4.380817606177606,2.76596,30.0,4.517451457695752,0.9685117374517375,1.41094,0.01696894617760618,0.00840336,0.109244,5.560681631015528,5.560681631015528,154,0.5945945945945946,221,1,1
DB01155,Gemifloxacin,586,586,1,3.426683529010239,1.42857,220.0,11.156066008764368,0.8743698778156996,1.41389,0.0036714006058020474,0.000823045,0.341564,6.375024819828097,6.375024819828097,204,0.34812286689419797,350,1,1
DB01156,Bupropion,6152,6152,1,1.8679741337776332,1.13636,70.0,2.7054654626235677,0.6152126150357607,1.41421,0.0006752064756339401,5.64387e-05,0.0869156,8.724695046740491,8.724695046740491,1347,0.21895318595578672,3517,1,1
DB01158,Bretylium,27,27,1,6.3493569999999995,5.0,20.0,5.569372682558656,1.1440098148148148,1.37032,0.12757188888888887,0.111111,0.222222,3.332204510175204,3.332204510175204,17,0.6296296296296297,23,1,1
DB01159,Halothane,175,175,1,5.825079491428571,3.33333,80.0,7.655844020007799,1.0166652971428571,1.41054,0.0184366512,0.00943396,0.132075,5.170483995038151,5.170483995038151,114,0.6514285714285715,143,1,1
DB01161,Chloroprocaine,44,44,1,5.849561363636363,4.0,30.0,5.805289712544486,1.0749022954545455,1.40201,0.04758522727272727,0.03125,0.21875,3.8066624897703196,3.8066624897703196,34,0.7727272727272727,43,1,1
DB01162,Terazosin,2883,2883,1,2.5567309916753382,1.37931,50.0,3.4533283829877615,0.728611936663198,1.41415,0.0015474006361429068,0.000320359,0.0893801,7.96693349840484,7.96693349840484,917,0.31807145334720777,1916,1,1
DB01164,Calcium chloride,1086,1086,1,14.971364338858196,0.3814425,5780.0,187.60280409444923,0.539557264732965,1.4142,0.00154014009373849,0.000163087,0.100531,6.99117688712121,6.99117688712121,309,0.2845303867403315,375,1,1
DB01165,Ofloxacin,2301,2301,1,3.2646021160365057,1.66667,110.0,4.864743411374309,0.7794147497609735,1.41408,0.0021278813798348544,0.00066291,0.0659596,7.741533589281828,7.741533589281828,959,0.41677531508039983,1624,1,1
DB01166,Cilostazol,2582,2582,1,3.0165760216886137,1.556225,70.0,4.1478855571509605,0.7623622386522075,1.41413,0.0016021036413632842,0.000421053,0.0452632,7.8567067930958405,7.8567067930958405,1002,0.38807126258714175,1794,1,1
DB01167,Itraconazole,2642,2642,1,2.715174362604088,1.42857,90.0,4.496758992644097,0.7498981638152915,1.41414,0.00163271061657835,0.000381534,0.0835559,7.879669914604289,7.879669914604289,887,0.3357305071915216,1672,1,1
DB01168,Procarbazine,881,881,1,3.41623547446084,1.25,140.0,8.309709983292654,0.813484129398411,1.41393,0.003363151695800227,0.00145349,0.0668605,6.782192056006791,6.782192056006791,285,0.32349602724177073,504,1,1
DB01169,Arsenic trioxide,940,940,1,4.354885068085107,2.22222,290.0,13.160563796651907,0.854472414893617,1.4138,0.004999662042553191,0.00210748,0.124341,6.846943139585379,6.846943139585379,483,0.5138297872340426,729,1,1
DB01170,Guanethidine,22,22,1,7.196969090909092,7.5,20.0,4.391140135353621,1.2262453181818183,1.38142,0.09090909090909091,0.0833333,0.166667,3.1354942159291497,3.1354942159291497,22,1.0,22,1,1
DB01171,Moclobemide,474,474,1,4.321387723628693,2.22222,55.0,5.888660554393905,0.897616335443038,1.41291,0.011289384810126582,0.00334448,0.170569,6.163314804034641,6.163314804034641,243,0.5126582278481012,351,1,1
DB01172,Kanamycin,356,356,1,4.06219786516854,2.5,50.0,4.47009588324866,0.9968400842696629,1.41169,0.012914049129213484,0.00649351,0.116883,5.877735781779639,5.877735781779639,204,0.5730337078651685,295,1,1
DB01173,Orphenadrine,1414,1414,1,4.074675951202264,2.138845,160.0,6.872496829117162,0.8346781534653466,1.41377,0.0051331327086280056,0.00227531,0.112628,7.254884810077338,7.254884810077338,725,0.5127298444130127,1178,1,1
DB01174,Phenobarbital,3326,3326,1,2.637579073962718,1.274665,90.0,4.511515738117423,0.735398446091401,1.41416,0.0013670488749248347,0.000291163,0.141069,8.109826276018477,8.109826276018477,1074,0.32291040288635,2034,1,1
DB01175,Escitalopram,6330,6330,1,2.236651904581359,1.34615,80.0,3.1194775005420206,0.6295966033807268,1.4142,0.0007594130553238547,0.000103191,0.0691381,8.753213480544126,8.753213480544126,1761,0.2781990521327014,4374,1,1
DB01176,Cyclizine,1176,1176,1,2.926415761904762,1.25,100.0,5.602562265615455,0.7932060400510204,1.41397,0.003338333426870748,0.00123533,0.106238,7.0707241072602764,7.0707241072602764,388,0.3299319727891156,688,1,1
DB01177,Idarubicin,1481,1481,1,3.0711817846049967,1.52,150.0,5.664648203502475,0.770135408575287,1.41403,0.0029519574166103984,0.000951022,0.117451,7.301147805856032,7.301147805856032,554,0.3740715732613099,1015,1,1
DB01178,Chlormezanone,248,248,1,4.679037858870967,3.33333,20.0,4.238800810739423,0.9956908306451612,1.41007,0.02093342943548387,0.0106383,0.138298,5.517452896464707,5.517452896464707,166,0.6693548387096774,218,1,1
DB01179,Podofilox,161,161,1,5.888581248447205,4.0,30.0,5.90333471659903,1.0774744658385094,1.40782,0.027186614906832298,0.0163934,0.245902,5.087596335232384,5.087596335232384,111,0.6894409937888198,152,1,1
DB01181,Ifosfamide,1966,1966,1,3.137219586978637,1.3537599999999999,133.333,6.155131205291702,0.74488524404883,1.41413,0.0018065452950152593,0.000409249,0.109474,7.584264818389059,7.584264818389059,683,0.3474059003051882,1191,1,1
DB01183,Naloxone,1942,1942,1,4.437943635427394,2.5,80.0,5.621419472462183,0.8108724284757982,1.41405,0.0028773086266735324,0.000851789,0.116695,7.57198844937744,7.57198844937744,1089,0.5607621009268795,1654,1,1
DB01184,Domperidone,3585,3585,1,2.3497063397489537,1.29032,50.0,3.274654319078861,0.719509190683403,1.41417,0.0013119569271966528,0.000240385,0.0804087,8.184792654165078,8.184792654165078,1057,0.29483960948396093,2245,1,1
DB01185,Fluoxymesterone,110,110,1,5.409732218181818,5.0,20.0,4.394415449520812,1.1144752818181818,1.40446,0.03386363636363637,0.025,0.175,4.709530201312334,4.709530201312334,77,0.7,94,1,1
DB01186,Pergolide,864,864,1,5.224412961805556,2.5,130.0,8.249780781988047,0.8709287916666667,1.41364,0.006449143368055555,0.00294118,0.144118,6.762729506931879,6.762729506931879,479,0.5543981481481481,669,1,1
DB01188,Ciclopirox,739,739,1,4.28634553044655,2.5,50.0,4.875248036437325,0.9448535385656293,1.41296,0.008049237726657646,0.00322581,0.0935484,6.606650186198215,6.606650186198215,401,0.5426251691474966,605,1,1
DB01189,Desflurane,598,598,1,3.3798383829431438,1.47059,40.0,5.016296505469318,0.8400928545150501,1.41368,0.0050490130267558525,0.00275862,0.0772414,6.395261598115449,6.395261598115449,231,0.3862876254180602,384,1,1
DB01190,Clindamycin,4102,4102,1,3.216702821062896,1.84211,100.0,4.159297579263387,0.7097407969283277,1.41417,0.001423336119453925,0.000358038,0.0799618,8.319473692442186,8.319473692442186,1827,0.4453924914675768,3200,1,1
DB01191,Dexfenfluramine,138,138,1,7.22913434057971,3.33333,140.0,15.833920603063193,1.0366148768115941,1.40865,0.027225658695652175,0.0142857,0.2,4.9344739331306915,4.9344739331306915,86,0.6231884057971014,105,1,1
DB01192,Oxymorphone,1460,1460,1,2.8231325801369866,1.11111,290.0,8.990088000370832,0.7768450587671234,1.41411,0.0022939047616438355,0.000528541,0.156977,7.2868764117507,7.2868764117507,432,0.2958904109589041,793,1,1
DB01193,Acebutolol,1795,1795,1,2.974785861281337,1.53846,63.3333,4.174870840519962,0.7976879420612814,1.41404,0.002485441033426184,0.000898473,0.0530099,7.493317248862145,7.493317248862145,676,0.3766016713091922,1174,1,1
DB01194,Brinzolamide,1309,1309,1,2.870372704354469,1.42857,45.0,3.9966675590755663,0.8265734377387318,1.41397,0.00282870064171123,0.00123077,0.0646154,7.177782416195197,7.177782416195197,463,0.3537051184110008,832,1,1
DB01195,Flecainide,2309,2309,1,2.802508338241663,1.42857,130.0,4.729804701014918,0.7673619102208749,1.41412,0.0018173105067128626,0.000491039,0.0714461,7.745002803515839,7.745002803515839,793,0.3434387180597661,1505,1,1
DB01196,Estramustine,864,864,1,3.523566108796296,2.0,105.0,6.106948483565461,0.8525882199074074,1.41371,0.005119826689814815,0.00261438,0.0954248,6.762729506931879,6.762729506931879,393,0.4548611111111111,632,1,1
DB01197,Captopril,3239,3239,1,3.022273367706082,1.66667,85.0,4.133472141453913,0.7492698099104661,1.41415,0.0016593953050324174,0.000348797,0.0671434,8.083328608786376,8.083328608786376,1291,0.39857980858289593,2423,1,1
DB01198,Zopiclone,4307,4307,1,2.1649348467610863,1.25,60.0,3.2438846826548935,0.6869068536800558,1.41419,0.001083821639192013,0.000217502,0.0514029,8.36822903827628,8.36822903827628,1132,0.2628279544926863,2588,1,1
DB01199,Tubocurarine,10,10,1,7.4166669999999995,10.0,10.0,3.479436336854482,1.2255618,1.33417,0.2,0.2,0.2,2.3978952727983707,2.3978952727983707,9,0.9,10,1,1
DB01200,Bromocriptine,1462,1462,1,4.3282577968536255,2.30769,100.0,6.017899565715164,0.8339896032831737,1.41393,0.0033843933310533517,0.0014652,0.0776557,7.288244401020124,7.288244401020124,779,0.5328317373461012,1162,1,1
DB01201,Rifapentine,80,80,1,5.184024474999999,4.41558,20.0,3.636824543919902,1.0073856749999999,1.40591,0.046276620000000004,0.0212766,0.276596,4.394449154672439,4.394449154672439,62,0.775,75,1,1
DB01202,Levetiracetam,5022,5022,1,2.2291115053763444,1.11111,140.0,4.3284513819713455,0.6624573151135006,1.4142,0.0007785958206690561,0.00012208,0.169936,8.521782643750045,8.521782643750045,1302,0.25925925925925924,2735,1,1
DB01203,Nadolol,2083,2083,1,2.825804309649544,1.5653,60.0,3.800602184010196,0.7757181594335093,1.41407,0.0023437919299087854,0.000720981,0.074261,7.642044402873258,7.642044402873258,727,0.34901584253480555,1523,1,1
DB01204,Mitoxantrone,2176,2176,1,3.4178427830882354,1.66667,70.0,5.413347302412688,0.7765339563878677,1.4141,0.0019152958386948527,0.000581226,0.0729439,7.685703061234547,7.685703061234547,881,0.40487132352941174,1474,1,1
DB01205,Flumazenil,543,543,1,4.160255108655617,2.5,35.0,4.536988500379148,0.9264494309392265,1.41295,0.008728201491712707,0.00325733,0.120521,6.298949246855942,6.298949246855942,299,0.5506445672191529,413,1,1
DB01206,Lomustine,500,500,1,5.095157196,2.5,80.0,7.822354005255434,0.8894103219999999,1.41321,0.00846511744,0.00516796,0.0775194,6.2166061010848646,6.2166061010848646,278,0.556,402,1,1
DB01208,Sparfloxacin,74,74,1,6.542438243243243,5.0,40.0,6.726919023120072,1.0726286216216216,1.40201,0.05067567567567568,0.03125,0.15625,4.31748811353631,4.31748811353631,58,0.7837837837837838,72,1,1
DB01209,Dezocine,6,6,1,15.833333333333334,12.5,30.0,9.703951085339758,1.1135876666666666,1.3784,0.21212105,0.18181805,0.454545,1.9459101490553132,1.9459101490553132,6,1.0,6,1,1
DB01210,Levobunolol,487,487,1,3.2265318459958934,2.0,80.0,4.834026489962945,0.9520151991786447,1.41281,0.007286930944558522,0.00361011,0.0541516,6.1903154058531475,6.1903154058531475,222,0.45585215605749485,348,1,1
DB01211,Clarithromycin,4323,4323,1,2.4456869692343277,1.32075,70.0,3.543370511870614,0.6792393362942402,1.41419,0.00109718764728198,0.000208319,0.10041,8.371936178759098,8.371936178759098,1304,0.3016423779782558,2782,1,1
DB01212,Ceftriaxone,4361,4361,1,2.619788274707636,1.48148,121.111,3.915363497369548,0.6952018624856684,1.41418,0.0010997135047007567,0.000239425,0.0753392,8.380685946761574,8.380685946761574,1516,0.34762669112588857,2973,1,1
DB01213,Fomepizole,29,29,1,7.385206448275862,10.0,20.0,5.289920908201454,1.166884,1.39244,0.07088124827586206,0.0555556,0.166667,3.4011973816621555,3.4011973816621555,24,0.8275862068965517,26,1,1
DB01214,Metipranolol,59,59,1,4.849046491525424,3.33333,10.0,3.47741695773808,1.158771661016949,1.39974,0.040803484745762716,0.037037,0.0740741,4.0943445622221,4.0943445622221,43,0.7288135593220338,52,1,1
DB01215,Estazolam,1392,1392,1,3.2778692428160916,1.66667,60.0,4.402278518772707,0.8364182708333334,1.41387,0.0036488687514367817,0.00176056,0.0607394,7.239214973779806,7.239214973779806,593,0.4260057471264368,989,1,1
DB01216,Finasteride,3835,3835,1,4.7585931457627115,1.57895,345.0,13.214101104231235,0.7209148184615385,1.41418,0.0012404863279530639,0.000261006,0.133809,8.252185436003328,8.252185436003328,1568,0.4088657105606258,2623,1,1
DB01217,Anastrozole,4353,4353,1,2.831984321847002,1.62587,60.0,3.715985181209779,0.6761050099012176,1.41419,0.001113411203675626,0.000189442,0.0944683,8.378850241794492,8.378850241794492,1723,0.3958189754192511,3065,1,1
DB01218,Halofantrine,39,39,1,8.74908358974359,6.0,30.0,7.005353824886358,1.1197137435897435,1.39463,0.08205128205128205,0.05,0.3,3.6888794541139363,3.6888794541139363,36,0.9230769230769231,39,1,1
DB01219,Dantrolene,948,948,1,3.5372417900843884,2.0,30.0,4.105840037155685,0.8653292405063292,1.41367,0.004895406223628692,0.0028169,0.0873239,6.855408798609928,6.855408798609928,448,0.47257383966244726,699,1,1
DB01220,Rifaximin,1142,1142,1,3.0079527714535903,1.5,50.0,4.2061846800271905,0.8505466882661996,1.41385,0.0037575548056042033,0.00184843,0.0979667,7.04141166379481,7.04141166379481,440,0.38528896672504376,771,1,1
DB01221,Ketamine,1394,1394,1,4.8472237819225255,1.79487,310.0,14.258370357267243,0.8014178576757532,1.41401,0.0030821491169296987,0.00107239,0.0788204,7.240649694255466,7.240649694255466,623,0.4469153515064562,981,1,1
DB01222,Budesonide,4801,4801,1,2.229346127473443,1.23711,40.0,2.9119493940650245,0.6936160503645074,1.41419,0.0008316870690481149,0.000153696,0.104257,8.4767877767812,8.4767877767812,1296,0.2699437617163091,2891,1,1
DB01223,Aminophylline,1027,1027,1,3.5234609289191825,1.81818,66.6667,5.01565889028805,0.8327715696202531,1.41379,0.004362517672833495,0.00218818,0.102845,6.93537044601511,6.93537044601511,462,0.4498539435248296,722,1,1
DB01224,Quetiapine,6158,6158,1,2.0883640951607663,1.05263,110.0,4.043060156668308,0.6036213864241636,1.41421,0.0006796554095810328,5.91078e-05,0.110842,8.725669705687043,8.725669705687043,1392,0.22604741799285483,3204,1,1
DB01225,Enoxaparin,5458,5458,1,2.5227247394650054,1.42857,70.0,3.8038858073126107,0.6620377078966654,1.4142,0.0008276248777574204,0.000128661,0.0475619,8.605020901781758,8.605020901781758,1758,0.32209600586295345,3663,1,1
DB01226,Mivacurium,108,108,1,5.703774203703704,3.27957,90.0,9.995455488693493,0.9662433425925926,1.40993,0.023606007407407408,0.010989,0.10989,4.6913478822291435,4.6913478822291435,67,0.6203703703703703,92,1,1
DB01228,Encainide,13,13,1,5.839160846153846,2.5,17.5,5.1363172151191465,1.1037536153846152,1.40337,0.07264956923076923,0.0277778,0.583333,2.6390573296152584,2.6390573296152584,9,0.6923076923076923,11,1,1
DB01229,Paclitaxel,4386,4386,1,2.3904975665754673,1.33028,100.0,4.043631936622457,0.6402875896716826,1.4142,0.0009235386949612404,0.000114486,0.0793009,8.386400901166214,8.386400901166214,1317,0.3002735978112175,2805,1,1
DB01230,Pemoline,271,271,1,4.695532870848708,3.33333,30.0,4.5508828673570445,1.030143782287823,1.41054,0.016500723985239853,0.00943396,0.0943396,5.605802066295998,5.605802066295998,172,0.6346863468634686,231,1,1
DB01231,Diphenidol,359,359,1,3.4762588328690804,2.0,30.0,3.838398063214155,0.9190194178272981,1.41227,0.011949860724233983,0.005,0.15,5.886104031450156,5.886104031450156,178,0.4958217270194986,287,1,1
DB01232,Saquinavir,1349,1349,1,3.7933339510748705,2.0,155.0,6.398636711102194,0.7956473937731653,1.41397,0.00333115933283914,0.00125313,0.0827068,7.2078598714324755,7.2078598714324755,657,0.4870274277242402,1022,1,1
DB01233,Metoclopramide,5802,5802,1,2.5872724270941054,1.17647,728.682,12.565278546616321,0.6403432240434334,1.4142,0.0009528252740951396,7.83351e-05,0.418597,8.666130304190608,8.666130304190608,1456,0.2509479489831093,3338,1,1
DB01234,Dexamethasone,7126,7126,1,2.180418116194218,1.204625,220.0,4.705868658036208,0.5898354738422676,1.41421,0.0006111594598933482,6.29287e-05,0.0534737,8.871645667501872,8.871645667501872,1709,0.2398259893348302,4356,1,1
DB01235,Levodopa,3251,3251,1,2.1901110541371884,1.11111,70.0,3.7154185646871385,0.6920037607197785,1.41417,0.0013395960922792988,0.000313906,0.0716752,8.087025470667701,8.087025470667701,804,0.24730852045524454,1725,1,1
DB01236,Sevoflurane,1420,1420,1,2.823495054225352,1.33333,150.0,6.296115933196094,0.7397027465492958,1.4141,0.0022323564056338026,0.000570288,0.063302,7.259116128097101,7.259116128097101,476,0.3352112676056338,841,1,1
DB01238,Aripiprazole,4173,4173,1,1.7219930345075485,0.895522,50.0,2.7904820146220435,0.6481955215192907,1.4142,0.000726337303666427,8.91822e-05,0.0764589,8.336630087637147,8.336630087637147,799,0.19146896716990175,1816,1,1
DB01239,Chlorprothixene,684,684,1,3.789075976608187,1.81818,70.0,5.8615722474511855,0.8702432558479533,1.41349,0.006449147309941521,0.00373832,0.106542,6.529418838262226,6.529418838262226,303,0.44298245614035087,502,1,1
DB01240,Epoprostenol,1920,1920,1,4.563774981250001,2.0,190.0,10.455746014187108,0.7607909327083333,1.41415,0.0021457858114583336,0.000351124,0.133427,7.560601162768557,7.560601162768557,901,0.46927083333333336,1391,1,1
DB01241,Gemfibrozil,3040,3040,1,2.4795442575657898,1.42857,30.0,3.0432623934995857,0.7263437787828948,1.41416,0.0015883330470394738,0.000293858,0.0681751,8.019941687677365,8.019941687677365,983,0.32335526315789476,2094,1,1
DB01242,Clomipramine,2205,2205,1,3.2978753646258503,1.66667,100.0,5.146967336950676,0.7746899377777777,1.41409,0.0022194604444444443,0.000654879,0.064833,7.698936199813447,7.698936199813447,892,0.40453514739229024,1558,1,1
DB01243,Chloroxine,42,42,1,5.631031857142856,5.0,20.0,4.054976621714285,1.1582448333333335,1.38616,0.07993198095238095,0.0714286,0.142857,3.7612001156935624,3.7612001156935624,32,0.7619047619047619,40,1,1
DB01244,Bepridil,311,311,1,4.319161057877813,2.5,30.0,5.064137407405927,0.9335296848874599,1.41246,0.01071810691318328,0.0045045,0.0855856,5.7430031878094825,5.7430031878094825,174,0.5594855305466238,236,1,1
DB01247,Isocarboxazid,63,63,1,7.111232253968254,5.0,40.0,7.098634755938821,1.1084243174603174,1.39792,0.060846592063492064,0.0416667,0.166667,4.1588830833596715,4.1588830833596715,51,0.8095238095238095,61,1,1
DB01248,Docetaxel,4230,4230,1,2.598645981323877,1.45308,90.0,4.022579817878126,0.6530416681087471,1.41419,0.001041673053286052,0.000154615,0.0861207,8.350193650720067,8.350193650720067,1402,0.33144208037825057,2913,1,1
DB01249,Iodixanol,735,735,1,4.2879112,2.25806,230.0,10.006260493586305,0.8178614217687075,1.41389,0.004923765613605443,0.00166389,0.110649,6.601230118728877,6.601230118728877,380,0.5170068027210885,540,1,1
DB01250,Olsalazine,286,286,1,4.597343765734266,2.5,70.0,6.243545297559533,1.0167572587412588,1.41151,0.012164915874125872,0.00694444,0.0972222,5.659482215759621,5.659482215759621,157,0.548951048951049,223,1,1
DB01251,Gliquidone,184,184,1,4.894538391304348,3.33333,20.0,4.788451011393544,1.059159858695652,1.4094,0.01905530652173913,0.0123457,0.0864198,5.220355825078324,5.220355825078324,114,0.6195652173913043,147,1,1
DB01254,Dasatinib,1965,1965,1,2.572225255470738,1.21891,86.6667,4.282798689271371,0.7486861945038168,1.41416,0.0014473154010178116,0.000276396,0.133085,7.583756300707112,7.583756300707112,641,0.32620865139949107,1099,1,1
DB01255,Lisdexamfetamine,1593,1593,1,3.0805162215944755,1.30435,93.3333,6.194303529318035,0.745050721217828,1.41414,0.0020977870853735093,0.00035417,0.101116,7.374001859350161,7.374001859350161,571,0.35844318895166355,927,1,1
DB01256,Retapamulin,276,276,1,6.664717275362319,2.22222,227.143,16.294510617296982,0.9240867898550725,1.41361,0.007929578079710144,0.0015456,0.24575,5.6240175061873385,5.6240175061873385,141,0.5108695652173914,181,1,1
DB01257,Eculizumab,2764,2764,1,4.06725580788712,1.30435,1050.0,24.691565424761468,0.7439057836468885,1.41418,0.0011871832864688856,0.000159058,0.156275,7.9247959139564355,7.9247959139564355,970,0.3509406657018813,1593,1,1
DB01259,Lapatinib,2324,2324,1,2.1854371949225473,1.05263,70.0,3.9277842315894893,0.6957532745266781,1.41418,0.0014873509449225472,0.000187864,0.280669,7.751475318021456,7.751475318021456,603,0.2594664371772806,1199,1,1
DB01260,Desonide,1004,1004,1,3.9135496165338646,2.0,60.0,5.148235136916025,0.9041428615537849,1.41358,0.0048317350498007965,0.00245499,0.0572831,6.912742820493176,6.912742820493176,491,0.48904382470119523,768,1,1
DB01261,Sitagliptin,4220,4220,1,2.7379107421800946,1.086335,405.0,9.870998214938554,0.6768451279620853,1.4142,0.0007046239047156399,0.000109449,0.0669099,8.347827345782498,8.347827345782498,1127,0.2670616113744076,2213,1,1
DB01262,Decitabine,1058,1058,1,4.364682500000001,2.5,60.0,5.697523522066451,0.8242340897920605,1.41389,0.004519847005671078,0.00165153,0.131296,6.9650803456014065,6.9650803456014065,611,0.5775047258979206,832,1,1
DB01263,Posaconazole,1238,1238,1,3.3412255670436184,1.61726,160.0,6.9371382899250005,0.805453781098546,1.41397,0.003055842201130856,0.00126823,0.0837032,7.122059881629142,7.122059881629142,486,0.3925686591276252,838,1,1
DB01264,Darunavir,1989,1989,1,2.806734592760181,1.25,170.0,6.509788242865725,0.731469565258924,1.41413,0.0016176882176973354,0.000417624,0.055544,7.595889917718538,7.595889917718538,621,0.31221719457013575,1156,1,1
DB01265,Telbivudine,620,620,1,7.705580858064517,3.33333,340.0,21.038101563930645,0.9208461,1.41358,0.007818390822580644,0.00162338,0.288961,6.431331081933479,6.431331081933479,365,0.5887096774193549,476,1,1
DB01267,Paliperidone,1990,1990,1,2.315640620603015,0.769231,309.5,9.619284013912186,0.682133006281407,1.41418,0.0012809307951758794,0.000157978,0.0605055,7.596392304064196,7.596392304064196,442,0.2221105527638191,823,1,1
DB01268,Sunitinib,3435,3435,1,2.675373484716157,1.25,120.0,4.9256407808013645,0.6882564736535662,1.41419,0.0010051386117903931,0.000145766,0.157135,8.142063283104147,8.142063283104147,1144,0.33304221251819505,2003,1,1
DB01269,Panitumumab,1311,1311,1,2.829422660564455,1.11111,150.0,6.581587901444466,0.7706600057971014,1.4141,0.0023179388741418764,0.000579374,0.106315,7.179307969504034,7.179307969504034,390,0.2974828375286041,691,1,1
DB01270,Ranibizumab,2129,2129,1,4.478930583842179,1.17647,212.727,13.226771749204234,0.7380321947393143,1.41418,0.0011277473269140441,0.000164908,0.164001,7.6638772587034705,7.6638772587034705,753,0.3536871770784406,1154,1,1
DB01271,Idursulfase,519,519,1,5.189854888246628,2.5,70.0,7.937062727254417,0.8897704181117534,1.41372,0.005432695048169556,0.0025413,0.232529,6.253828811575473,6.253828811575473,279,0.5375722543352601,369,1,1
DB01272,Alglucosidase alfa,973,973,1,5.422711038026722,2.5,130.0,9.985707856537156,0.8502643748201438,1.41395,0.0037779864604316547,0.00133067,0.101131,6.881411303642535,6.881411303642535,542,0.5570400822199383,717,1,1
DB01273,Varenicline,3899,3899,1,1.668204777891767,0.714286,525.0,9.052884645979804,0.6282568704026674,1.41421,0.0008299174554244679,4.70035e-05,0.190443,8.268731832117737,8.268731832117737,662,0.1697871249038215,1410,1,1
DB01274,Arformoterol,729,729,1,2.9958899231824416,1.81818,20.0,3.2636276100587804,0.8618642753086418,1.41353,0.006391838216735253,0.00350877,0.2,6.593044534142437,6.593044534142437,308,0.4224965706447188,541,1,1
DB01275,Hydralazine,2965,2965,1,2.942730429005059,1.42857,110.0,4.835353501985443,0.7390307434401349,1.41414,0.0018088393659359192,0.000362122,0.0755024,7.994969522697877,7.994969522697877,1053,0.3551433389544688,2012,1,1
DB01276,Exenatide,3534,3534,1,1.633754539049236,0.6742495,68.9655,3.0273754213494266,0.6595927206932655,1.41421,0.0009417649066213922,6.27169e-05,0.297466,8.170468578330674,8.170468578330674,671,0.18986983588002262,1307,1,1
DB01277,Mecasermin,296,296,1,6.954011131756757,3.33333,160.0,13.608946840156962,0.9755364594594595,1.4129,0.00864500347972973,0.003367,0.107744,5.6937321388027,5.6937321388027,178,0.6013513513513513,234,1,1
DB01278,Pramlintide,977,977,1,2.55829195087001,1.25,20.0,3.542624541081846,0.8172644188331627,1.41404,0.0033733214227226202,0.000917011,0.318661,6.885509670034818,6.885509670034818,310,0.3172978505629478,562,1,1
DB01279,Galsulfase,505,505,1,5.838006299009901,2.5,157.5,11.918380847683512,0.8927899108910891,1.4138,0.004194837405940594,0.00211416,0.123679,6.226536669287466,6.226536669287466,276,0.5465346534653466,353,1,1
DB01280,Nelarabine,402,402,1,6.058055029850746,2.5,180.0,11.942322165965273,0.8730922786069651,1.41294,0.011088347562189054,0.00653595,0.101307,5.998936561946683,5.998936561946683,219,0.5447761194029851,312,1,1
DB01281,Abatacept,2489,2489,1,2.0418412952993172,0.952381,66.6667,3.523640178248074,0.7325712664122137,1.41418,0.0009102495182804339,0.00015991,0.135764,7.820037989458753,7.820037989458753,627,0.25190839694656486,1186,1,1
DB01285,Corticotropin,752,752,1,3.603789388297872,2.0,110.0,5.810708620118425,0.8912383989361702,1.41356,0.005267398696808511,0.00169205,0.103215,6.6240652277998935,6.6240652277998935,349,0.4640957446808511,562,1,1
DB01288,Fenoterol,1114,1114,1,3.783328763016158,1.66667,110.0,7.450992203545356,0.8569986833034111,1.41382,0.0040754039497307,0.002,0.157,7.016609683894219,7.016609683894219,451,0.40484739676840215,781,1,1
DB01291,Pirbuterol,1071,1071,1,3.315729451914099,2.0,30.0,3.695834011399529,0.8659106212885155,1.41372,0.004801081661998132,0.00251256,0.135678,6.977281341630747,6.977281341630747,500,0.4668534080298786,850,1,1
DB01294,Bismuth subsalicylate,888,888,1,3.9738810653153154,2.0,90.0,5.569595179883021,0.879023070945946,1.41354,0.00710475990990991,0.00347222,0.138889,6.790097235513905,6.790097235513905,432,0.4864864864864865,692,1,1
DB01296,Glucosamine,3137,3137,1,2.33023655052598,1.34545,40.0,2.903455831768133,0.7238048620975454,1.41415,0.0016051329081925407,0.000325362,0.0688141,8.051340933292979,8.051340933292979,907,0.28912974179152057,2090,1,1
DB01297,Practolol,6,6,1,5.555555000000001,5.0,10.0,2.2771008208136063,1.1524666666666665,1.33417,0.20000000000000004,0.2,0.2,1.9459101490553132,1.9459101490553132,6,1.0,6,1,1
DB01299,Sulfadoxine,196,196,1,4.9349965000000005,1.66667,95.0,10.102747256936006,0.9465731734693879,1.41263,0.011120364846938777,0.00408163,0.232653,5.2832037287379885,5.2832037287379885,87,0.44387755102040816,126,1,1
DB01303,Oxtriphylline,48,48,1,8.841360229166666,6.66667,20.0,6.137116626601248,1.0546756041666667,1.35752,0.22023787500000003,0.285714,0.285714,3.8918202981106265,3.8918202981106265,43,0.8958333333333334,47,1,1
DB01307,Insulin detemir,2734,2734,1,2.268350922457937,1.11111,70.0,3.5617231354267767,0.7501871151060717,1.41417,0.0011417220903438185,0.000225989,0.214915,7.913886714856082,7.913886714856082,740,0.27066569129480617,1452,1,1
DB01319,Fosamprenavir,1192,1192,1,3.26014793204698,1.68685,60.0,4.469965902634916,0.8094299337248322,1.41395,0.0031504053540268454,0.00136333,0.0722563,7.084226422097916,7.084226422097916,496,0.4161073825503356,863,1,1
DB01320,Fosphenytoin,750,750,1,4.02660666,2.3346,70.0,5.2372537396387076,0.8653019506666666,1.41363,0.005604386586666667,0.00298954,0.0971599,6.621405651764134,6.621405651764134,399,0.532,583,1,1
DB01321,Josamycin,221,221,1,5.2291005158371044,3.33333,40.0,6.10287155932334,0.9857522352941177,1.41043,0.019022104072398193,0.00970874,0.106796,5.402677381872279,5.402677381872279,141,0.6380090497737556,192,1,1
DB01326,Cefamandole,115,115,1,3.990404147826087,2.5,20.0,3.559206269670534,1.028257704347826,1.40737,0.027002313043478263,0.0175439,0.157895,4.7535901911063645,4.7535901911063645,70,0.6086956521739131,90,1,1
DB01327,Cefazolin,2788,2788,1,2.901968699784792,1.529195,70.0,4.404973003728095,0.7571456992109039,1.41412,0.0021459483705164994,0.00048158,0.147363,7.933438387627489,7.933438387627489,1043,0.37410329985652796,1901,1,1
DB01328,Cefonicid,6,6,1,8.055555,10.0,10.0,3.0580807949022537,1.2789033333333333,1.35752,0.142857,0.142857,0.142857,1.9459101490553132,1.9459101490553132,6,1.0,6,1,1
DB01329,Cefoperazone,735,735,1,3.927065782312925,2.03704,50.0,4.908277157990973,0.8992181061224489,1.41368,0.004680123265306122,0.00136612,0.0765027,6.601230118728877,6.601230118728877,368,0.5006802721088436,535,1,1
DB01330,Cefotetan,221,221,1,5.580275787330317,4.0,30.0,5.0683964206260725,1.0717455113122172,1.40915,0.02027382895927602,0.012987,0.0779221,5.402677381872279,5.402677381872279,158,0.7149321266968326,198,1,1
DB01331,Cefoxitin,539,539,1,4.706141972170686,3.0,120.0,6.910913570617201,0.9471787513914657,1.41271,0.00930520142857143,0.00387597,0.0775194,6.29156913955832,6.29156913955832,332,0.6159554730983302,451,1,1
DB01332,Ceftizoxime,99,99,1,6.193341696969697,5.0,23.3333,4.092923561249597,1.1530237070707072,1.4047,0.03399848383838384,0.0243902,0.170732,4.605170185988092,4.605170185988092,82,0.8282828282828283,96,1,1
DB01337,Pancuronium,575,575,1,3.874932493913043,1.53846,130.0,9.039079924002975,0.8577497090434782,1.4135,0.012903323426086957,0.0018315,0.423077,6.3561076606958915,6.3561076606958915,227,0.3947826086956522,364,1,1
DB01338,Pipecuronium,21,21,1,6.785713809523809,5.0,10.0,3.251983967092206,1.1653644761904762,1.38804,0.08253962857142857,0.0666667,0.133333,3.091042453358316,3.091042453358316,20,0.9523809523809523,21,1,1
DB01339,Vecuronium,1083,1083,1,2.7581180046168052,1.42857,70.0,4.267101230222071,0.7882625260387811,1.41397,0.003858580126500462,0.00125945,0.0787154,6.988413181999592,6.988413181999592,386,0.3564173591874423,685,1,1
DB01340,Cilazapril,753,753,1,3.065266693227092,1.73913,30.0,3.4149935822935324,0.9030496653386454,1.4135,0.004983755272244356,0.00184502,0.0571956,6.625392368007956,6.625392368007956,330,0.43824701195219123,535,1,1
DB01348,Spirapril,35,35,1,6.415419428571429,5.0,20.0,4.385510593639376,1.2107934285714286,1.37477,0.10285714285714286,0.1,0.2,3.58351893845611,3.58351893845611,28,0.8,35,1,1
DB01351,Amobarbital,99,99,1,6.209651121212121,5.0,20.0,4.819778152123954,1.112109111111111,1.40394,0.03907496767676768,0.0263158,0.236842,4.605170185988092,4.605170185988092,74,0.7474747474747475,91,1,1
DB01355,Hexobarbital,5,5,1,10.666666000000001,10.0,20.0,5.962848964864028,1.0799268,1.27802,0.46666660000000004,0.333333,0.666667,1.791759469228055,1.791759469228055,5,1.0,5,1,1
DB01357,Mestranol,26,26,1,7.217723461538461,5.0,20.0,5.7529727482413415,1.172583923076923,1.38969,0.07932692307692307,0.0625,0.25,3.295836866004329,3.295836866004329,23,0.8846153846153846,26,1,1
DB01359,Penbutolol,77,77,1,4.9764099480519475,3.33333,20.0,4.419238562654929,1.0880435194805194,1.40394,0.035885179220779224,0.0263158,0.131579,4.356708826689592,4.356708826689592,51,0.6623376623376623,73,1,1
DB01362,Iohexol,1234,1234,1,4.273442722042139,2.0,166.667,8.969854439218663,0.806982139789303,1.41405,0.002933376804700162,0.000817661,0.112837,7.118826249062078,7.118826249062078,594,0.4813614262560778,862,1,1
DB01364,Ephedrine,943,943,1,3.1738712788971366,1.66667,70.0,4.433296542621762,0.8575155662778366,1.41371,0.004712018207847295,0.00260078,0.106632,6.8501261661455,6.8501261661455,396,0.41993637327677624,639,1,1
DB01366,Procaterol,448,448,1,4.170030598214286,2.5,60.0,5.1932981295800635,0.9524858683035714,1.41254,0.010557173638392857,0.00429185,0.11588,6.1070228877422545,6.1070228877422545,234,0.5223214285714286,354,1,1
DB01367,Rasagiline,1169,1169,1,2.5004087741659538,1.26214,45.0,3.6398915826114604,0.8048190131736527,1.41401,0.002896337341317365,0.00104275,0.07195,7.064759027791802,7.064759027791802,355,0.30367835757057315,690,1,1
DB01369,Quinupristin,14,14,1,10.297619285714287,10.0,20.0,6.041232092492473,1.1684129285714284,1.34784,0.22619057142857144,0.166667,0.333333,2.70805020110221,2.70805020110221,13,0.9285714285714286,14,1,1
DB01373,Calcium,6478,6478,1,2.0995508470206854,1.25,35.0,2.7499457612151166,0.6228994067613461,1.4142,0.0008412879892559432,0.00011656,0.0708104,8.776321456449958,8.776321456449958,1647,0.25424513738808274,4136,1,1
DB01377,Magnesium oxide,4265,4265,1,2.1102473638921455,1.15789,40.0,2.9614717421834915,0.6956631790855803,1.41418,0.0011241915674091443,0.000226125,0.0719831,8.358431899031295,8.358431899031295,1126,0.26400937866354046,2380,1,1
DB01384,Paramethasone,10,10,1,8.033333,5.0,20.0,6.941466189804652,1.1263518,1.37032,0.1444443,0.111111,0.222222,2.3978952727983707,2.3978952727983707,8,0.8,10,1,1
DB01388,Mibefradil,49,49,1,5.131194959183674,3.33333,10.0,3.4550447447278816,1.1448423877551022,1.38969,0.07653061224489796,0.0625,0.5,3.912023005428146,3.912023005428146,37,0.7551020408163265,45,1,1
DB01390,Sodium bicarbonate,2817,2817,1,2.5592948029818956,1.42857,55.0,3.4275995330671547,0.755740825914093,1.41412,0.0018982667007454738,0.000459242,0.0755453,7.943782692458625,7.943782692458625,954,0.33865814696485624,1841,1,1
DB01392,Yohimbine,8,8,1,7.8125,10.0,10.0,3.116058636895562,1.24356,1.33417,0.2,0.2,0.2,2.1972245773362196,2.1972245773362196,8,1.0,8,1,1
DB01393,Bezafibrate,1206,1206,1,2.944174048092869,1.53846,50.0,3.8804561405847315,0.8502181376451079,1.4139,0.0031304313250414594,0.00159363,0.047012,7.095893221097532,7.095893221097532,440,0.3648424543946932,818,1,1
DB01394,Colchicine,3037,3037,1,2.5380522502469542,1.42857,100.0,3.819941340947539,0.733730278465591,1.41415,0.0016828692011853802,0.000327547,0.106944,8.018954683155718,8.018954683155718,980,0.3226868620349029,2063,1,1
DB01395,Drospirenone,1385,1385,1,1.715790857761733,0.833333,30.0,2.599585954254404,0.7486042770397111,1.41417,0.0034823769342960287,0.000243843,0.499147,7.234177179749849,7.234177179749849,309,0.22310469314079423,589,1,1
DB01396,Digitoxin,1323,1323,1,3.063190524565382,1.6,55.0,4.454000661241819,0.8150864912320485,1.41396,0.0033786703869992446,0.00129116,0.175597,7.188412736496954,7.188412736496954,516,0.3900226757369615,881,1,1
DB01397,Magnesium salicylate,395,395,1,4.767097108860759,3.33333,30.0,4.394235755625071,0.9999469240506329,1.41153,0.014037540253164556,0.00689655,0.137931,5.981414211254481,5.981414211254481,262,0.6632911392405063,360,1,1
DB01399,Salsalate,922,922,1,3.3103548687635573,2.0,40.0,3.7170673688242095,0.8864964381778742,1.4135,0.005411119490238612,0.00364964,0.060219,6.827629234502852,6.827629234502852,428,0.4642082429501085,713,1,1
DB01400,Neostigmine,854,854,1,3.4253824414519904,1.66667,80.0,5.299797811064475,0.8554050819672131,1.41361,0.005380973430913349,0.00310078,0.0728682,6.75110146893676,6.75110146893676,371,0.4344262295081967,575,1,1
DB01403,Methotrimeprazine,702,702,1,3.9594908974358973,2.1651800000000003,120.0,6.270487811564254,0.9062062321937322,1.41325,0.0071119587749287755,0.00246914,0.0740741,6.555356891810665,6.555356891810665,357,0.5085470085470085,552,1,1
DB01406,Danazol,1028,1028,1,3.409336475680934,1.757355,40.0,4.337519825900036,0.8742320982490273,1.41375,0.004241290116731518,0.00239234,0.0825359,6.9363427358340495,6.9363427358340495,432,0.42023346303501946,736,1,1
DB01407,Clenbuterol,143,143,1,5.760335356643356,3.33333,30.0,5.888223499696139,1.028327916083916,1.40865,0.025774211888111888,0.0142857,0.1,4.969813299576001,4.969813299576001,100,0.6993006993006993,130,1,1
DB01408,Bambuterol,120,120,1,6.170782541666667,3.33333,50.0,7.586677926021847,1.0756697083333333,1.4084,0.022512445,0.0149254,0.0746269,4.795790545596741,4.795790545596741,78,0.65,99,1,1
DB01409,Tiotropium,5018,5018,1,1.5332546225587884,0.769231,145.569,3.1394923813383806,0.6282376014746911,1.41421,0.0005431589039856516,5.13751e-05,0.26948,8.520985989654934,8.520985989654934,838,0.16699880430450378,1875,1,1
DB01410,Ciclesonide,1434,1434,1,2.910219670153417,1.632135,40.0,3.730624959713637,0.823626780474198,1.41397,0.0031987517126917716,0.00126103,0.140605,7.268920128193722,7.268920128193722,554,0.38633193863319387,991,1,1
DB01412,Theobromine,26,26,1,4.947191538461539,4.5,10.0,3.1355335002690596,0.9925573461538462,1.39463,0.08846153846153847,0.05,0.2,3.295836866004329,3.295836866004329,22,0.8461538461538461,25,1,1
DB01413,Cefepime,2487,2487,1,2.6280223723361478,1.48936,60.0,3.488665142766461,0.7530963228789707,1.41411,0.002208377316043426,0.000526454,0.107133,7.81923445385907,7.81923445385907,865,0.3478086047446723,1692,1,1
DB01415,Ceftibuten,386,386,1,4.987509295336787,3.33333,50.0,5.461459699106325,0.9863352202072538,1.41251,0.009548155284974094,0.00436681,0.0917031,5.958424693029782,5.958424693029782,242,0.6269430051813472,328,1,1
DB01416,Cefpodoxime,1260,1260,1,3.967926861904762,2.00877,80.0,5.988228776982474,0.8644976730158729,1.41379,0.004090221428571429,0.0021645,0.0974026,7.13966033596492,7.13966033596492,630,0.5,964,1,1
DB01418,Acenocoumarol,2200,2200,1,2.5881452736363637,1.307915,40.0,3.767145849155516,0.7624631606363637,1.41412,0.0018564990236363634,0.000463177,0.177397,7.696667081526462,7.696667081526462,716,0.32545454545454544,1337,1,1
DB01421,Paromomycin,99,99,1,6.2676386262626265,5.0,30.0,5.495106254638091,1.1182791818181819,1.40492,0.03342951212121212,0.0238095,0.119048,4.605170185988092,4.605170185988092,72,0.7272727272727273,92,1,1
DB01422,Nitroxoline,17,17,1,8.270307647058825,5.0,30.0,7.311152372461992,1.1784284705882353,1.37032,0.13725476470588238,0.111111,0.333333,2.8903717578961645,2.8903717578961645,16,0.9411764705882353,17,1,1
DB01425,Alizapride,380,380,1,4.38325705,2.5,50.0,5.264435801262334,0.95400325,1.41225,0.011483249078947369,0.00505051,0.10101,5.942799375126701,5.942799375126701,203,0.5342105263157895,317,1,1
DB01426,Ajmaline,183,183,1,4.467157103825136,2.5,20.0,4.068863697633375,1.0636580218579235,1.40934,0.019330601092896176,0.0125,0.1,5.214935757608986,5.214935757608986,101,0.5519125683060109,154,1,1
DB01428,Oxybenzone,3,3,1,7.222223333333333,10.0,10.0,4.8112503187459845,1.1501556666666666,1.27802,0.333333,0.333333,0.333333,1.3862943611198906,1.3862943611198906,2,0.6666666666666666,3,1,1
DB01429,Aprindine,277,277,1,4.375767833935019,3.125,30.0,4.335204175993069,0.9809599602888087,1.41198,0.012531649566787003,0.00574713,0.0804598,5.627621113690637,5.627621113690637,164,0.592057761732852,220,1,1
DB01430,Almitrine,27,27,1,5.731481481481482,5.0,10.0,3.6096478429147716,1.1703253703703704,1.38397,0.08831909259259259,0.0769231,0.230769,3.332204510175204,3.332204510175204,20,0.7407407407407407,27,1,1
DB01431,Allylestrenol,27,27,1,8.231921851851851,5.0,30.0,6.3491145920441525,1.2080500740740743,1.38969,0.0763888888888889,0.0625,0.1875,3.332204510175204,3.332204510175204,26,0.9629629629629629,27,1,1
DB01433,Methadyl acetate,4,4,1,10.0,10.0,10.0,0.0,1.31339,1.31339,0.25,0.25,0.25,1.6094379124341003,1.6094379124341003,4,1.0,4,1,1
DB01435,Antipyrine,182,182,1,5.2770717967032965,3.75,20.0,4.18633492074509,1.0548888241758243,1.40725,0.02953294065934066,0.0178571,0.178571,5.209486152841421,5.209486152841421,132,0.7252747252747253,167,1,1
DB01436,Alfacalcidol,2922,2922,1,2.5787888798767966,1.33333,50.0,3.9570981097987943,0.7568540782683094,1.41414,0.001401591345653662,0.000356824,0.0542373,7.980365765111246,7.980365765111246,911,0.31177275838466806,1747,1,1
DB01438,Phenazopyridine,1811,1811,1,3.991402607399227,2.5,70.0,4.728166727716822,0.8364798956377691,1.41388,0.0044327228282716735,0.00172861,0.125324,7.502186486602924,7.502186486602924,1011,0.5582551076753175,1533,1,1
DB01466,Ethylmorphine,32,32,1,5.0477426874999995,3.33333,20.0,4.211806065067294,1.09273521875,1.38397,0.09615383125,0.0769231,0.230769,3.4965075614664802,3.4965075614664802,25,0.78125,29,1,1
DB01483,Barbital,15,15,1,6.733333333333333,4.0,30.0,7.222045064982502,1.1328866666666668,1.36473,0.15,0.125,0.375,2.772588722239781,2.772588722239781,12,0.8,15,1,1
DB01491,Dipipanone,1,1,1,5.0,5.0,5.0,,1.06458,1.06458,0.333333,0.333333,0.333333,0.6931471805599453,0.6931471805599453,1,1.0,1,1,1
DB01495,Dichloralphenazone,1330,1330,1,4.108490888721804,2.5,40.0,4.2935688085654045,0.8691267037593985,1.41366,0.005690072857142857,0.00282486,0.146893,7.193685818395112,7.193685818395112,748,0.562406015037594,1151,1,1
DB01501,Difenoxin,29,29,1,4.017636586206897,2.5,10.0,3.3109724149310567,1.0640624827586207,1.36473,0.15086206896551724,0.125,0.5,3.4011973816621555,3.4011973816621555,18,0.6206896551724138,27,1,1
DB01529,Dextromoramide,22,22,1,7.791041818181818,5.5,25.0,6.26112983664605,1.035637090909091,1.39115,0.11497334090909091,0.0588235,0.294118,3.1354942159291497,3.1354942159291497,21,0.9545454545454546,22,1,1
DB01544,Flunitrazepam,2164,2164,1,2.7238917624768946,1.42857,60.0,3.7568156227998695,0.7668438192236599,1.4141,0.0022077000508317927,0.00056338,0.0842253,7.68017564043659,7.68017564043659,785,0.36275415896487984,1360,1,1
DB01545,Ethyl loflazepate,1075,1075,1,3.297835654883721,1.81818,40.0,4.160845716480336,0.8531354223255814,1.4138,0.004120028958139535,0.00213447,0.0885806,6.98100574072173,6.98100574072173,475,0.4418604651162791,765,1,1
DB01550,Fenproporex,10,10,1,11.0,10.0,20.0,5.163977794943222,1.285742,1.36473,0.15,0.125,0.25,2.3978952727983707,2.3978952727983707,10,1.0,10,1,1
DB01551,Dihydrocodeine,1359,1359,1,3.1561886055923476,1.42857,120.0,6.090677015006158,0.806373838116262,1.41397,0.0029528856438557766,0.00123533,0.0710315,7.215239978730097,7.215239978730097,479,0.3524650478292862,824,1,1
DB01553,Cloxazolam,884,884,1,3.961439847285068,2.25806,40.0,4.616517874655787,0.8831723846153846,1.41351,0.006487166436651584,0.00361011,0.0902527,6.785587645007929,6.785587645007929,465,0.5260180995475113,725,1,1
DB01558,Bromazepam,3280,3280,1,2.558502568292683,1.42857,40.0,3.3736613851128014,0.7426724297560976,1.41416,0.0013956111390243903,0.000290107,0.0526545,8.0959035329611,8.0959035329611,1080,0.32926829268292684,2124,1,1
DB01559,Clotiazepam,926,926,1,3.0078042613390927,1.66667,70.0,4.2553828605195525,0.8567188585313176,1.41372,0.00444935288336933,0.00252845,0.0619469,6.831953565565855,6.831953565565855,375,0.40496760259179265,624,1,1
DB01574,Attapulgite,289,289,1,4.894279301038062,3.33333,30.0,4.121178842679854,1.0267692698961937,1.40915,0.024850566782006922,0.012987,0.207792,5.66988092298052,5.66988092298052,205,0.7093425605536332,263,1,1
DB01575,Kaolin,81,81,1,9.286759679012345,5.0,50.0,11.52376290311385,1.04341275308642,1.40074,0.06811411111111111,0.0344828,0.241379,4.406719247264253,4.406719247264253,61,0.7530864197530864,74,1,1
DB01576,Dextroamphetamine,3000,3000,1,2.6738171323333333,1.49627,50.0,3.3806315859750216,0.7386044516333333,1.41416,0.001562714304,0.000281968,0.113774,8.006700845440367,8.006700845440367,1038,0.346,2152,1,1
DB01579,Phendimetrazine,220,220,1,5.085335454545454,3.484845,30.0,4.52269827862713,1.0539351909090908,1.40984,0.01940759090909091,0.011236,0.123596,5.3981627015177525,5.3981627015177525,156,0.7090909090909091,189,1,1
DB01580,Oxprenolol,78,78,1,4.645765115384616,3.33333,20.0,4.682392501610811,1.054394051282051,1.40712,0.025641007692307694,0.0181818,0.0727273,4.3694478524670215,4.3694478524670215,44,0.5641025641025641,63,1,1
DB01582,Sulfamethazine,72,72,1,4.955749305555555,3.33333,20.0,4.276826424708157,1.0856929305555556,1.40201,0.04210069444444445,0.03125,0.125,4.290459441148391,4.290459441148391,49,0.6805555555555556,66,1,1
DB01584,Thyroglobulin,14,14,1,7.047618571428572,7.5,10.0,3.172686223921197,1.1829685714285714,1.33417,0.21428571428571427,0.2,0.4,2.70805020110221,2.70805020110221,13,0.9285714285714286,14,1,1
DB01587,Ketazolam,25,25,1,5.259364799999999,5.0,10.0,3.336895746104104,1.1538244,1.38804,0.077333364,0.0666667,0.2,3.258096538021482,3.258096538021482,18,0.72,25,1,1
DB01588,Prazepam,1370,1370,1,3.1132615364963505,1.66667,50.0,4.177487691219205,0.8391595343065694,1.41393,0.003072483767883212,0.00145349,0.0472384,7.223295679562314,7.223295679562314,548,0.4,926,1,1
DB01589,Quazepam,655,655,1,3.456676570992366,2.0,30.0,4.011236309198561,0.8854167816793893,1.41336,0.006886895908396947,0.00436681,0.0960699,6.486160788944089,6.486160788944089,306,0.467175572519084,473,1,1
DB01590,Everolimus,3419,3419,1,3.123609823340158,1.66667,70.0,4.838995754233638,0.7172602252412986,1.41418,0.001190762181339573,0.000248139,0.114061,8.13739583005665,8.13739583005665,1403,0.4103539046504826,2285,1,1
DB01591,Solifenacin,2744,2744,1,1.993330633381924,0.9863785,70.0,3.1455013142524826,0.7220330148323615,1.41418,0.001080440867383382,0.000197589,0.151946,7.917536353943631,7.917536353943631,635,0.23141399416909622,1316,1,1
DB01592,Iron,4205,4205,1,2.459584757193817,1.34287,60.0,3.3625478900908488,0.707662833079667,1.41418,0.001162256078977408,0.000265416,0.0691852,8.344267356262645,8.344267356262645,1298,0.30868014268727706,2831,1,1
DB01593,Zinc,1776,1776,1,2.7095423170045043,1.42857,50.0,3.304852738723388,0.8226697548423424,1.41399,0.0027514820855855855,0.00112803,0.072758,7.482681828154651,7.482681828154651,624,0.35135135135135137,1206,1,1
DB01595,Nitrazepam,1855,1855,1,2.959520851212938,1.48148,180.0,5.510443233412856,0.7977848850673854,1.41405,0.0025306667644204852,0.000819336,0.0721016,7.526178913346146,7.526178913346146,699,0.37681940700808625,1232,1,1
DB01597,Cilastatin,1166,1166,1,2.9255915943396227,1.66667,40.0,3.600872201800977,0.852232203773585,1.41393,0.0030322777255574617,0.00143988,0.12527,7.062191632286556,7.062191632286556,482,0.41337907375643224,794,1,1
DB01598,Imipenem,1144,1144,1,3.5475990926573426,2.0,70.0,4.42290343924077,0.8822821923076923,1.4137,0.004592902840909091,0.00263505,0.0935441,7.0431599159883405,7.0431599159883405,552,0.4825174825174825,862,1,1
DB01599,Probucol,252,252,1,4.253842793650794,2.5,40.0,4.423084414010921,1.0297771507936508,1.41086,0.014573075317460318,0.00862069,0.0775862,5.53338948872752,5.53338948872752,147,0.5833333333333334,203,1,1
DB01601,Lopinavir,1610,1610,1,3.541998307453416,1.77521,70.0,5.183015710842263,0.7912734937267081,1.41403,0.002660503880745342,0.000947867,0.0952607,7.384610383176974,7.384610383176974,719,0.446583850931677,1173,1,1
DB01602,Bacampicillin,18,18,1,8.055555555555555,10.0,10.0,2.572479031209852,1.2626501111111113,1.38397,0.08547008888888889,0.0769231,0.153846,2.9444389791664403,2.9444389791664403,18,1.0,18,1,1
DB01604,Pivampicillin,53,53,1,5.826346226415095,5.0,20.0,4.288446467566722,1.14015020754717,1.39918,0.047895488679245285,0.0384615,0.115385,3.9889840465642745,3.9889840465642745,36,0.6792452830188679,51,1,1
DB01606,Tazobactam,2217,2217,1,2.081450322056834,0.990099,165.0,4.920010761660915,0.7162771160126297,1.41413,0.0018975833987370323,0.000450857,0.0885933,7.704361167910313,7.704361167910313,508,0.22913847541723048,1076,1,1
DB01607,Ticarcillin,113,113,1,4.9513113982300885,2.5,30.0,5.171477063757999,1.0737532920353983,1.40573,0.030588680530973453,0.0217391,0.130435,4.736198448394496,4.736198448394496,74,0.6548672566371682,100,1,1
DB01608,Periciazine,581,581,1,4.0171280808950085,2.10526,30.0,4.503944084778943,0.9063129552495697,1.41292,0.009437749432013769,0.00666667,0.0866667,6.366470447731438,6.366470447731438,294,0.5060240963855421,462,1,1
DB01609,Deferasirox,3143,3143,1,3.784021726376074,1.53846,1124.44,21.14708654819629,0.7399660447343304,1.41419,0.0011170899039134586,0.000142106,0.222822,8.053251153549096,8.053251153549096,1255,0.3993000318167356,2018,1,1
DB01610,Valganciclovir,2350,2350,1,2.74591554,1.53846,40.0,3.4888855404378107,0.7754690269787234,1.4141,0.001915192369361702,0.000561956,0.0896319,7.762596048540069,7.762596048540069,877,0.3731914893617021,1596,1,1
DB01611,Hydroxychloroquine,4947,4947,1,2.3184520549828176,1.17647,80.0,3.7799572535883907,0.6767867122296342,1.4142,0.0008309996583383869,0.000140213,0.0700131,8.506738733512378,8.506738733512378,1255,0.2536891045077825,2951,1,1
DB01612,Amyl Nitrite,6,6,1,7.185185,10.0,10.0,4.369742887785276,1.2523115,1.37032,0.111111,0.111111,0.111111,1.9459101490553132,1.9459101490553132,4,0.6666666666666666,6,1,1
DB01614,Acepromazine,75,75,1,6.08417952,5.0,30.0,4.680572391743944,1.0380632,1.40026,0.06095240266666667,0.0357143,0.214286,4.330733340286331,4.330733340286331,61,0.8133333333333334,71,1,1
DB01615,Aceprometazine,46,46,1,5.570910847826087,5.0,20.0,3.939052922276487,1.1402485869565218,1.39244,0.06763288695652174,0.0555556,0.166667,3.8501476017100584,3.8501476017100584,37,0.8043478260869565,43,1,1
DB01616,Alverine,273,273,1,4.4314339230769235,2.5,60.0,5.604619700483213,0.9426337838827838,1.4119,0.014237748058608059,0.00595238,0.0952381,5.6131281063880705,5.6131281063880705,145,0.5311355311355311,210,1,1
DB01618,Molindone,129,129,1,4.063205976744187,2.5,20.0,3.700263990792926,0.9889037131782946,1.40749,0.030740458139534882,0.0172414,0.12069,4.867534450455582,4.867534450455582,80,0.6201550387596899,112,1,1
DB01620,Pheniramine,498,498,1,4.70925934939759,1.42857,174.375,12.806611181127284,0.9005010060240963,1.41384,0.0046555030522088345,0.00095057,0.265209,6.212606095751519,6.212606095751519,193,0.38755020080321284,286,1,1
DB01623,Thiothixene,944,944,1,3.4085779862288135,2.0,30.0,3.832423953523364,0.8506812942796611,1.41368,0.006155205730932203,0.00276625,0.261411,6.851184927493743,6.851184927493743,439,0.4650423728813559,701,1,1
DB01624,Zuclopenthixol,1063,1063,1,3.6914208457196613,2.0,80.0,5.288383756910614,0.8211403142050799,1.41381,0.005089413941674507,0.00209205,0.0794979,6.96979066990159,6.96979066990159,524,0.4929444967074318,824,1,1
DB01625,Isopropamide,3,3,1,7.5,10.0,10.0,4.330127018922194,1.1652993333333332,1.27802,0.333333,0.333333,0.333333,1.3862943611198906,1.3862943611198906,3,1.0,3,1,1
DB01627,Lincomycin,350,350,1,4.949586702857143,3.33333,45.0,5.244099125368363,1.0231948342857144,1.41155,0.013091974457142858,0.00684932,0.10274,5.860786223465865,5.860786223465865,229,0.6542857142857142,313,1,1
DB01628,Etoricoxib,1675,1675,1,2.739542545074627,1.6129,30.0,3.288254157069038,0.8122585414925374,1.41402,0.002236670865671642,0.00098668,0.0547607,7.424165281042028,7.424165281042028,625,0.373134328358209,1140,1,1
DB01638,Sorbitol,669,669,1,3.635081863976084,2.0,30.0,3.8963699320075054,0.944473505231689,1.41282,0.00835784351270553,0.00358423,0.103943,6.507277712385012,6.507277712385012,329,0.49177877428998507,525,1,1
DB01645,Genistein,17,17,1,6.509802941176471,5.0,10.0,3.47434670823481,1.212608411764706,1.3784,0.09625668235294119,0.0909091,0.181818,2.8903717578961645,2.8903717578961645,15,0.8823529411764706,17,1,1
DB01656,Roflumilast,1014,1014,1,2.6382085335305723,1.42857,40.0,3.52211219403788,0.8071482042406312,1.41403,0.003277267961538461,0.000954654,0.148926,6.922643891475888,6.922643891475888,338,0.3333333333333333,642,1,1
DB01698,Rutin,40,40,1,7.6629807,5.0,30.0,6.914074644768973,1.162108825,1.38969,0.084375,0.0625,0.25,3.713572066704308,3.713572066704308,33,0.825,38,1,1
DB01708,Prasterone,436,436,1,3.9544740183486238,2.5,40.0,4.12158084427722,0.9934536055045872,1.41222,0.010409312729357799,0.00512821,0.107692,6.07993319509559,6.07993319509559,235,0.5389908256880734,358,1,1
DB01764,Dalfopristin,183,183,1,4.62527212568306,3.07692,30.0,4.645545438782485,1.0359450546448088,1.40984,0.01983179781420765,0.011236,0.134831,5.214935757608986,5.214935757608986,106,0.5792349726775956,156,1,1
DB01775,Dihydroxyacetone,21,21,1,5.763040142857143,3.33333,20.0,5.4503731912757525,1.0904179523809525,1.38969,0.09523809523809523,0.0625,0.3125,3.091042453358316,3.091042453358316,12,0.5714285714285714,20,1,1
DB01783,Pantothenic acid,130,130,1,4.670900469230769,3.33333,30.0,4.222036384308673,1.1012805846153846,1.40591,0.027659580000000003,0.0212766,0.106383,4.875197323201151,4.875197323201151,83,0.6384615384615384,110,1,1
DB01878,Benzophenone,14,14,1,7.840135714285714,10.0,20.0,4.934124399399497,1.2440464285714286,1.37477,0.10714285714285714,0.1,0.2,2.70805020110221,2.70805020110221,12,0.8571428571428571,14,1,1
DB01942,Formic acid,1,1,1,1.53846,1.53846,1.53846,,0.59743,0.59743,0.4,0.4,0.4,0.6931471805599453,0.6931471805599453,0,0.0,1,1,1
DB01956,Taurine,282,282,1,5.32122875177305,2.5,205.0,13.395062304006087,0.9958611063829788,1.4121,0.01119719390070922,0.00543478,0.222826,5.645446897643238,5.645446897643238,155,0.549645390070922,217,1,1
DB01992,Coenzyme A,265,265,1,4.2994653094339625,2.85714,30.0,3.9600383353547395,1.0605869094339624,1.4105,0.014447434,0.00952381,0.0761905,5.583496308781699,5.583496308781699,159,0.6,222,1,1
DB02134,Xanthine,3,3,1,5.11111,3.33333,10.0,4.286067696187264,1.0580276666666666,1.27802,0.333333,0.333333,0.333333,1.3862943611198906,1.3862943611198906,2,0.6666666666666666,3,1,1
DB02262,Orotic acid,25,25,1,0.8571688000000001,0.526316,4.0,0.8708066329641347,0.8801721600000001,0.992831,0.19999992,0.142857,0.714286,3.258096538021482,3.258096538021482,3,0.12,5,1,1
DB02266,Flufenamic acid,35,35,1,7.120747714285714,5.0,30.0,5.6343637380291804,1.1646347428571426,1.38397,0.09670328285714286,0.0769231,0.230769,3.58351893845611,3.58351893845611,31,0.8857142857142857,35,1,1
DB02325,Isopropyl alcohol,211,211,1,4.118866426540285,3.0,30.0,4.008906664789581,1.0324894360189574,1.41124,0.013494455734597156,0.00763359,0.19084,5.356586274672012,5.356586274672012,125,0.5924170616113744,166,1,1
DB02329,Carbenoxolone,5,5,1,8.0,10.0,10.0,2.7386127875258306,1.27804,1.35752,0.142857,0.142857,0.142857,1.791759469228055,1.791759469228055,5,1.0,5,1,1
DB02383,Tolrestat,1,1,1,5.0,5.0,5.0,,1.06458,1.06458,0.333333,0.333333,0.333333,0.6931471805599453,0.6931471805599453,1,1.0,1,1,1
DB02513,Thymol,264,264,1,8.360240477272727,1.42857,660.0,42.527624346845286,0.943329393939394,1.41269,0.01019472159090909,0.00390625,0.257812,5.579729825986222,5.579729825986222,112,0.42424242424242425,151,1,1
DB02546,Vorinostat,1058,1058,1,3.237298504725898,1.81818,40.0,3.9427116821487433,0.8342342279773156,1.41391,0.0042360761247637055,0.00155159,0.110939,6.9650803456014065,6.9650803456014065,467,0.44139886578449905,765,1,1
DB02638,Terlipressin,71,71,1,6.545490338028169,5.0,40.0,6.190008852394877,1.0816427887323943,1.40394,0.04225352957746479,0.0263158,0.157895,4.276666119016055,4.276666119016055,51,0.7183098591549296,65,1,1
DB02650,Trichloroacetaldehyde,686,686,1,3.949859689504373,2.30769,50.0,4.713262615872854,0.9112406151603498,1.41316,0.007571533571428571,0.00269542,0.06469,6.532334292222349,6.532334292222349,358,0.521865889212828,522,1,1
DB02709,Resveratrol,236,236,1,4.077824991525424,2.5,20.0,3.9153882982038453,1.0281407584745763,1.41047,0.015523145084745763,0.00961538,0.0769231,5.4680601411351315,5.4680601411351315,136,0.576271186440678,192,1,1
DB02772,Sucrose,25,25,1,6.11928532,5.0,10.0,3.7544591723548186,1.2175154000000001,1.38969,0.065,0.0625,0.125,3.258096538021482,3.258096538021482,20,0.8,23,1,1
DB02789,Pregnenolone,71,71,1,4.538381098591549,3.33333,15.0,3.743099181698102,1.091020352112676,1.40238,0.04182669014084507,0.030303,0.181818,4.276666119016055,4.276666119016055,44,0.6197183098591549,63,1,1
DB02925,Piretanide,399,399,1,4.4737634160401,2.69231,40.0,4.45645259285946,0.98516371679198,1.4118,0.012889370025062657,0.00621118,0.161491,5.991464547107982,5.991464547107982,234,0.5864661654135338,345,1,1
DB03128,Acetylcholine,47,47,1,9.46050444680851,5.0,100.0,16.999561231018152,1.1418054680851064,1.4084,0.024134674468085107,0.0149254,0.149254,3.871201010907891,3.871201010907891,29,0.6170212765957447,38,1,1
DB03255,Phenol,266,266,1,5.038993657894737,2.85714,70.0,6.748917095998688,0.9865023646616541,1.41083,0.01837201879699248,0.00869565,0.121739,5.58724865840025,5.58724865840025,165,0.6203007518796992,220,1,1
DB03310,Glutathione disulfide,43,43,1,18.02400860465116,10.0,100.0,22.4771158864646,1.0168867441860465,1.4102,0.04219612325581395,0.0103093,0.226804,3.784189633918261,3.784189633918261,34,0.7906976744186046,37,1,1
DB03312,Brivudine,78,78,1,9.894418871794873,5.0,60.0,12.01804577585141,1.0428351923076922,1.40421,0.06015775512820513,0.025641,0.333333,4.3694478524670215,4.3694478524670215,64,0.8205128205128205,71,1,1
DB03323,Maltose,388,388,1,3.664512332474227,2.0,20.0,3.6623126605348486,0.9539506159793815,1.41269,0.009644815592783506,0.00390625,0.0859375,5.963579343618446,5.963579343618446,187,0.48195876288659795,300,1,1
DB03404,Hemin,131,131,1,6.114130022900763,3.33333,40.0,7.482947047445272,1.0533652748091602,1.40865,0.024427469465648853,0.0142857,0.114286,4.882801922586371,4.882801922586371,86,0.6564885496183206,118,1,1
DB03419,Uracil,399,399,1,5.167339318295739,3.33333,40.0,4.603260231795758,1.0138973082706768,1.41167,0.014316835463659148,0.00653595,0.24183,5.991464547107982,5.991464547107982,285,0.7142857142857143,363,1,1
DB03462,Thymine,14,14,1,5.595237857142857,5.0,10.0,2.6439052289345324,1.122426142857143,1.33417,0.21428571428571427,0.2,0.4,2.70805020110221,2.70805020110221,14,1.0,14,1,1
DB03604,Tiratricol,11,11,1,5.811687272727273,5.0,10.0,3.465418883711148,1.2095727272727272,1.3784,0.0909091,0.0909091,0.0909091,2.4849066497880004,2.4849066497880004,10,0.9090909090909091,11,1,1
DB03614,Mecobalamin,2104,2104,1,2.6019606425855515,1.42857,40.0,3.2277210568143273,0.7913849757604563,1.41409,0.0020603386653992393,0.000647249,0.0605178,7.652070746116482,7.652070746116482,760,0.3612167300380228,1380,1,1
DB03754,Tromethamine,17,17,1,4.151960941176471,2.5,10.0,3.5814234275157877,1.1036075294117649,1.38969,0.06985294117647059,0.0625,0.125,2.8903717578961645,2.8903717578961645,10,0.5882352941176471,15,1,1
DB03783,Phenacetin,41,41,1,4.502999829268293,3.33333,10.0,3.200912387681377,1.132657756097561,1.38804,0.07317072926829267,0.0666667,0.133333,3.7376696182833684,3.7376696182833684,31,0.7560975609756098,39,1,1
DB03808,Hexamidine,60,60,1,5.244651433333333,4.5,20.0,4.114213690647308,1.1382517833333334,1.39918,0.046794836666666666,0.0384615,0.153846,4.110873864173311,4.110873864173311,43,0.7166666666666667,51,1,1
DB03843,Formaldehyde,29,29,1,7.3524896551724135,5.0,20.0,4.499787904083831,1.0996509655172415,1.38142,0.12931040344827585,0.0833333,0.416667,3.4011973816621555,3.4011973816621555,28,0.9655172413793104,29,1,1
DB03852,Eucalyptol,94,94,1,8.529452255319148,3.33333,110.0,15.580283482067864,1.0949028510638297,1.40922,0.02482268404255319,0.0128205,0.282051,4.553876891600541,4.553876891600541,61,0.648936170212766,82,1,1
DB03904,Urea,1060,1060,1,3.032479058490566,1.66667,40.0,3.7911108419783774,0.8741654471698113,1.41375,0.004582370405660377,0.00119904,0.122302,6.966967138613983,6.966967138613983,410,0.3867924528301887,727,1,1
DB03994,Ethanolamine,66,66,1,7.114362954545455,5.0,20.0,5.62724706236427,1.1121165606060606,1.39244,0.08164984848484848,0.0555556,0.277778,4.204692619390966,4.204692619390966,54,0.8181818181818182,63,1,1
DB04115,Berberine,52,52,1,6.742700557692308,5.0,20.0,5.2235422783574395,1.1036272307692307,1.3972,0.06772577115384616,0.0434783,0.217391,3.970291913552122,3.970291913552122,41,0.7884615384615384,50,1,1
DB04173,Fructose,61,61,1,4.7188559672131145,3.33333,20.0,4.214137210487864,1.0941466721311475,1.40119,0.04153003770491803,0.0333333,0.0666667,4.127134385045092,4.127134385045092,40,0.6557377049180327,55,1,1
DB04209,Dequalinium,9,9,1,5.546296666666667,5.0,10.0,3.6484179526337166,1.1882066666666666,1.37032,0.111111,0.111111,0.111111,2.302585092994046,2.302585092994046,6,0.6666666666666666,9,1,1
DB04216,Quercetin,97,97,1,3.842955381443299,3.33333,10.0,3.200837595838713,1.0867634948453608,1.4047,0.03092779381443299,0.0243902,0.146341,4.584967478670572,4.584967478670572,58,0.5979381443298969,80,1,1
DB04272,Citric acid,324,324,1,3.6096784907407407,2.0,30.0,3.792419525792099,0.9888069228395062,1.41131,0.013059711018518518,0.00746269,0.0746269,5.783825182329737,5.783825182329737,161,0.49691358024691357,260,1,1
DB04325,Phenethylamine,14,14,1,7.047618571428572,5.0,30.0,7.1776687353033815,1.1478765714285715,1.34784,0.1904765,0.166667,0.5,2.70805020110221,2.70805020110221,12,0.8571428571428571,14,1,1
DB04335,Inosine,43,43,1,5.6368576744186045,3.33333,20.0,4.124584287156844,1.1911409534883721,1.39557,0.050941262790697675,0.047619,0.0952381,3.784189633918261,3.784189633918261,35,0.813953488372093,43,1,1
DB04465,Lactose,300,300,1,3.7381562133333333,2.22222,20.0,3.508313798491142,1.0349248033333334,1.41133,0.0122716022,0.00740741,0.0814815,5.707110264748875,5.707110264748875,152,0.5066666666666667,243,1,1
DB04540,Cholesterol,1155,1155,1,2.649096953246753,1.5625,30.0,2.968381991153761,0.8157042161038961,1.41398,0.0030434209324675322,0.00121212,0.0957576,7.052721049232323,7.052721049232323,416,0.3601731601731602,821,1,1
DB04552,Niflumic acid,144,144,1,5.273794090277778,3.166665,40.0,5.908794044386324,1.038107048611111,1.40895,0.02280403472222222,0.0135135,0.135135,4.976733742420574,4.976733742420574,86,0.5972222222222222,120,1,1
DB04564,Gluconolactone,7,7,1,6.394557142857143,5.0,10.0,3.5804881827515938,1.1986247142857143,1.34784,0.16666700000000004,0.166667,0.166667,2.0794415416798357,2.0794415416798357,6,0.8571428571428571,7,1,1
DB04572,Thiotepa,953,953,1,3.630315317943337,1.66667,120.0,6.864896457017905,0.7870125152151102,1.41388,0.004646466169989507,0.00171233,0.10274,6.860663671448287,6.860663671448287,396,0.4155299055613851,677,1,1
DB04573,Estriol,554,554,1,3.1346483249097474,1.66667,40.0,3.8111999589093375,0.9235487039711191,1.41312,0.006667547364620939,0.00280899,0.0926966,6.318968113746434,6.318968113746434,236,0.4259927797833935,400,1,1
DB04576,Fleroxacin,39,39,1,6.16086641025641,5.0,20.0,4.016960913053213,1.144580205128205,1.3784,0.10955708205128205,0.0909091,0.272727,3.6888794541139363,3.6888794541139363,32,0.8205128205128205,39,1,1
DB04599,Aniracetam,22,22,1,7.337661818181818,10.0,10.0,3.092740330851061,1.257436818181818,1.36473,0.125,0.125,0.125,3.1354942159291497,3.1354942159291497,21,0.9545454545454546,22,1,1
DB04630,Aldosterone,143,143,1,4.979499405594406,3.33333,20.0,4.173868864822626,1.035176881118881,1.40625,0.03396605104895105,0.0204082,0.183673,4.969813299576001,4.969813299576001,99,0.6923076923076923,128,1,1
DB04665,Coumarin,168,168,1,4.721203047619047,3.33333,20.0,4.356887037629499,1.0825647857142857,1.40793,0.02246542023809524,0.016129,0.0806452,5.1298987149230735,5.1298987149230735,113,0.6726190476190477,148,1,1
DB04703,Hesperidin,1050,1050,1,2.7405241476190474,1.42857,30.0,3.404601360899101,0.8669749209523809,1.41372,0.004046421590476191,0.00125628,0.0703518,6.957497370876951,6.957497370876951,368,0.3504761904761905,680,1,1
DB04740,Moxalactam (hydrolyzed),11,11,1,9.318181818181818,10.0,20.0,4.484822890999863,1.264550909090909,1.34784,0.18181845454545453,0.166667,0.333333,2.4849066497880004,2.4849066497880004,11,1.0,11,1,1
DB04743,Nimesulide,1369,1369,1,3.5685975536888237,2.0,60.0,4.770880856926587,0.8403385054784515,1.41389,0.003579562911614317,0.00168776,0.0632911,7.222566018822171,7.222566018822171,636,0.464572680788897,1059,1,1
DB04786,Suramin,14,14,1,11.989795714285716,10.0,50.0,12.282618836248433,1.1240147142857144,1.38616,0.12755101428571428,0.10714280000000001,0.357143,2.70805020110221,2.70805020110221,13,0.9285714285714286,14,1,1
DB04794,Bifonazole,126,126,1,5.7853258174603175,3.33333,30.0,6.029745672519622,1.075599,1.40865,0.02222220714285714,0.0142857,0.0714286,4.844187086458591,4.844187086458591,80,0.6349206349206349,109,1,1
DB04815,Clioquinol,56,56,1,6.2741416785714295,3.33333,50.0,8.573169799050707,1.0936848571428572,1.39974,0.056216885714285715,0.037037,0.222222,4.04305126783455,4.04305126783455,37,0.6607142857142857,51,1,1
DB04818,Iproniazid,27,27,1,8.419752592592593,10.0,30.0,5.971866487252214,1.2561096296296297,1.38142,0.09259257407407408,0.0833333,0.25,3.332204510175204,3.332204510175204,24,0.8888888888888888,27,1,1
DB04822,Oxeladin,22,22,1,9.045452727272727,10.0,20.0,5.637219905559816,1.2000548636363637,1.37477,0.13181818181818183,0.1,0.4,3.1354942159291497,3.1354942159291497,21,0.9545454545454546,22,1,1
DB04824,Phenolphthalein,416,416,1,6.0881235625,3.33333,70.0,8.971673827215398,0.9611126850961539,1.41206,0.014874620817307692,0.00552486,0.209945,6.0330862217988015,6.0330862217988015,260,0.625,353,1,1
DB04828,Zomepirac,77,77,1,6.104616987012987,5.0,20.0,3.7957490823687627,1.1638760519480518,1.39642,0.057260889610389616,0.0454545,0.181818,4.356708826689592,4.356708826689592,63,0.8181818181818182,75,1,1
DB04833,Methaqualone,53,53,1,8.573225716981133,10.0,30.0,5.152126722764286,1.1889718867924528,1.3784,0.1234990962264151,0.0909091,0.363636,3.9889840465642745,3.9889840465642745,49,0.9245283018867925,51,1,1
DB04834,Rapacuronium,2,2,1,15.0,15.0,20.0,7.0710678118654755,1.210095,1.31339,0.375,0.375,0.5,1.0986122886681098,1.0986122886681098,2,1.0,2,1,1
DB04835,Maraviroc,838,838,1,3.216192485680191,1.53846,30.0,4.237294986321842,0.8499896897374701,1.41387,0.0030012141909307876,0.00176678,0.0388693,6.732210706467206,6.732210706467206,330,0.3937947494033413,534,1,1
DB04841,Flunarizine,388,388,1,4.250675378865979,2.5,60.0,5.660210252860629,0.9511654097938145,1.41208,0.012815791056701031,0.00549451,0.115385,5.963579343618446,5.963579343618446,218,0.5618556701030928,328,1,1
DB04842,Fluspirilene,43,43,1,5.648947674418605,5.0,20.0,4.590515895341196,1.1520329534883722,1.38804,0.07596897441860465,0.0666667,0.133333,3.784189633918261,3.784189633918261,32,0.7441860465116279,40,1,1
DB04843,Mepenzolate,155,155,1,5.047667903225806,3.33333,30.0,4.3490816526191365,1.1052481483870968,1.40609,0.02876342193548387,0.0208333,0.145833,5.049856007249537,5.049856007249537,108,0.6967741935483871,138,1,1
DB04844,Tetrabenazine,1168,1168,1,3.7945054837328764,1.25,845.0,25.49615706710787,0.7709489845890412,1.4141,0.002319556966609589,0.000574053,0.215557,7.063903961472068,7.063903961472068,421,0.3604452054794521,687,1,1
DB04845,Ixabepilone,756,756,1,3.081914175925926,1.489485,40.0,4.516383953047013,0.8066820857142857,1.41396,0.003851949939153439,0.00131234,0.0833333,6.6293632534374485,6.6293632534374485,286,0.3783068783068783,496,1,1
DB04846,Celiprolol,1045,1045,1,3.21605040861244,1.66667,40.0,4.301758829381567,0.8737462153110048,1.41379,0.0037695038755980862,0.00217391,0.0706522,6.952728644624869,6.952728644624869,424,0.40574162679425835,724,1,1
DB04854,Febuxostat,1486,1486,1,2.3918051884253027,1.25,30.0,3.088374367147457,0.7914240740242261,1.41405,0.002287455349932705,0.000842105,0.0450526,7.304515946460155,7.304515946460155,458,0.3082099596231494,858,1,1
DB04855,Dronedarone,1635,1635,1,2.035178128440367,1.0,80.0,3.4115001705950196,0.7322535913761469,1.41414,0.0020013737645259936,0.00039285,0.181497,7.400009517162692,7.400009517162692,404,0.2470948012232416,812,1,1
DB04861,Nebivolol,3054,3054,1,2.297336927308448,1.2094900000000002,80.0,3.6184929474862386,0.7189425682711199,1.41417,0.0012473205667976426,0.000235266,0.0589342,8.024534871605695,8.024534871605695,841,0.27537655533726263,1805,1,1
DB04865,Omacetaxine mepesuccinate,77,77,1,5.0233016883116886,2.30769,30.0,6.9955162786990455,0.9650995844155844,1.40895,0.02737800909090909,0.0135135,0.108108,4.356708826689592,4.356708826689592,42,0.5454545454545454,60,1,1
DB04868,Nilotinib,2533,2533,1,3.0722213158310305,1.42857,110.0,5.463140434184156,0.7515857097118042,1.41417,0.0013805109968416896,0.000243487,0.0931337,7.837554360881084,7.837554360881084,937,0.36991709435452036,1594,1,1
DB04871,Lorcaserin,313,313,1,2.7527569744408944,1.05263,140.0,8.592413768927589,0.7417744747603834,1.41389,0.0066937942651757185,0.00166945,0.18197,5.749392985908253,5.749392985908253,93,0.2971246006389776,159,1,1
DB04876,Vildagliptin,1002,1002,1,3.0274345568862278,1.66667,85.0,4.280910848206871,0.8590329101796408,1.41384,0.0036002132435129742,0.00190114,0.0646388,6.910750787961936,6.910750787961936,400,0.3992015968063872,703,1,1
DB04880,Enoximone,23,23,1,5.614043608695653,5.0,20.0,4.450628472509705,1.1167961739130434,1.38397,0.10367891304347825,0.0769231,0.384615,3.1780538303479458,3.1780538303479458,18,0.782608695652174,22,1,1
DB04890,Bepotastine,591,591,1,2.7290098054145515,1.49321,30.0,3.324144244425995,0.8937684500846025,1.41357,0.004745514280879865,0.00164204,0.0574713,6.3835066348840055,6.3835066348840055,223,0.377326565143824,374,1,1
DB04895,Pegaptanib,356,356,1,5.1098614971910115,2.0,70.0,8.733573043452894,0.9259720646067415,1.41326,0.007101836629213484,0.002457,0.12285,5.877735781779639,5.877735781779639,175,0.49157303370786515,246,1,1
DB04896,Milnacipran,1421,1421,1,2.5174951590429275,1.35135,50.0,3.5582954218564757,0.7776786456720619,1.41408,0.002594778799437016,0.000680041,0.149609,7.259819610363186,7.259819610363186,447,0.31456720619282197,873,1,1
DB04897,Lucinactant,1,1,1,3.33333,3.33333,3.33333,,1.07238,1.07238,0.166667,0.166667,0.166667,0.6931471805599453,0.6931471805599453,1,1.0,1,1,1
DB04899,Nesiritide,489,489,1,4.807782936605317,2.80992,40.0,5.297119401824291,0.8987798016359919,1.41294,0.012142544560327198,0.00655738,0.281967,6.194405391104672,6.194405391104672,292,0.5971370143149284,405,1,1
DB04900,Thymalfasin,6,6,1,6.2103166666666665,6.666665,10.0,4.195085279994516,1.207525,1.36473,0.125,0.125,0.125,1.9459101490553132,1.9459101490553132,5,0.8333333333333334,6,1,1
DB04920,Clevidipine,100,100,1,7.0355335000000006,2.5,110.0,13.469895076036757,0.98748145,1.41122,0.018076921699999998,0.00769231,0.115385,4.61512051684126,4.61512051684126,58,0.58,81,1,1
DB04930,Permethrin,381,381,1,4.575646997375328,2.5,80.0,6.426073621724208,0.9678321207349081,1.41274,0.009206235380577427,0.00378788,0.0795455,5.945420608606575,5.945420608606575,206,0.5406824146981627,305,1,1
DB04932,Defibrotide,191,191,1,6.260887020942408,3.33333,70.0,8.615435683116182,0.9439119371727749,1.40979,0.030402175392670157,0.0113636,0.204545,5.2574953720277815,5.2574953720277815,122,0.6387434554973822,164,1,1
DB04938,Ospemifene,264,264,1,5.296603393939394,2.0,90.0,10.85582051060263,0.9004984242424242,1.41349,0.008114859015151516,0.00187266,0.207865,5.579729825986222,5.579729825986222,125,0.4734848484848485,182,1,1
DB04941,Crofelemer,7,7,1,11.190475714285714,10.0,20.0,5.156288424580407,1.1957301428571427,1.3784,0.1688312142857143,0.0909091,0.545455,2.0794415416798357,2.0794415416798357,7,1.0,7,1,1
DB04946,Iloperidone,445,445,1,3.1931511258426966,1.5,76.6667,5.5449976398048175,0.8342704382022471,1.4137,0.005228524898876405,0.00265604,0.0770252,6.100318952020064,6.100318952020064,175,0.39325842696629215,289,1,1
DB04948,Lofexidine,5,5,1,11.666666000000001,10.0,30.0,10.67187437977884,1.1975799999999999,1.34784,0.2333336,0.166667,0.5,1.791759469228055,1.791759469228055,5,1.0,5,1,1
DB04951,Pirfenidone,221,221,1,4.1386844977375565,2.5,40.0,4.639036188915809,0.9132202443438914,1.41199,0.014996776832579186,0.00571429,0.142857,5.402677381872279,5.402677381872279,129,0.583710407239819,179,1,1
DB04953,Ezogabine,406,406,1,3.9825321896551724,2.0,102.222,7.1129090475607155,0.8963753399014778,1.41352,0.00647103118226601,0.00179211,0.177419,6.008813185442595,6.008813185442595,188,0.4630541871921182,278,1,1
DB05013,Ingenol mebutate,345,345,1,30.313680426086954,2.0,1523.33,134.1645133822888,0.7699291237681161,1.41405,0.010446611742028987,0.000816327,0.458367,5.846438775057725,5.846438775057725,167,0.48405797101449277,228,1,1
DB05015,Belinostat,30,30,1,9.308081033333334,10.0,20.0,5.71163309670194,1.1830032333333333,1.3784,0.12121206666666667,0.0909091,0.181818,3.4339872044851463,3.4339872044851463,29,0.9666666666666667,29,1,1
DB05039,Indacaterol,1104,1104,1,3.4271952554347824,1.78571,60.0,4.792056235499519,0.8157265783514493,1.41402,0.0028364937572463765,0.000970403,0.168365,7.007600613951853,7.007600613951853,497,0.45018115942028986,773,1,1
DB05057,Erdosteine,135,135,1,4.4895444,3.33333,20.0,4.135618872176453,1.060418111111111,1.40749,0.026564513333333335,0.0172414,0.189655,4.912654885736052,4.912654885736052,81,0.6,125,1,1
DB05137,Lobeline,4,4,1,11.25,10.0,20.0,6.2915286960589585,1.210095,1.31339,0.3125,0.25,0.5,1.6094379124341003,1.6094379124341003,4,1.0,4,1,1
DB05245,Silver sulfadiazine,931,931,1,4.261773918367347,2.22222,80.0,5.577833228590251,0.8990353319011816,1.41335,0.006777946208378088,0.00446429,0.0803571,6.837332814685591,6.837332814685591,485,0.5209452201933404,773,1,1
DB05246,Methsuximide,100,100,1,5.683257599999999,3.33333,40.0,6.296461905908541,1.0234709,1.40749,0.035517248,0.0172414,0.258621,4.61512051684126,4.61512051684126,73,0.73,92,1,1
DB05259,Glatiramer,2896,2896,1,2.541910054212707,1.2,378.333,7.923392081364827,0.7377513825276243,1.41418,0.001019747418853591,0.00015273,0.106453,7.9714309977693505,7.9714309977693505,859,0.29661602209944754,1648,1,1
DB05260,Gallium nitrate,35,35,1,7.642856857142858,5.0,30.0,6.004647438749506,1.1348113428571427,1.37032,0.1460316,0.111111,0.333333,3.58351893845611,3.58351893845611,30,0.8571428571428571,35,1,1
DB05271,Rotigotine,1118,1118,1,3.0632107262969592,1.42857,130.0,6.183965354644449,0.8148723415026834,1.41401,0.0028609718613595704,0.00102354,0.0793245,7.020190708311925,7.020190708311925,390,0.3488372093023256,697,1,1
DB05276,Hepatitis B immune globulin,54,54,1,11.847520648148148,5.0,230.0,32.1483302991422,1.035615037037037,1.40831,0.03451177777777778,0.0151515,0.348485,4.007333185232471,4.007333185232471,39,0.7222222222222222,49,1,1
DB05294,Vandetanib,573,573,1,3.192937659685864,1.66667,65.5556,5.021236611527397,0.8804833263525306,1.41364,0.005366301448516579,0.00146843,0.14978,6.352629396319567,6.352629396319567,233,0.40663176265270506,373,1,1
DB05311,Ecallantide,335,335,1,3.7141007044776115,1.95122,50.3704,4.829063351903445,0.8748528835820896,1.41307,0.01072350671641791,0.0058651,0.398827,5.817111159963204,5.817111159963204,155,0.4626865671641791,241,1,1
DB05332,Romiplostim,1857,1857,1,3.991164197630587,1.25,465.0,15.258840358076037,0.7927063089391492,1.41415,0.001482437183091007,0.000320718,0.170301,7.527255919373784,7.527255919373784,689,0.3710285406569736,1048,1,1
DB05351,Dexlansoprazole,1837,1837,1,2.6269858230811107,1.5,30.0,3.13414234028791,0.7738868419706043,1.41408,0.0025265023609145347,0.000688705,0.0857438,7.516433302915632,7.516433302915632,634,0.3451279259662493,1282,1,1
DB05381,Histamine,184,184,1,5.774914744565217,5.0,30.0,4.387584101364411,1.0997945652173913,1.40725,0.027173885326086954,0.0178571,0.107143,5.220355825078324,5.220355825078324,148,0.8043478260869565,173,1,1
DB05382,Iodine,1080,1080,1,3.3745974916666666,1.731635,60.0,4.181999496716414,0.9082016935185185,1.41373,0.003696819638888889,0.00123916,0.236679,6.985641817639208,6.985641817639208,474,0.4388888888888889,749,1,1
DB05521,Telaprevir,2395,2395,1,1.6016714137787056,0.526316,80.4651,4.902934988868828,0.5996078043006263,1.4142,0.0015874000850939459,0.000131199,0.181186,7.78155595923534,7.78155595923534,304,0.1269311064718163,632,1,1
DB05528,Mipomersen,121,121,1,7.65378647107438,3.75,70.0,10.273720102424384,0.9610008429752066,1.41043,0.03105191867768595,0.00970874,0.23301,4.804021044733257,4.804021044733257,87,0.71900826446281,106,1,1
DB05578,Ramucirumab,143,143,1,3.1727204825174824,1.76471,20.0,3.4414736461601674,0.9579307132867133,1.41181,0.012561513706293706,0.00617284,0.104938,4.969813299576001,4.969813299576001,62,0.43356643356643354,100,1,1
DB05630,Sodium stibogluconate,38,38,1,6.2790145,5.0,30.0,5.108727693664583,1.1290025000000001,1.39463,0.06710526315789474,0.05,0.2,3.6635616461296463,3.6635616461296463,33,0.868421052631579,37,1,1
DB05676,Apremilast,399,399,1,2.1286264385964913,1.05263,20.0,2.861095987882703,0.8074307593984963,1.41389,0.006067913709273183,0.00168776,0.310549,5.991464547107982,5.991464547107982,108,0.2706766917293233,202,1,1
DB05679,Ustekinumab,1944,1944,1,3.2533988580246915,1.3667500000000001,82.5,5.914950804479431,0.7916681999485597,1.41415,0.0010996313261316872,0.000335402,0.0903907,7.573017256052546,7.573017256052546,727,0.37397119341563784,1143,1,1
DB05812,Abiraterone,1320,1320,1,2.5701392333333333,1.3680949999999998,30.0,3.5398605096895013,0.7695790268939394,1.41409,0.0021703189363636364,0.000636132,0.0925573,7.186144304522325,7.186144304522325,460,0.3484848484848485,803,1,1
DB05829,Parathyroid hormone,24,24,1,5.8485600416666665,5.0,10.0,3.80506757952134,1.2249858333333334,1.39244,0.055555600000000004,0.0555556,0.0555556,3.2188758248682006,3.2188758248682006,17,0.7083333333333334,23,1,1
DB06144,Sertindole,93,93,1,4.998540967741936,3.33333,35.0,4.917826679016984,1.0405720752688172,1.40625,0.0366469440860215,0.0204082,0.22449,4.543294782270004,4.543294782270004,64,0.6881720430107527,81,1,1
DB06145,Spiramycin,509,509,1,3.4874432946954816,2.0,40.0,4.285751768843549,0.9396476895874263,1.41307,0.00708196257367387,0.00294985,0.0737463,6.234410725718371,6.234410725718371,242,0.47544204322200395,365,1,1
DB06148,Mianserin,1402,1402,1,2.908525800285307,1.625,60.0,3.9177128838847843,0.8226330263908702,1.41396,0.0032460726148359487,0.0013245,0.0701987,7.246368080102461,7.246368080102461,539,0.38445078459343796,925,1,1
DB06149,Teicoplanin,1461,1461,1,3.087194719370294,1.5,180.0,6.420028593736377,0.7798376822039699,1.41401,0.0032001258042436685,0.00102564,0.113846,7.2875606403097235,7.2875606403097235,515,0.35249828884325807,981,1,1
DB06151,Acetylcysteine,2349,2349,1,2.676328507024266,1.42857,60.0,3.5019051254450764,0.768986481140911,1.4141,0.0019429796028097065,0.000566893,0.0790816,7.762170607138205,7.762170607138205,823,0.3503618561089826,1572,1,1
DB06168,Canakinumab,703,703,1,5.0228647908961594,2.34043,370.0,15.370516588488462,0.9115814893314367,1.41367,0.0046200397581792315,0.00140845,0.142254,6.556778356158042,6.556778356158042,365,0.519203413940256,528,1,1
DB06174,Noscapine,53,53,1,10.614303886792452,5.0,120.0,21.449499138779792,1.1421319811320754,1.40201,0.0625,0.03125,0.375,3.9889840465642745,3.9889840465642745,41,0.7735849056603774,47,1,1
DB06176,Romidepsin,279,279,1,4.426341587813621,2.4,80.0,6.595954028861372,0.905658853046595,1.41289,0.009780694229390681,0.00677966,0.0949153,5.634789603169249,5.634789603169249,148,0.5304659498207885,220,1,1
DB06186,Ipilimumab,1212,1212,1,3.3264389785478548,1.3188399999999998,200.0,8.373510319980703,0.7673260102310231,1.41413,0.002018551628712871,0.000447828,0.143081,7.10085190894405,7.10085190894405,422,0.3481848184818482,709,1,1
DB06196,Icatibant,326,326,1,3.054437484662577,1.7519200000000001,30.0,3.57099651435245,0.8706030659509202,1.41341,0.008163057423312884,0.00206612,0.219008,5.7899601708972535,5.7899601708972535,130,0.3987730061349693,235,1,1
DB06201,Rufinamide,342,342,1,3.331868736842105,1.4623149999999998,60.0,5.568840643930995,0.900053716374269,1.41324,0.007353801169590644,0.0025,0.2325,5.8377304471659395,5.8377304471659395,127,0.3713450292397661,218,1,1
DB06203,Alogliptin,503,503,1,2.8368579244532803,1.33333,30.0,3.708117890101596,0.8882994115308152,1.41365,0.00419929634194831,0.00145773,0.048105,6.222576268071369,6.222576268071369,185,0.36779324055666,297,1,1
DB06204,Tapentadol,1140,1140,1,2.752143479824561,1.5,45.0,3.6099358886547734,0.7996371885087719,1.414,0.0032698904736842105,0.00110926,0.0831947,7.039660349862076,7.039660349862076,426,0.3736842105263158,760,1,1
DB06207,Silodosin,1173,1173,1,2.691432187553282,1.31579,132.5,5.106944270399525,0.8256983222506393,1.41399,0.0025769529548167096,0.0011383,0.0500854,7.068172000388042,7.068172000388042,397,0.33844842284739984,729,1,1
DB06209,Prasugrel,1499,1499,1,3.052511989993329,1.25,80.0,5.714853929343491,0.7743899670446964,1.41411,0.0018380792801867911,0.000527983,0.0826294,7.313220387090301,7.313220387090301,504,0.3362241494329553,833,1,1
DB06210,Eltrombopag,1396,1396,1,3.2670220494269344,1.25,140.0,7.251472689679779,0.7973306111747851,1.41409,0.00208363425,0.00061862,0.119394,7.242082359256962,7.242082359256962,473,0.33882521489971346,804,1,1
DB06211,Doripenem,773,773,1,2.8890056649417852,1.63934,30.0,3.5171631380229216,0.8485943324708927,1.41379,0.004422222212160414,0.00216216,0.109189,6.651571873589727,6.651571873589727,311,0.4023285899094437,498,1,1
DB06212,Tolvaptan,838,838,1,3.3174342446300713,1.36578,96.6667,6.766418114522404,0.8267430357995227,1.41393,0.003805269093078759,0.00145243,0.0994916,6.732210706467206,6.732210706467206,304,0.3627684964200477,506,1,1
DB06213,Regadenoson,516,516,1,4.963936290697674,1.42857,205.0,15.682348394315309,0.8003441480620156,1.41399,0.00465699994379845,0.00115808,0.113492,6.248042874508429,6.248042874508429,207,0.4011627906976744,314,1,1
DB06215,Ferumoxytol,494,494,1,5.183150888663967,2.841615,100.0,7.649546358172642,0.8846558803643725,1.41341,0.011267442307692306,0.00206612,0.295455,6.20455776256869,6.20455776256869,286,0.5789473684210527,386,1,1
DB06216,Asenapine,1171,1171,1,2.692499096498719,1.0,110.0,6.15360791701076,0.7256931537147737,1.41414,0.0020176410649017933,0.000359066,0.0976661,7.066466970136958,7.066466970136958,339,0.28949615713065757,584,1,1
DB06218,Lacosamide,1758,1758,1,2.389230273606371,1.183475,80.0,4.115722906498958,0.7622140766780432,1.41413,0.0018323518452787258,0.000448833,0.212971,7.472500744737558,7.472500744737558,517,0.29408418657565416,988,1,1
DB06219,Dalbavancin,20,20,1,6.63471505,5.0,20.0,6.004072197209819,1.09643355,1.38397,0.10384612,0.0769231,0.230769,3.044522437723423,3.044522437723423,13,0.65,19,1,1
DB06228,Rivaroxaban,3070,3070,1,2.6839902599348537,0.969982,270.0,6.991615723203853,0.6930667432247557,1.41419,0.0008477372692508143,0.000148449,0.082488,8.029758520440822,8.029758520440822,903,0.29413680781758955,1474,1,1
DB06230,Nalmefene,36,36,1,7.615630444444444,5.833335,30.0,6.5816071113884576,1.169194,1.38969,0.078125,0.0625,0.1875,3.6109179126442243,3.6109179126442243,28,0.7777777777777778,34,1,1
DB06237,Avanafil,28,28,1,9.795672107142858,2.635465,160.0,30.24744691956368,0.9948023571428571,1.41064,0.04456093964285714,0.00917431,0.706422,3.367295829986474,3.367295829986474,15,0.5357142857142857,17,1,1
DB06243,Eflornithine,316,316,1,5.33852560443038,3.33333,40.0,5.966629884804554,1.0117737215189875,1.41236,0.0106841417721519,0.0047619,0.280952,5.75890177387728,5.75890177387728,195,0.6170886075949367,263,1,1
DB06262,Droxidopa,561,561,1,4.102908713012478,2.42424,50.0,5.191713179209741,0.9094178645276293,1.4133,0.006905225329768271,0.00233645,0.0747664,6.331501849893691,6.331501849893691,295,0.5258467023172906,438,1,1
DB06264,Tolperisone,471,471,1,3.5870589554140127,2.0,30.0,4.11098078045706,0.9526811040339703,1.41276,0.007920041953290869,0.00374532,0.0636704,6.156978985585555,6.156978985585555,222,0.4713375796178344,367,1,1
DB06273,Tocilizumab,2895,2895,1,2.7715546625215888,1.48438,70.0,4.024775297977525,0.7282411146113991,1.41417,0.0012092842829015545,0.000234055,0.0626097,7.971085753505607,7.971085753505607,1099,0.37962003454231436,1889,1,1
DB06274,Alvimopan,147,147,1,4.313616013605442,3.33333,25.0,4.202879167506686,1.0124489591836734,1.41172,0.012166406802721089,0.00641026,0.115385,4.997212273764115,4.997212273764115,89,0.6054421768707483,120,1,1
DB06282,Levocetirizine,2164,2164,1,2.650211616913124,1.42857,40.0,3.4342649548673534,0.7947085675138632,1.41409,0.0019033459547134935,0.000644122,0.057971,7.68017564043659,7.68017564043659,756,0.34935304990757854,1415,1,1
DB06283,Ziconotide,1005,1005,1,3.1863952079601994,1.73913,50.0,4.186431575474863,0.8192493446766169,1.4139,0.004229857904477612,0.0016142,0.113801,6.913737350659685,6.913737350659685,428,0.42587064676616915,713,1,1
DB06285,Teriparatide,4591,4591,1,2.646520485950773,1.25,310.0,6.471329321774138,0.6517971700718798,1.4142,0.0007728306003702897,7.42133e-05,0.109959,8.432070937999402,8.432070937999402,1509,0.3286865606621651,2614,1,1
DB06287,Temsirolimus,1337,1337,1,2.893739670905011,1.42857,60.0,4.204060188191404,0.8023535130890052,1.41408,0.0022338948339566196,0.000681199,0.117847,7.198931240688173,7.198931240688173,483,0.3612565445026178,844,1,1
DB06288,Amisulpride,1646,1646,1,3.335513784933171,1.66667,90.0,5.45891027385994,0.7623927381530985,1.41405,0.0030725174349939244,0.000856164,0.0946062,7.4067107301776405,7.4067107301776405,679,0.41251518833535844,1176,1,1
DB06290,Simeprevir,803,803,1,2.7249102204234124,1.0,104.355,5.589741313571597,0.7827177014943959,1.414,0.003966350724782067,0.00110436,0.357261,6.6895992691789665,6.6895992691789665,231,0.2876712328767123,397,1,1
DB06292,Dapagliflozin,570,570,1,4.061143668421052,1.25,220.0,12.546169117292042,0.8410844456140351,1.41388,0.0035858220087719296,0.00168919,0.0734797,6.3473892096560105,6.3473892096560105,211,0.3701754385964912,320,1,1
DB06335,Saxagliptin,1440,1440,1,1.9779659472222222,0.909091,40.0,3.191606832697552,0.7649174322916666,1.41413,0.001585645711111111,0.000451162,0.0539138,7.273092595999522,7.273092595999522,320,0.2222222222222222,662,1,1
DB06366,Pertuzumab,759,759,1,2.6735136363636363,1.25,40.0,4.003202094192902,0.810158731884058,1.41396,0.0034756091488801055,0.00132363,0.134348,6.633318433280377,6.633318433280377,243,0.3201581027667984,436,1,1
DB06372,Rilonacept,58,58,1,9.600223637931036,5.227275000000001,70.0,11.867413538178175,1.0627218448275861,1.40119,0.06954019827586207,0.0333333,0.233333,4.07753744390572,4.07753744390572,45,0.7758620689655172,54,1,1
DB06401,Bazedoxifene,131,131,1,3.8219429465648855,2.0,26.6667,4.420104632712684,1.004310358778626,1.41165,0.013057453053435116,0.00657895,0.157895,4.882801922586371,4.882801922586371,62,0.4732824427480916,91,1,1
DB06402,Telavancin,129,129,1,5.2040693488372085,3.33333,40.0,5.8492357607471765,0.9836172248062016,1.4102,0.020938237984496122,0.0103093,0.164948,4.867534450455582,4.867534450455582,79,0.6124031007751938,110,1,1
DB06403,Ambrisentan,2662,2662,1,1.5941303046581516,0.6040415,70.0,3.8540421976357124,0.6456137175432005,1.4142,0.0007786834641622841,6.63526e-05,0.152213,7.887208585813932,7.887208585813932,478,0.17956423741547708,917,1,1
DB06410,Doxercalciferol,756,756,1,3.16497821957672,2.0,20.0,3.312745021334393,0.8677418796296297,1.41367,0.005762098584656085,0.00139665,0.134078,6.6293632534374485,6.6293632534374485,350,0.46296296296296297,554,1,1
DB06412,Oxymetholone,173,173,1,6.599570641618497,4.28571,50.0,7.393964555735274,1.0635562023121388,1.40857,0.023624055491329482,0.0144928,0.0724638,5.159055299214529,5.159055299214529,124,0.7167630057803468,152,1,1
DB06413,Armodafinil,1819,1819,1,2.603329631665751,1.26437,30.0,3.404558753950275,0.7718851190764157,1.41413,0.0018396244749862563,0.000426712,0.111372,7.506591780070841,7.506591780070841,612,0.3364485981308411,1100,1,1
DB06414,Etravirine,1219,1219,1,3.5189984487284662,1.53846,105.0,7.401067799646912,0.781705560295324,1.414,0.002829554495488105,0.00110375,0.0540839,7.106606137727303,7.106606137727303,475,0.3896636587366694,823,1,1
DB06415,Calfactant,22,22,1,12.065464636363636,7.5,100.0,20.517600403070816,1.1907642727272727,1.40119,0.05606055454545455,0.0333333,0.333333,3.1354942159291497,3.1354942159291497,19,0.8636363636363636,20,1,1
DB06439,Tyloxapol,4,4,1,4.0,5.0,5.0,2.0,1.05717375,1.1068,0.25,0.25,0.25,1.6094379124341003,1.6094379124341003,3,0.75,3,1,1
DB06543,Astaxanthin,73,73,1,4.55062701369863,2.5,20.0,4.23142638534024,1.0624745342465753,1.40026,0.050880634246575344,0.0357143,0.178571,4.30406509320417,4.30406509320417,47,0.6438356164383562,66,1,1
DB06589,Pazopanib,1711,1711,1,2.8239932986557568,1.25,104.762,5.040833491047898,0.752993056691993,1.41416,0.0016619131180596143,0.000290023,0.138776,7.445417556701687,7.445417556701687,597,0.3489187609585038,957,1,1
DB06603,Panobinostat,210,210,1,5.016537071428571,2.70032,30.0,5.60671073049888,0.9411263666666667,1.41126,0.019841273333333333,0.0151515,0.159091,5.351858133476067,5.351858133476067,125,0.5952380952380952,180,1,1
DB06605,Apixaban,1322,1322,1,2.4087924863842662,1.0,130.0,4.986463544677978,0.7725432262481089,1.41413,0.0014807844145234492,0.000415714,0.0463521,7.187657164114956,7.187657164114956,390,0.2950075642965204,660,1,1
DB06614,Peramivir,14,14,1,8.928571428571429,10.0,20.0,5.531847995619904,1.2509342857142856,1.3784,0.10389608571428573,0.0909091,0.181818,2.70805020110221,2.70805020110221,13,0.9285714285714286,14,1,1
DB06616,Bosutinib,427,427,1,3.455732220140515,1.66667,62.0,4.8737989320376505,0.871386019437939,1.41364,0.006707505456674473,0.00295421,0.378139,6.059123195581797,6.059123195581797,182,0.4262295081967213,291,1,1
DB06623,Flupirtine,499,499,1,4.003885567134269,2.14286,40.0,4.754000969049025,0.9532918496993988,1.41289,0.007893337114228457,0.00340136,0.0714286,6.214608098422191,6.214608098422191,251,0.503006012024048,384,1,1
DB06626,Axitinib,987,987,1,3.004601087132725,1.21212,110.909,6.584781155803164,0.7974275218844985,1.41407,0.002826097666666667,0.000728863,0.200437,6.895682697747868,6.895682697747868,329,0.3333333333333333,557,1,1
DB06637,Dalfampridine,2342,2342,1,2.2786223202391116,1.158655,50.0,3.287589741819218,0.7230528049957301,1.41418,0.0014382896082835183,0.000185117,0.126527,7.759187438507795,7.759187438507795,677,0.289069171648164,1307,1,1
DB06643,Denosumab,3398,3398,1,2.363594824014126,1.11111,105.0,4.481045543185094,0.678341225220718,1.4142,0.0008334395528546203,0.000118124,0.127653,8.131236549696116,8.131236549696116,983,0.28928781636256623,1785,1,1
DB06650,Ofatumumab,796,796,1,2.4475822487437187,1.223705,30.0,3.472294882302431,0.8394334155778895,1.41394,0.0029997626984924627,0.0010387805,0.114266,6.680854678790215,6.680854678790215,242,0.30402010050251255,443,1,1
DB06655,Liraglutide,2040,2040,1,2.039780128921569,0.6996505,110.0,4.333792098927001,0.730381336617647,1.41419,0.0010994937161764706,0.000135245,0.194685,7.621195162809845,7.621195162809845,440,0.21568627450980393,793,1,1
DB06663,Pasireotide,347,347,1,4.139821221902017,1.92308,96.25,7.211941258455728,0.9307593976945244,1.41327,0.007822149798270894,0.00242131,0.372881,5.8522024797744745,5.8522024797744745,158,0.4553314121037464,248,1,1
DB06674,Golimumab,2175,2175,1,2.8427286942528736,1.42857,70.0,4.288726550921731,0.7822879485517241,1.41415,0.0011607697668965518,0.000333444,0.0683561,7.685243607975833,7.685243607975833,801,0.3682758620689655,1317,1,1
DB06681,Belatacept,545,545,1,3.312477844036697,1.66667,50.0,4.483080119639045,0.9078490954128441,1.4136,0.004552316678899082,0.00158228,0.155063,6.302618975744905,6.302618975744905,237,0.43486238532110094,356,1,1
DB06684,Vilazodone,1063,1063,1,2.469661547507055,1.15385,230.0,7.925676747517115,0.76118379275635,1.41409,0.002824558189087488,0.00062637,0.120889,6.96979066990159,6.96979066990159,317,0.2982126058325494,566,1,1
DB06688,Sipuleucel-T,891,891,1,4.669626408529742,2.20183,140.0,8.391975510662837,0.8370330089786757,1.4139,0.004537669077441077,0.0015949,0.104466,6.79346613258001,6.79346613258001,459,0.5151515151515151,681,1,1
DB06689,Ethanolamine oleate,1,1,1,5.0,5.0,5.0,,1.16726,1.16726,0.125,0.125,0.125,0.6931471805599453,0.6931471805599453,1,1.0,1,1,1
DB06690,Nitrous oxide,761,761,1,3.8487035716162943,2.0,110.0,6.774000937183996,0.8562136215505913,1.41366,0.0051845993429697765,0.00286944,0.097561,6.635946555686647,6.635946555686647,355,0.4664914586070959,533,1,1
DB06692,Aprotinin,701,701,1,10.565278044222538,1.25,1190.0,72.04038860693365,0.8193232075606277,1.41408,0.012970081232524966,0.000664452,0.735216,6.553933404025811,6.553933404025811,256,0.3651925820256776,387,1,1
DB06694,Xylometazoline,525,525,1,5.611714843809524,2.72727,200.0,12.11695086382867,0.9417796971428571,1.41332,0.007188937733333334,0.00230415,0.322581,6.26530121273771,6.26530121273771,307,0.5847619047619048,419,1,1
DB06695,Dabigatran etexilate,3396,3396,1,2.443107030624264,0.869565,147.5,5.250714448877553,0.6573642386336866,1.4142,0.000751779362779741,8.45976e-05,0.123964,8.130647968160584,8.130647968160584,905,0.266489988221437,1534,1,1
DB06696,Arbekacin,244,244,1,4.314314971311475,3.0,25.0,4.120454483879018,0.9426585204918033,1.41131,0.01813678114754098,0.00746269,0.141791,5.501258210544727,5.501258210544727,151,0.6188524590163934,219,1,1
DB06697,Artemether,64,64,1,5.29216459375,3.33333,30.0,5.955940476031491,1.0994614375,1.40366,0.038851326562499996,0.027027,0.297297,4.174387269895637,4.174387269895637,44,0.6875,56,1,1
DB06698,Betahistine,1395,1395,1,3.065815701792115,1.47541,50.0,4.36568804258863,0.8243941268817203,1.41395,0.003162032143369176,0.00137931,0.0717241,7.241366283322318,7.241366283322318,517,0.37060931899641575,930,1,1
DB06699,Degarelix,813,813,1,3.6267526002460024,1.66667,80.0,6.153109392538351,0.8528915891758917,1.41383,0.004152492974169742,0.00195312,0.119141,6.70196036600254,6.70196036600254,339,0.41697416974169743,562,1,1
DB06700,Desvenlafaxine,2382,2382,1,1.7306385654911838,0.909091,51.2871,2.4991722208100473,0.6989917422753988,1.41419,0.0013725089308984047,0.000143482,0.108688,7.776115477098742,7.776115477098742,513,0.21536523929471033,1087,1,1
DB06701,Dexmethylphenidate,833,833,1,3.181188481392557,1.875,30.0,3.5527830436736263,0.842016836734694,1.41383,0.004348458857142857,0.00198807,0.0765408,6.726233402358747,6.726233402358747,384,0.460984393757503,617,1,1
DB06702,Fesoterodine,1342,1342,1,2.4238831997019377,1.0,150.0,5.597358584570755,0.7746946470938898,1.41412,0.0018189271005961253,0.000462749,0.213559,7.202661196523238,7.202661196523238,353,0.2630402384500745,654,1,1
DB06703,Gadobutrol,452,452,1,4.016918216814159,1.791445,56.6667,6.642438831457239,0.8165636497787611,1.41393,0.005573425207964601,0.00144823,0.277335,6.115892125483034,6.115892125483034,203,0.4491150442477876,286,1,1
DB06706,Isometheptene,97,97,1,4.30523050515464,2.5,40.0,5.200314201795828,1.0408734536082473,1.40394,0.03933803917525773,0.0263158,0.210526,4.584967478670572,4.584967478670572,53,0.5463917525773195,76,1,1
DB06708,Lumefantrine,122,122,1,5.074140385245902,3.33333,40.0,5.868285340997054,1.036372155737705,1.40922,0.02269860081967213,0.0128205,0.153846,4.812184355372417,4.812184355372417,76,0.6229508196721312,104,1,1
DB06709,Methacholine,53,53,1,6.854559490566038,5.0,20.0,4.6766604140387145,1.1683554716981133,1.39642,0.05917665660377359,0.0454545,0.227273,3.9889840465642745,3.9889840465642745,45,0.8490566037735849,50,1,1
DB06710,Methyltestosterone,155,155,1,5.0771752,3.33333,30.0,4.631325394902749,1.0847814258064516,1.40749,0.025695236129032257,0.0172414,0.12069,5.049856007249537,5.049856007249537,111,0.7161290322580646,135,1,1
DB06711,Naphazoline,253,253,1,4.2610253280632415,2.5,30.0,4.35373854130979,0.9949059802371543,1.41141,0.013165748932806325,0.00719424,0.0863309,5.537334267018537,5.537334267018537,142,0.5612648221343873,207,1,1
DB06712,Nilvadipine,552,552,1,3.8442075,2.5,20.0,3.756633384146848,0.9616822572463768,1.41295,0.007700750434782609,0.00325733,0.0846906,6.315358001522335,6.315358001522335,308,0.5579710144927537,436,1,1
DB06715,Potassium Iodide,416,416,1,4.304492293269231,2.1825400000000004,50.0,5.509728078637721,0.9864030408653846,1.41221,0.00990038173076923,0.00515464,0.0773196,6.0330862217988015,6.0330862217988015,213,0.5120192307692307,330,1,1
DB06717,Fosaprepitant,255,255,1,5.5555585019607845,1.76471,300.0,20.065573533371623,0.8971783019607843,1.41297,0.011739648509803921,0.00319489,0.188498,5.545177444479562,5.545177444479562,118,0.4627450980392157,182,1,1
DB06718,Stanozolol,126,126,1,8.543441063492065,5.0,100.0,13.405411494843626,1.113053277777778,1.40772,0.028968272222222223,0.0166667,0.166667,4.844187086458591,4.844187086458591,95,0.753968253968254,113,1,1
DB06719,Buserelin,178,178,1,4.295665691011236,2.5,33.3333,4.88201684507773,1.0057325505617978,1.41074,0.015198624943820224,0.00892857,0.0892857,5.187385805840755,5.187385805840755,101,0.5674157303370787,145,1,1
DB06720,Velaglucerase alfa,255,255,1,4.3479895529411765,2.5,21.5385,4.5568963032740575,0.9678675254901961,1.41262,0.008968174274509803,0.00409836,0.114754,5.545177444479562,5.545177444479562,136,0.5333333333333333,208,1,1
DB06723,Aluminum hydroxide,2180,2180,1,2.9064055958715596,1.42857,140.0,4.777311231147208,0.7842181716055046,1.41408,0.0020727086981651376,0.000691802,0.0626081,7.687538766201629,7.687538766201629,773,0.35458715596330276,1408,1,1
DB06724,Calcium carbonate,5876,5876,1,2.0599903177331518,1.1290200000000001,90.0,3.185806834680241,0.6539997520422056,1.4142,0.0008302164839346495,0.000120284,0.0597009,8.678801706612651,8.678801706612651,1389,0.2363852961198094,3408,1,1
DB06725,Lornoxicam,675,675,1,3.3478973733333333,1.91781,30.0,3.634952933196329,0.9170015392592593,1.41332,0.005973498281481482,0.00229358,0.0733945,6.516193076042964,6.516193076042964,294,0.43555555555555553,493,1,1
DB06730,Gestodene,265,265,1,5.895566381132075,4.28571,50.0,5.65724691975898,1.0452042754716981,1.41133,0.014032140075471699,0.00740741,0.111111,5.583496308781699,5.583496308781699,191,0.720754716981132,237,1,1
DB06736,Aceclofenac,567,567,1,3.6978170423280425,2.0,40.0,4.335694110139635,0.9360821463844796,1.41312,0.006506306631393298,0.00280112,0.0560224,6.342121418721152,6.342121418721152,261,0.4603174603174603,426,1,1
DB06742,Ambroxol,1278,1278,1,3.03164046713615,1.6,40.0,3.936745167053196,0.8350011494522691,1.4139,0.0032569143411580593,0.00162338,0.0811688,7.153833801578843,7.153833801578843,513,0.4014084507042254,874,1,1
DB06752,Chymopapain,6,6,1,6.166666666666667,5.833335,10.0,3.3582409416577996,1.1046608333333332,1.33417,0.23333333333333336,0.2,0.4,1.9459101490553132,1.9459101490553132,5,0.8333333333333334,6,1,1
DB06753,Triclofos,154,154,1,5.501771357142857,3.33333,40.0,5.95292523674266,1.077668064935065,1.40902,0.020606043506493508,0.0133333,0.106667,5.043425116919247,5.043425116919247,101,0.6558441558441559,131,1,1
DB06754,Danaparoid,691,691,1,4.431879589001447,2.5,70.0,6.222449998689686,0.8663066454413892,1.41355,0.00672133486251809,0.0034188,0.14188,6.539585955617669,6.539585955617669,379,0.548480463096961,544,1,1
DB06755,Beta carotene,221,221,1,4.3747275656108595,2.5,40.0,4.73697535686314,1.024539814479638,1.40979,0.01902506923076923,0.0113636,0.113636,5.402677381872279,5.402677381872279,122,0.5520361990950227,184,1,1
DB06756,Betaine,221,221,1,5.836197294117647,3.33333,60.0,7.214953445156309,1.0427302669683258,1.41064,0.016189953800904978,0.00917431,0.0825688,5.402677381872279,5.402677381872279,151,0.6832579185520362,196,1,1
DB06757,Manganese,103,103,1,4.875681902912621,3.33333,20.0,4.067727062729804,1.0586109708737863,1.40421,0.03808811844660194,0.025641,0.128205,4.6443908991413725,4.6443908991413725,73,0.7087378640776699,97,1,1
DB06761,Beractant,322,322,1,9.989648878881988,2.77778,680.0,40.117580003934144,0.951314354037267,1.41332,0.00724400350931677,0.00458716,0.155963,5.777652323222656,5.777652323222656,179,0.5559006211180124,237,1,1
DB06766,Alcaftadine,202,202,1,7.699893029702971,2.5,100.0,14.205952186739244,0.9063801435643564,1.41329,0.013181730742574256,0.0023753,0.382423,5.313205979041787,5.313205979041787,104,0.5148514851485149,135,1,1
DB06767,Ammonium chloride,71,71,1,5.384078661971831,5.0,20.0,4.067003368167308,1.1547182535211267,1.40119,0.03896711126760564,0.0333333,0.1,4.276666119016055,4.276666119016055,49,0.6901408450704225,60,1,1
DB06769,Bendamustine,1813,1813,1,2.368437757308329,1.04167,180.0,5.896005999470296,0.738298751516823,1.41414,0.0016081388152233867,0.000355556,0.0931556,7.503289630675082,7.503289630675082,478,0.26365140650854935,923,1,1
DB06770,Benzyl alcohol,62,62,1,5.421774838709677,3.33333,33.3333,5.666152584327713,1.1074375806451613,1.40761,0.029797741935483874,0.0169492,0.38983,4.143134726391533,4.143134726391533,41,0.6612903225806451,55,1,1
DB06771,Besifloxacin,205,205,1,8.572335717073171,2.5,140.0,18.763887122659426,0.9236942780487805,1.41287,0.013266941853658537,0.00346021,0.152249,5.327876168789581,5.327876168789581,106,0.5170731707317073,144,1,1
DB06772,Cabazitaxel,663,663,1,3.560129689291101,1.69725,60.0,5.462108047559782,0.8791259200603319,1.41369,0.004850284690799397,0.00135685,0.0936228,6.498282149476434,6.498282149476434,292,0.44042232277526394,466,1,1
DB06774,Capsaicin,867,867,1,4.173886750865052,2.0,150.0,7.471082470186904,0.8942427058823529,1.41353,0.005791208846597462,0.0034965,0.138112,6.7661917146603505,6.7661917146603505,431,0.497116493656286,680,1,1
DB06775,Carglumic acid,46,46,1,8.163701869565218,5.916665,30.0,7.077708050655311,1.060741347826087,1.39974,0.07165856086956522,0.037037,0.259259,3.8501476017100584,3.8501476017100584,38,0.8260869565217391,44,1,1
DB06779,Dalteparin,2504,2504,1,3.2528074025559106,1.54509,90.0,5.474809890045096,0.7678247122603833,1.41412,0.001712296875399361,0.000469153,0.0696692,7.826044013518965,7.826044013518965,985,0.393370607028754,1674,1,1
DB06781,Difluprednate,756,756,1,3.869735981481482,2.07107,40.0,4.849231697677956,0.9271276865079365,1.41348,0.005120651957671958,0.00189394,0.0530303,6.6293632534374485,6.6293632534374485,380,0.5026455026455027,579,1,1
DB06785,Ganirelix,239,239,1,4.4242429665271965,2.5,50.0,5.7044164670530755,0.9567686359832637,1.41274,0.010349307531380754,0.00378788,0.268939,5.480638923341991,5.480638923341991,127,0.5313807531380753,175,1,1
DB06786,Halcinonide,106,106,1,4.973357198113208,3.961035,20.0,3.6778818779804943,1.0762372641509432,1.40201,0.04481132075471698,0.03125,0.125,4.672828834461906,4.672828834461906,77,0.7264150943396226,98,1,1
DB06788,Histrelin,307,307,1,5.840353003257329,2.0,150.0,14.699587638898949,0.9688818566775245,1.41334,0.006470638436482085,0.00225225,0.18018,5.730099782973574,5.730099782973574,150,0.48859934853420195,209,1,1
DB06791,Lanreotide,747,747,1,4.633921396251673,1.81818,120.0,9.219058674503197,0.8778758165997322,1.41375,0.004391026425702812,0.00238379,0.108462,6.617402977974478,6.617402977974478,337,0.45113788487282463,526,1,1
DB06792,Lanthanum carbonate,1259,1259,1,3.6600676401906274,1.875,120.0,6.206411762489828,0.8124345911040508,1.41403,0.002525920734710087,0.00095057,0.151141,7.138866999945524,7.138866999945524,568,0.4511517077045274,862,1,1
DB06794,Lodoxamide,49,49,1,5.484410204081633,3.33333,30.0,5.052936126531361,1.1699318163265306,1.39857,0.04489795918367347,0.04,0.12,3.912023005428146,3.912023005428146,36,0.7346938775510204,44,1,1
DB06799,Methenamine,621,621,1,3.5441082286634455,1.81818,50.0,4.443300525606082,0.9107571739130434,1.41322,0.0071596649114331725,0.0025641,0.0846154,6.432940092739179,6.432940092739179,278,0.4476650563607085,459,1,1
DB06800,Methylnaltrexone,349,349,1,3.6171036991404013,2.0,27.5,3.8508394279391513,0.9619219885386819,1.41249,0.010396328252148996,0.00442478,0.123894,5.857933154483459,5.857933154483459,174,0.498567335243553,271,1,1
DB06802,Nepafenac,489,489,1,5.6284657218813905,2.22222,165.0,12.470376764538724,0.9309779079754601,1.4134,0.006574705112474438,0.00208768,0.085595,6.194405391104672,6.194405391104672,247,0.5051124744376279,341,1,1
DB06804,Nonoxynol-9,25,25,1,6.2971424,5.0,20.0,4.490327087856259,1.1851276800000001,1.39115,0.06588232,0.0588235,0.117647,3.258096538021482,3.258096538021482,22,0.88,24,1,1
DB06809,Plerixafor,411,411,1,3.811835216545012,2.0,60.0,5.716788842694487,0.902021491484185,1.4131,0.008501913090024332,0.00285714,0.0885714,6.021023349349527,6.021023349349527,188,0.45742092457420924,297,1,1
DB06811,Polidocanol,183,183,1,5.681141360655738,4.0,30.0,5.302222433722913,1.0480632786885247,1.41074,0.015661582021857922,0.00892857,0.0892857,5.214935757608986,5.214935757608986,126,0.6885245901639344,166,1,1
DB06812,Povidone-iodine,1523,1523,1,4.097808069599475,1.66667,220.0,9.719418862632185,0.8500286467498358,1.41395,0.0028707836191726854,0.00135593,0.0888136,7.329093736246592,7.329093736246592,659,0.4326986211424819,1040,1,1
DB06813,Pralatrexate,278,278,1,5.905125557553957,3.33333,40.0,6.39812489686626,0.9593024928057555,1.41214,0.0144650154676259,0.00531915,0.191489,5.631211781821365,5.631211781821365,194,0.697841726618705,250,1,1
DB06817,Raltegravir,2254,2254,1,2.9944273234250223,1.264875,180.0,6.987628845447375,0.7355066220496894,1.41414,0.001495961807453416,0.000364963,0.0406934,7.720905251936779,7.720905251936779,714,0.3167701863354037,1369,1,1
DB06820,Sulconazole,48,48,1,5.627627520833333,5.0,20.0,3.940665773839643,1.1798434375,1.39244,0.061342633333333334,0.0555556,0.166667,3.8918202981106265,3.8918202981106265,38,0.7916666666666666,47,1,1
DB06822,Tinzaparin,1659,1659,1,3.229376063291139,1.53846,95.0,4.945674889876833,0.8116796705244123,1.41406,0.002222440037371911,0.000793336,0.0809203,7.414572881350589,7.414572881350589,653,0.3936106088004822,1065,1,1
DB06823,Tiopronin,219,219,1,4.328395178082192,2.30769,35.0,4.950452169756786,1.0393349680365298,1.41086,0.014013545890410959,0.00862069,0.0862069,5.393627546352362,5.393627546352362,114,0.5205479452054794,169,1,1
DB06825,Triptorelin,964,964,1,3.645143725103735,2.0,40.0,4.295524337082038,0.9011367012448133,1.41375,0.0036319382365145227,0.00118765,0.0771971,6.872128101338986,6.872128101338986,481,0.49896265560165975,739,1,1
DB07118,Hymecromone,2,2,1,10.0,10.0,10.0,0.0,1.33417,1.33417,0.2,0.2,0.2,1.0986122886681098,1.0986122886681098,2,1.0,2,1,1
DB07477,Felbinac,649,649,1,3.7225770832049307,2.10526,30.0,4.228866875564185,0.9101399630200309,1.41329,0.006567839645608629,0.00238663,0.0692124,6.476972362889683,6.476972362889683,328,0.5053929121725732,501,1,1
DB07543,(S)-carazolol,26,26,1,8.141025,10.0,20.0,3.7808568083345873,1.0693245769230768,1.20416,0.5384615384615384,0.5,1.0,3.295836866004329,3.295836866004329,26,1.0,26,1,1
DB07615,Tranilast,237,237,1,4.632822033755274,3.33333,25.0,4.140674738004187,0.9986576835443038,1.41115,0.014784537552742616,0.00787402,0.133858,5.472270673671475,5.472270673671475,151,0.6371308016877637,194,1,1
DB08329,Sulthiame,172,172,1,5.292900697674418,3.33333,40.0,5.80068497243537,0.9992689302325581,1.40974,0.023790468604651165,0.0114943,0.229885,5.153291594497779,5.153291594497779,113,0.6569767441860465,151,1,1
DB08439,Parecoxib,352,352,1,3.8480885056818184,2.5,30.0,4.196506299538241,0.9870878636363636,1.41195,0.010967229829545455,0.00581395,0.0755814,5.8664680569332965,5.8664680569332965,187,0.53125,269,1,1
DB08604,Triclosan,104,104,1,5.380431528846154,3.33333,60.0,7.162853646696905,1.1192459230769232,1.40446,0.03197115384615385,0.025,0.15,4.653960350157523,4.653960350157523,69,0.6634615384615384,90,1,1
DB08621,Thiamphenicol,28,28,1,4.8461469642857145,3.33333,10.0,3.5506836647080657,1.1358754285714285,1.39557,0.054421728571428574,0.047619,0.0952381,3.367295829986474,3.367295829986474,19,0.6785714285714286,27,1,1
DB08792,Diloxanide,7,7,1,7.214285714285714,10.0,10.0,3.6952350269992174,1.1015735714285715,1.31339,0.32142857142857145,0.25,0.75,2.0794415416798357,2.0794415416798357,6,0.8571428571428571,7,1,1
DB08797,Salicylamide,523,523,1,4.41722897705545,2.5,40.0,5.00480388986192,0.9608613365200765,1.4124,0.010784299598470362,0.0046729,0.121495,6.261491684321042,6.261491684321042,290,0.5544933078393881,427,1,1
DB08799,Antazoline,2,2,1,6.666665,6.666665,10.0,4.714047564932921,1.24448,1.3784,0.0909091,0.0909091,0.0909091,1.0986122886681098,1.0986122886681098,2,1.0,2,1,1
DB08800,Chloropyramine,99,99,1,4.941839858585858,2.72727,25.0,4.476148108671445,1.067667282828283,1.40625,0.030921488888888887,0.0204082,0.122449,4.605170185988092,4.605170185988092,62,0.6262626262626263,81,1,1
DB08807,Bopindolol,26,26,1,7.818681153846153,10.0,20.0,5.216001493017675,1.1694757692307691,1.36473,0.15384615384615385,0.125,0.375,3.295836866004329,3.295836866004329,22,0.8461538461538461,26,1,1
DB08808,Bupranolol,3,3,1,11.111110000000002,10.0,20.0,8.388706473366438,1.1735633333333333,1.33417,0.26666666666666666,0.2,0.4,1.3862943611198906,1.3862943611198906,3,1.0,3,1,1
DB08810,Cinitapride,36,36,1,5.593484194444445,5.0,20.0,4.34315521202431,1.1665783611111111,1.38804,0.0740740861111111,0.0666667,0.2,3.6109179126442243,3.6109179126442243,25,0.6944444444444444,34,1,1
DB08811,Tofisopam,273,273,1,4.3285767435897435,3.33333,40.0,4.349266878057261,1.0107304468864469,1.41089,0.015059008791208792,0.00854701,0.102564,5.6131281063880705,5.6131281063880705,167,0.6117216117216118,232,1,1
DB08813,Nadroparin,964,964,1,3.60440717219917,2.0,40.0,4.344518010791274,0.9104655850622406,1.41366,0.004141944066390042,0.00143266,0.0616046,6.872128101338986,6.872128101338986,455,0.47199170124481327,696,1,1
DB08814,Triflusal,92,92,1,4.191269304347826,2.5,20.0,4.246615463317824,1.058095097826087,1.40782,0.02280823804347826,0.0163934,0.0655738,4.532599493153256,4.532599493153256,53,0.5760869565217391,75,1,1
DB08815,Lurasidone,828,828,1,2.7747468417874397,1.5,30.0,3.319013344886401,0.8256567524154589,1.41383,0.004226453754830918,0.0019861,0.0536246,6.720220155135295,6.720220155135295,322,0.3888888888888889,541,1,1
DB08816,Ticagrelor,3005,3005,1,2.194590160732113,1.1824,50.0,3.017958419273647,0.7073483618302828,1.41418,0.0010908203548086522,0.000176678,0.0729682,8.00836557031292,8.00836557031292,878,0.292179700499168,1675,1,1
DB08819,Tafluprost,359,359,1,4.626352593314763,2.10526,70.0,7.127165429925751,0.8646023871866294,1.41348,0.007126102506963788,0.0037594,0.116541,5.886104031450156,5.886104031450156,181,0.5041782729805014,268,1,1
DB08820,Ivacaftor,408,408,1,4.419138970588236,1.66667,120.0,9.519226452385855,0.8823100808823529,1.41381,0.004700054068627451,0.00104275,0.101147,6.013715156042802,6.013715156042802,180,0.4411764705882353,257,1,1
DB08826,Deferiprone,344,344,1,5.105780444767442,2.5,390.0,21.180695709998083,0.9864596947674418,1.41263,0.009148076162790697,0.00408163,0.159184,5.84354441703136,5.84354441703136,193,0.561046511627907,271,1,1
DB08827,Lomitapide,316,316,1,2.8806133860759493,1.42857,20.0,3.6979517881407262,0.8766063759493671,1.4135,0.0093887682278481,0.00184162,0.3407,5.75890177387728,5.75890177387728,121,0.3829113924050633,183,1,1
DB08828,Vismodegib,473,473,1,3.581906830866808,1.76471,80.0,5.691197149786561,0.8807219217758986,1.41361,0.006404775433403806,0.00155039,0.142636,6.161207321695077,6.161207321695077,214,0.452431289640592,328,1,1
DB08839,Serotonin,362,362,1,3.3067539779005526,1.66667,20.0,3.7792042569624646,0.942601549723757,1.41266,0.00896132596685083,0.004,0.092,5.8944028342648505,5.8944028342648505,156,0.430939226519337,246,1,1
DB08841,Tyramine,22,22,1,8.804112272727274,10.0,30.0,5.7538876871008515,1.2050287272727274,1.37032,0.141414,0.111111,0.333333,3.1354942159291497,3.1354942159291497,22,1.0,22,1,1
DB08842,Acetylcarnitine,258,258,1,4.927397825581395,3.33333,30.0,4.9336392435922996,0.9783093255813954,1.41011,0.02060381589147287,0.0105263,0.0947368,5.556828061699537,5.556828061699537,166,0.6434108527131783,225,1,1
DB08844,Uric acid,16,16,1,5.885416875,5.0,10.0,3.0952281336076424,1.16681825,1.3784,0.1022727125,0.0909091,0.181818,2.833213344056216,2.833213344056216,14,0.875,16,1,1
DB08860,Pitavastatin,1322,1322,1,2.412657319213313,1.225965,30.0,3.1146690666617167,0.8166847276096822,1.41403,0.0023676362057488656,0.000966651,0.0831319,7.187657164114956,7.187657164114956,425,0.321482602118003,736,1,1
DB08864,Rilpivirine,361,361,1,3.4596528504155124,1.875,70.0,5.248898194849146,0.886666324099723,1.41338,0.006337528587257618,0.0021322,0.0597015,5.8916442118257715,5.8916442118257715,155,0.4293628808864266,254,1,1
DB08865,Crizotinib,955,955,1,3.2483636764397907,1.25,152.222,7.987463587026149,0.7949012754973822,1.41409,0.002753107110994764,0.000636537,0.210694,6.862757913051401,6.862757913051401,316,0.3308900523560209,533,1,1
DB08867,Ulipristal,70,70,1,8.0846675,3.33333,130.0,17.39431870672833,1.0154030142857142,1.40952,0.02564546,0.0120482,0.156627,4.2626798770413155,4.2626798770413155,47,0.6714285714285714,58,1,1
DB08868,Fingolimod,3297,3297,1,3.367473708219593,1.44444,170.0,6.843389714574887,0.7083243768880801,1.41419,0.0011283955837427964,0.000170571,0.13458,8.101071503119543,8.101071503119543,1279,0.38792841977555353,2077,1,1
DB08869,Tesamorelin,472,472,1,4.183497025423729,2.0,60.0,6.544681301131338,0.8699504682203391,1.41374,0.004815566800847458,0.00241546,0.0809179,6.159095388491933,6.159095388491933,229,0.4851694915254237,334,1,1
DB08870,Brentuximab vedotin,907,907,1,4.584270095920618,2.5,95.0,6.274123853387842,0.8533833318632855,1.41377,0.0053172278610804855,0.00227273,0.0954545,6.811244378601294,6.811244378601294,542,0.597574421168688,730,1,1
DB08871,Eribulin,656,656,1,3.241309327743902,1.42857,60.0,5.225491868000353,0.8716101783536584,1.4138,0.004467373460365854,0.00105152,0.0977918,6.48768401848461,6.48768401848461,255,0.38871951219512196,409,1,1
DB08873,Boceprevir,2423,2423,1,2.2378998584399508,1.16279,60.0,3.593438038057354,0.6945675242261659,1.41417,0.002055317328518366,0.00036302,0.196394,7.793174347189205,7.793174347189205,646,0.26661163846471314,1397,1,1
DB08874,Fidaxomicin,316,316,1,4.492008971518987,1.42857,139.0,11.96530476585504,0.8988112215189873,1.41335,0.009291080189873418,0.00220751,0.306843,5.75890177387728,5.75890177387728,121,0.3829113924050633,188,1,1
DB08875,Cabozantinib,612,612,1,3.6570889656862744,1.9125,120.0,6.5478717336756365,0.8232878138888888,1.41373,0.007488431062091503,0.00247525,0.277228,6.418364935936212,6.418364935936212,281,0.4591503267973856,441,1,1
DB08876,Taliglucerase alfa,97,97,1,4.809536463917525,3.33333,30.0,4.978128390619858,0.9776575979381443,1.40888,0.0278209206185567,0.0136986,0.123288,4.584967478670572,4.584967478670572,63,0.6494845360824743,87,1,1
DB08877,Ruxolitinib,1329,1329,1,3.099819279157261,1.13636,70.0,5.9250750757807,0.7909321791572611,1.41412,0.002015423048908954,0.00045798,0.136707,7.1929342212158,7.1929342212158,420,0.3160270880361174,726,1,1
DB08878,Aminopterin,1,1,1,10.0,10.0,10.0,,1.27802,1.27802,0.333333,0.333333,0.333333,0.6931471805599453,0.6931471805599453,1,1.0,1,1,1
DB08879,Belimumab,1303,1303,1,3.303540308518803,1.81818,50.0,4.558693547061921,0.8075486851112816,1.41403,0.003268202759785111,0.000928074,0.12993,7.1731917424865985,7.1731917424865985,574,0.4405218726016884,902,1,1
DB08880,Teriflunomide,1469,1469,1,3.253088464942137,1.75,150.0,5.898190793473301,0.7485887939414568,1.41412,0.003000683340367597,0.000459982,0.204692,7.293017679772782,7.293017679772782,648,0.4411164057181756,1028,1,1
DB08881,Vemurafenib,1219,1219,1,4.516041990155865,1.42857,460.0,16.2721339902256,0.7811868464315013,1.41411,0.002395414041837572,0.000524521,0.152898,7.106606137727303,7.106606137727303,463,0.37981952420016407,720,1,1
DB08882,Linagliptin,3009,3009,1,2.4181801093386506,1.25604,40.0,3.132456211322507,0.7538075471585244,1.41417,0.0011458540272515786,0.000245008,0.0513292,8.009695357742922,8.009695357742922,987,0.32801595214356927,1798,1,1
DB08883,Perampanel,259,259,1,3.775475922779923,1.66667,40.0,4.840087486297509,0.9060040463320463,1.41289,0.010046490424710425,0.00340136,0.112245,5.560681631015528,5.560681631015528,118,0.4555984555984556,180,1,1
DB08885,Aflibercept,1016,1016,1,4.314615927165355,1.42857,330.0,15.083639506993595,0.8408078043307087,1.41406,0.00229273692519685,0.000809389,0.214488,6.92461239604856,6.92461239604856,391,0.38484251968503935,594,1,1
DB08886,Asparaginase Erwinia chrysanthemi,56,56,1,5.915814767857142,5.0,26.6667,5.550772229383066,1.0261093928571428,1.40337,0.04811509107142857,0.0277778,0.222222,4.04305126783455,4.04305126783455,43,0.7678571428571429,52,1,1
DB08887,Icosapent ethyl,712,712,1,2.8807270351123595,1.66667,20.0,3.2311284047500948,0.8941456783707865,1.41363,0.004708821867977528,0.0014881,0.111607,6.569481420414296,6.569481420414296,293,0.41151685393258425,482,1,1
DB08888,Ocriplasmin,80,80,1,33.18403415,10.0,480.0,72.73270284666167,0.893872125,1.41342,0.025408990875,0.00408998,0.261759,4.394449154672439,4.394449154672439,57,0.7125,63,1,1
DB08889,Carfilzomib,783,783,1,2.8898404559386974,1.66667,30.0,3.7392197530656013,0.8227915823754789,1.41385,0.0043545838033205615,0.00185357,0.117702,6.664409020350408,6.664409020350408,293,0.37420178799489145,538,1,1
DB08890,Linaclotide,1297,1297,1,2.201291929067078,1.07143,22.8571,2.921570402627709,0.8119289067848883,1.4141,0.0021631118033924443,0.000603865,0.335749,7.168579897264035,7.168579897264035,352,0.27139552814186585,672,1,1
DB08893,Mirabegron,961,961,1,2.2986703017689907,0.909091,87.7778,4.9616421501435,0.779027990842872,1.4141,0.0022987360801248703,0.000564334,0.230248,6.8690144506657065,6.8690144506657065,229,0.23829344432882413,431,1,1
DB08894,Peginesatide,201,201,1,4.736386756218906,3.33333,60.0,6.04586156746205,0.8662206666666666,1.41199,0.02100924616915423,0.0114286,0.228571,5.308267697401205,5.308267697401205,126,0.6268656716417911,163,1,1
DB08895,Tofacitinib,1387,1387,1,2.74933851333814,1.25,50.0,4.455960173145346,0.7667457099495314,1.41413,0.0018338615111751983,0.000446828,0.0991957,7.23561914106675,7.23561914106675,472,0.34030281182408073,790,1,1
DB08896,Regorafenib,913,913,1,4.15156812924425,2.0,133.333,8.130626973474357,0.8110999677984666,1.41399,0.004218570289156626,0.00115075,0.134638,6.81783057145415,6.81783057145415,437,0.4786418400876232,658,1,1
DB08897,Aclidinium,477,477,1,2.3755095387840672,1.17864,35.0,3.3028830067233743,0.8414798698113207,1.41374,0.004982868343815513,0.00121951,0.134146,6.169610732491456,6.169610732491456,146,0.3060796645702306,254,1,1
DB08898,Glucarpidase,34,34,1,11.791006205882352,8.75,80.0,14.923607391927579,1.1283153529411765,1.40119,0.06666663529411765,0.0333333,0.533333,3.5553480614894135,3.5553480614894135,31,0.9117647058823529,32,1,1
DB08899,Enzalutamide,1194,1194,1,2.2224621130653266,0.769231,287.5,9.74543329401334,0.7477873752093802,1.41416,0.0018858313601340035,0.000299267,0.162203,7.085901464365611,7.085901464365611,252,0.21105527638190955,480,1,1
DB08900,Teduglutide,335,335,1,5.770002411940299,3.33333,340.0,18.895381895898144,0.9607786388059701,1.41268,0.011188149880597015,0.00393701,0.133858,5.817111159963204,5.817111159963204,216,0.6447761194029851,287,1,1
DB08901,Ponatinib,1050,1050,1,4.336056306666666,2.0,150.0,8.952857681326195,0.8309390302857143,1.41397,0.0033867751876190478,0.00125392,0.0746081,6.957497370876951,6.957497370876951,487,0.4638095238095238,756,1,1
DB08903,Bedaquiline,32,32,1,4.35728884375,3.33333,10.0,2.873401024364604,1.0929586875,1.39792,0.0572917125,0.0416667,0.291667,3.4965075614664802,3.4965075614664802,23,0.71875,31,1,1
DB08904,Certolizumab pegol,3087,3087,1,2.448004931324911,1.12676,60.0,3.900694116965253,0.7250339355361193,1.41419,0.0008572353760609007,0.000134084,0.0639582,8.035278911144667,8.035278911144667,952,0.30839002267573695,1647,1,1
DB08905,Formestane,3,3,1,3.3333333333333335,3.33333,5.0,1.6666650000025,0.8816736666666666,0.974679,0.5,0.5,0.5,1.3862943611198906,1.3862943611198906,2,0.6666666666666666,3,1,1
DB08907,Canagliflozin,656,656,1,3.9119009710365855,1.66667,105.0,7.574653013132471,0.8421476753048781,1.41385,0.00420669049390244,0.00187091,0.080449,6.48768401848461,6.48768401848461,281,0.42835365853658536,444,1,1
DB08908,Dimethyl fumarate,2193,2193,1,2.002411470588235,0.754717,706.154,15.860552998634631,0.6598276828089376,1.4142,0.0013008625827633379,9.29541e-05,0.221262,7.693481640835175,7.693481640835175,435,0.19835841313269495,858,1,1
DB08910,Pomalidomide,1025,1025,1,1.8215698614634148,0.769231,80.0,3.722672430110601,0.7175538733658536,1.41413,0.0020694083073170733,0.000411353,0.143562,6.933423025730715,6.933423025730715,212,0.20682926829268292,415,1,1
DB08911,Trametinib,459,459,1,2.6449989782135077,1.01695,130.0,6.812225190382921,0.840931591721133,1.41379,0.004596504291938998,0.00215285,0.271259,6.131226489483141,6.131226489483141,126,0.27450980392156865,231,1,1
DB08912,Dabrafenib,550,550,1,3.472468890909091,1.42857,70.0,6.449635696758026,0.8543047429090909,1.41384,0.004353883676363636,0.000957854,0.274904,6.311734809152915,6.311734809152915,213,0.38727272727272727,348,1,1
DB08916,Afatinib,489,489,1,3.597382791411043,1.8018,52.5,4.814496529126105,0.8809299662576686,1.41366,0.006842850224948875,0.0014245,0.377493,6.194405391104672,6.194405391104672,222,0.4539877300613497,338,1,1
DB08917,Ferric carboxymaltose,475,475,1,5.172761473684211,2.94118,130.0,8.95504072132224,0.9225578063157895,1.41321,0.008355773852631579,0.00258398,0.105943,6.16541785423142,6.16541785423142,287,0.6042105263157894,397,1,1
DB08918,Levomilnacipran,168,168,1,3.995952333333333,2.0,50.0,5.3792977911129185,0.9844579642857143,1.41145,0.014648772619047618,0.0070922,0.12766,5.1298987149230735,5.1298987149230735,76,0.4523809523809524,128,1,1
DB08925,Adrafinil,29,29,1,7.1338262068965514,6.66667,20.0,5.13228948640956,1.0979904482758622,1.39642,0.06896551034482759,0.0454545,0.181818,3.4011973816621555,3.4011973816621555,23,0.7931034482758621,29,1,1
DB08930,Dolutegravir,420,420,1,3.5684525285714286,1.911285,50.0,5.031231559324861,0.8683774238095239,1.41339,0.006377914047619048,0.00425532,0.0787234,6.042632833682381,6.042632833682381,185,0.44047619047619047,297,1,1
DB08931,Riociguat,504,504,1,3.5801616607142854,2.0,40.0,4.29371712727779,0.8478791992063491,1.41372,0.0069028458531746025,0.0025413,0.182973,6.22455842927536,6.22455842927536,250,0.49603174603174605,391,1,1
DB08932,Macitentan,863,863,1,2.8712980556199303,1.46341,40.0,3.850892487851106,0.8242083782155272,1.41399,0.0035230772920046348,0.00115473,0.147229,6.761572768804055,6.761572768804055,327,0.37891077636152953,565,1,1
DB08933,Luliconazole,25,25,1,7.2971425199999995,10.0,10.0,3.5059485757649,1.24587312,1.38616,0.07714287199999999,0.0714286,0.142857,3.258096538021482,3.258096538021482,22,0.88,24,1,1
DB08934,Sofosbuvir,1267,1267,1,2.114017858721389,0.869565,44.0,3.7737518496233444,0.7451362535122337,1.41411,0.0024268390978689817,0.000556174,0.176307,7.145196134997171,7.145196134997171,281,0.2217837411207577,565,1,1
DB08935,Obinutuzumab,277,277,1,2.773888346570397,1.21212,40.0,4.3954481173220525,0.9082634909747292,1.41334,0.006847035920577617,0.00224719,0.186517,5.627621113690637,5.627621113690637,81,0.2924187725631769,156,1,1
DB08936,Chlorcyclizine,8,8,1,9.1071425,5.833335,20.0,7.073072383897255,0.886743375,1.14746,0.333333125,0.333333,0.5,2.1972245773362196,2.1972245773362196,8,1.0,8,1,1
DB08938,Magaldrate,314,314,1,4.382103815286625,2.5,30.0,4.819837111765032,1.0180265477707007,1.41196,0.010272081369426752,0.00578035,0.0693642,5.752572638825633,5.752572638825633,168,0.535031847133758,243,1,1
DB08941,Isoxsuprine,101,101,1,7.183662861386138,4.0,150.0,15.791865911005122,1.1104603564356437,1.40609,0.030528033663366337,0.0208333,0.3125,4.624972813284271,4.624972813284271,64,0.6336633663366337,89,1,1
DB08943,Isoconazole,30,30,1,5.388339233333332,5.0,20.0,4.22353368482855,1.1307416666666668,1.38969,0.075,0.0625,0.1875,3.4339872044851463,3.4339872044851463,25,0.8333333333333334,27,1,1
DB08947,Iopamidol,1061,1061,1,3.679893946277097,1.76471,90.0,5.71672155579499,0.8285628422243168,1.41399,0.003298505381715363,0.00114482,0.0875787,6.967909201801884,6.967909201801884,480,0.4524033930254477,733,1,1
DB08950,Indoramin,116,116,1,4.981807896551724,2.7619049999999996,40.0,6.722771197013271,0.9949766982758621,1.4088,0.026101547413793103,0.0138889,0.0972222,4.762173934797756,4.762173934797756,71,0.6120689655172413,97,1,1
DB08954,Ifenprodil,595,595,1,3.344746181512605,2.0,30.0,3.9249172460061024,0.9024982453781513,1.41326,0.006998007075630252,0.00244499,0.0660147,6.39024066706535,6.39024066706535,271,0.45546218487394957,443,1,1
DB08957,Hexoprenaline,4,4,1,17.0833325,17.5,30.0,14.930395079241038,1.09115,1.14746,0.3333335,0.3333335,0.5,1.6094379124341003,1.6094379124341003,4,1.0,4,1,1
DB08958,Hexetidine,132,132,1,6.877026303030303,2.440475,250.0,25.94287245975372,1.0360822348484848,1.41016,0.02343751515151515,0.0104167,0.520833,4.890349128221754,4.890349128221754,68,0.5151515151515151,99,1,1
DB08961,Azosemide,868,868,1,3.0299345414746544,1.57895,30.0,4.048983645758514,0.8430693928571428,1.41379,0.004311834884792627,0.00217155,0.0857763,6.767343125265392,6.767343125265392,337,0.3882488479262673,578,1,1
DB08962,Glibornuride,18,18,1,7.423280000000001,10.0,10.0,3.0446370578812063,1.1570979444444445,1.3784,0.12121207222222223,0.0909091,0.272727,2.9444389791664403,2.9444389791664403,17,0.9444444444444444,18,1,1
DB08964,Gemeprost,18,18,1,9.31216888888889,7.5,30.0,8.872283664495251,1.1654851666666668,1.38804,0.09259256111111111,0.0666667,0.2,2.9444389791664403,2.9444389791664403,15,0.8333333333333334,18,1,1
DB08968,Fominoben,44,44,1,7.7581168181818185,8.333335,20.0,4.517264390568324,1.1632549090909092,1.38142,0.10984853636363635,0.0833333,0.25,3.8066624897703196,3.8066624897703196,40,0.9090909090909091,44,1,1
DB08970,Fluprednidene,5,5,1,9.0,10.0,20.0,7.202430145443967,1.1658979999999999,1.33417,0.24000000000000005,0.2,0.4,1.791759469228055,1.791759469228055,5,1.0,5,1,1
DB08971,Fluocortolone,24,24,1,5.79513875,5.0,10.0,3.252459079745679,1.218315,1.38616,0.0714286,0.0714286,0.0714286,3.2188758248682006,3.2188758248682006,21,0.875,24,1,1
DB08974,Flubendazole,5,5,1,6.1961722,10.0,10.0,5.208667536631053,1.1808774,1.34784,0.166667,0.166667,0.166667,1.791759469228055,1.791759469228055,3,0.6,3,1,1
DB08979,Fenspiride,273,273,1,4.048743384615384,2.5,20.0,4.16278571360629,0.9497593882783882,1.4116,0.014160327435897437,0.00671141,0.100671,5.6131281063880705,5.6131281063880705,144,0.5274725274725275,205,1,1
DB08981,Fenbufen,8,8,1,7.9166662500000005,10.0,10.0,2.9209160201599063,1.28146375,1.36473,0.125,0.125,0.125,2.1972245773362196,2.1972245773362196,8,1.0,8,1,1
DB08984,Etofenamate,30,30,1,5.6458906,3.33333,20.0,4.766944816759534,1.1399268666666666,1.39974,0.04567897666666667,0.037037,0.111111,3.4339872044851463,3.4339872044851463,22,0.7333333333333333,27,1,1
DB08985,Etilefrine,200,200,1,4.670956415,3.33333,30.0,4.261800274352321,1.074185655,1.4088,0.020277791,0.0138889,0.111111,5.303304908059076,5.303304908059076,126,0.63,169,1,1
DB08986,Etifoxine,353,353,1,3.956313456090651,2.0,30.0,4.491078714273381,0.9878245439093485,1.41229,0.009788798640226628,0.00495049,0.0792079,5.869296913133774,5.869296913133774,176,0.4985835694050991,268,1,1
DB08990,Eprazinone,331,331,1,3.6748919546827796,2.0,30.0,4.200931156796607,0.9723051752265861,1.41215,0.010502083262839879,0.00529101,0.0846561,5.805134968916488,5.805134968916488,163,0.49244712990936557,255,1,1
DB08995,Diosmin,1358,1358,1,3.039494715758469,1.66667,30.0,3.7063795134496336,0.8517054410898379,1.41388,0.0033155921111929307,0.00171527,0.0651801,7.214504414151143,7.214504414151143,554,0.40795287187039764,927,1,1
DB08997,Dexetimide,19,19,1,14.017543684210526,15.0,30.0,6.989166223729734,1.0487484736842105,1.36473,0.2631578947368421,0.25,0.5,2.995732273553991,2.995732273553991,19,1.0,19,1,1
DB09000,Cyamemazine,1488,1488,1,3.3690603299731183,1.66667,40.0,4.652289124970232,0.7945900581317205,1.41402,0.0028979980241935484,0.000989609,0.0742207,7.305860032684009,7.305860032684009,616,0.41397849462365593,1019,1,1
DB09001,Barbexaclone,51,51,1,9.628343803921569,6.66667,70.0,11.152628252321882,0.9573217843137255,1.40337,0.07897598431372549,0.0555556,0.222222,3.9512437185814275,3.9512437185814275,44,0.8627450980392157,46,1,1
DB09004,Clobutinol,133,133,1,4.025467639097744,2.5,30.0,4.099261476639608,1.0515166842105264,1.40699,0.025898063157894734,0.0185185,0.12963,4.897839799950911,4.897839799950911,79,0.5939849624060151,107,1,1
DB09007,Chlorphenoxamine,4,4,1,8.333332500000001,10.0,10.0,3.3333349999999995,1.12438525,1.20416,0.5,0.5,0.5,1.6094379124341003,1.6094379124341003,4,1.0,4,1,1
DB09009,Articaine,355,355,1,7.50928252112676,3.33333,170.0,14.210836695460678,0.910793909859155,1.41291,0.01131470704225352,0.00668896,0.19398,5.87493073085203,5.87493073085203,224,0.6309859154929578,293,1,1
DB09011,Beclamide,33,33,1,8.230158484848486,10.0,20.0,4.1900058963697475,1.1961533333333332,1.34784,0.1969699393939394,0.166667,0.5,3.5263605246161616,3.5263605246161616,32,0.9696969696969697,33,1,1
DB09012,Carbazochrome,1098,1098,1,3.093613061020036,1.81818,30.0,3.742466194977031,0.8485853961748634,1.41383,0.004149862132969035,0.00198413,0.0813492,7.002155954403621,7.002155954403621,480,0.4371584699453552,770,1,1
DB09015,Canrenoic acid,53,53,1,6.15558041509434,5.0,30.0,5.20804834565678,1.170736320754717,1.39918,0.046444101886792453,0.0384615,0.153846,3.9889840465642745,3.9889840465642745,41,0.7735849056603774,51,1,1
DB09017,Brotizolam,2348,2348,1,2.364400225298126,1.309945,40.0,3.1229829473887514,0.7595184966354345,1.41413,0.0018178159961669508,0.000451569,0.0794762,7.761744984658913,7.761744984658913,740,0.3151618398637138,1452,1,1
DB09018,Bromopride,359,359,1,4.471666554317549,2.72727,30.0,4.556938810138166,0.9911649164345404,1.41173,0.013484033899721448,0.00636943,0.121019,5.886104031450156,5.886104031450156,217,0.6044568245125348,308,1,1
DB09019,Bromhexine,915,915,1,2.7836998699453552,1.66667,30.0,3.287288890117008,0.8576904251366121,1.41371,0.004602257344262294,0.002574,0.111969,6.82001636467413,6.82001636467413,356,0.38907103825136613,614,1,1
DB09020,Bisacodyl,3056,3056,1,2.9729607038612564,1.66667,100.0,4.078473838758309,0.7516490331151833,1.41412,0.002015557664921466,0.000464468,0.095216,8.025189321890835,8.025189321890835,1193,0.39037958115183247,2347,1,1
DB09022,Benfluorex,471,471,1,5.6082514564755845,2.0,225.0,16.958789137217593,0.9076049808917197,1.41316,0.008077173524416136,0.00543478,0.165761,6.156978985585555,6.156978985585555,234,0.4968152866242038,346,1,1
DB09026,Aliskiren,2536,2536,1,2.7271340319400634,1.42857,193.333,5.078518746329813,0.7477620903785489,1.41416,0.0014151617239747635,0.000268025,0.0676762,7.838737559599282,7.838737559599282,886,0.34936908517350157,1589,1,1
DB09027,Ledipasvir,189,189,1,4.703491984126984,3.33333,30.0,4.302810309446817,1.0239460582010582,1.41169,0.013605441322751323,0.00649351,0.220779,5.247024072160486,5.247024072160486,119,0.6296296296296297,153,1,1
DB09029,Secukinumab,48,48,1,7.090086979166667,5.0,60.0,8.870226142944258,1.2121209166666667,1.3972,0.04981888541666666,0.0434783,0.26087,3.8918202981106265,3.8918202981106265,33,0.6875,44,1,1
DB09031,Miltefosine,60,60,1,6.468515733333334,5.0,30.0,5.883028096022639,1.0671482166666666,1.40201,0.058854166666666666,0.03125,0.34375,4.110873864173311,4.110873864173311,45,0.75,53,1,1
DB09033,Vedolizumab,149,149,1,4.374830429530202,3.33333,15.0,3.544448083337983,1.0686707382550336,1.4104,0.015396757181208054,0.00980392,0.0784314,5.0106352940962555,5.0106352940962555,92,0.6174496644295302,130,1,1
DB09035,Nivolumab,117,117,1,3.796679564102564,1.66667,20.0,4.412253184006031,0.9479836495726496,1.41077,0.01943876581196581,0.00884956,0.150442,4.770684624465665,4.770684624465665,51,0.4358974358974359,88,1,1
DB09036,Siltuximab,10,10,1,3.659524,2.25,10.0,2.669736609314776,1.123828,1.38142,0.0833333,0.0833333,0.0833333,2.3978952727983707,2.3978952727983707,5,0.5,10,1,1
DB09037,Pembrolizumab,266,266,1,3.1582188045112782,1.53846,70.0,5.710635860756516,0.9064543233082707,1.41323,0.008014961654135337,0.00253807,0.114213,5.58724865840025,5.58724865840025,98,0.3684210526315789,175,1,1
DB09038,Empagliflozin,107,107,1,4.07030476635514,1.66667,60.0,6.958829815620254,0.9683936635514019,1.41177,0.014518311401869159,0.00628931,0.113208,4.68213122712422,4.68213122712422,46,0.42990654205607476,74,1,1
DB09040,Efinaconazole,18,18,1,5.881358388888889,4.642855,20.0,4.6048538520948314,1.130438222222222,1.40026,0.047619077777777775,0.0357143,0.107143,2.9444389791664403,2.9444389791664403,16,0.8888888888888888,17,1,1
DB09043,Albiglutide,67,67,1,4.922895388059701,2.5,35.0,5.386295576950659,1.0322257462686568,1.40831,0.02804160447761194,0.0151515,0.151515,4.219507705176107,4.219507705176107,41,0.6119402985074627,63,1,1
DB09045,Dulaglutide,21,21,1,5.0091893333333335,3.33333,10.0,3.2176675272801774,1.07745,1.38142,0.11111113333333333,0.0833333,0.333333,3.091042453358316,3.091042453358316,17,0.8095238095238095,20,1,1
DB09046,Metreleptin,7,7,1,7.559524285714287,10.0,10.0,4.169641009822697,1.2767457142857144,1.3784,0.0909091,0.0909091,0.0909091,2.0794415416798357,2.0794415416798357,5,0.7142857142857143,7,1,1
DB09048,Netupitant,4,4,1,4.791665,3.33333,10.0,3.4943747122530135,0.9527355,1.20416,0.5,0.5,0.5,1.6094379124341003,1.6094379124341003,4,1.0,4,1,1
DB09051,Elosulfase alfa,84,84,1,4.221076488095238,2.5,20.0,4.372778788889993,0.8829492023809523,1.41162,0.019047608214285715,0.0133333,0.16,4.442651256490317,4.442651256490317,45,0.5357142857142857,66,1,1
DB09053,Ibrutinib,783,783,1,3.5801419348659005,1.66667,220.0,9.134041954124486,0.8539472132822478,1.41388,0.003775220692209451,0.00172563,0.0862813,6.664409020350408,6.664409020350408,329,0.42017879948914433,525,1,1
DB09054,Idelalisib,206,206,1,4.049752990291262,2.0,40.0,5.3193011572205835,0.9714412961165049,1.4124,0.010973132330097089,0.00465116,0.116279,5.332718793265369,5.332718793265369,99,0.48058252427184467,159,1,1
DB09055,Acipimox,43,43,1,28.300518139534883,5.26316,280.0,57.02872464351466,0.9107632790697675,1.40686,0.17156646744186047,0.0377358,0.716981,3.784189633918261,3.784189633918261,36,0.8372093023255814,42,1,1
DB09056,Amorolfine,188,188,1,6.309299260638298,3.33333,60.0,8.76107668213382,1.0429537074468085,1.41003,0.019331977127659574,0.0107527,0.107527,5.241747015059643,5.241747015059643,121,0.6436170212765957,157,1,1
DB09059,Atosiban,145,145,1,10.582102013793104,5.0,80.0,13.7511238568043,0.9678806551724137,1.41149,0.02724859648275862,0.013986,0.328671,4.983606621708336,4.983606621708336,108,0.7448275862068966,124,1,1
DB09063,Ceritinib,172,172,1,5.085112337209302,2.5,60.0,7.940547819014885,0.9354603662790697,1.41172,0.017740008488372094,0.00641026,0.179487,5.153291594497779,5.153291594497779,97,0.563953488372093,139,1,1
DB09064,Ciprofibrate,687,687,1,4.362980851528384,2.5,70.0,5.852699941213169,0.8924134570596797,1.41332,0.007288080422125182,0.00460829,0.0691244,6.5337888379333435,6.5337888379333435,369,0.537117903930131,563,1,1
DB09065,Cobicistat,357,357,1,3.9288689299719888,2.0,40.0,5.842007211379347,0.9107920280112045,1.41333,0.006157355826330532,0.0022779,0.0569476,5.8805329864007,5.8805329864007,163,0.4565826330532213,260,1,1
DB09068,Vortioxetine,371,371,1,2.1103403800539082,1.13208,30.0,2.9444593461438915,0.8103577991913746,1.41387,0.0049567869002695416,0.00177936,0.218861,5.918893854273146,5.918893854273146,103,0.2776280323450135,196,1,1
DB09069,Trimetazidine,1710,1710,1,2.603805121052632,1.42857,30.0,3.2648272961168048,0.7901783653216374,1.41404,0.002434184760233918,0.00087108,0.0884146,7.444833273892193,7.444833273892193,597,0.34912280701754383,1111,1,1
DB09070,Tibolone,712,712,1,3.86514572752809,2.14286,30.0,4.259899537107716,0.9018581404494382,1.41338,0.006655560519662922,0.00428266,0.0877944,6.569481420414296,6.569481420414296,365,0.5126404494382022,553,1,1
DB09072,Sodium oxybate,4305,4305,1,2.682252272009291,1.42857,131.818,4.158338668610661,0.6944758639256678,1.41419,0.0009820293906155635,0.000176554,0.0736229,8.367764677924308,8.367764677924308,1430,0.3321718931475029,2911,1,1
DB09073,Palbociclib,19,19,1,6.85213,5.0,20.0,4.55028883495567,1.1821502105263157,1.3784,0.10526313684210527,0.0909091,0.181818,2.995732273553991,2.995732273553991,17,0.8947368421052632,19,1,1
DB09074,Olaparib,18,18,1,9.621692777777778,7.5,60.0,12.994971247432966,1.1818495,1.38969,0.09027777777777778,0.0625,0.375,2.9444389791664403,2.9444389791664403,16,0.8888888888888888,18,1,1
DB09075,Edoxaban,3,3,1,10.0,10.0,10.0,0.0,1.33417,1.33417,0.20000000000000004,0.2,0.2,1.3862943611198906,1.3862943611198906,3,1.0,3,1,1
DB09076,Umeclidinium,145,145,1,2.420611806896552,1.6,20.0,2.678993966277996,0.8225360275862069,1.41239,0.01314553896551724,0.00938967,0.122066,4.983606621708336,4.983606621708336,51,0.35172413793103446,100,1,1
DB09078,Lenvatinib,15,15,1,10.166666666666666,10.0,20.0,4.716149391120544,1.2456483999999999,1.34784,0.2000002,0.166667,0.333333,2.772588722239781,2.772588722239781,15,1.0,15,1,1
DB09079,Nintedanib,80,80,1,4.5822179499999995,2.94372,30.0,4.768653755382794,1.0486917249999999,1.40686,0.029716953750000004,0.0188679,0.188679,4.394449154672439,4.394449154672439,45,0.5625,71,1,1
DB09080,Olodaterol,13,13,1,6.095570846153847,5.0,10.0,3.4995871409678654,1.1076876153846154,1.39359,0.08097161538461538,0.0526316,0.210526,2.6390573296152584,2.6390573296152584,12,0.9230769230769231,12,1,1
DB09081,Idebenone,37,37,1,5.942926243243243,5.0,20.0,4.853973805047888,1.1771592432432434,1.39557,0.05405400810810811,0.047619,0.142857,3.6375861597263857,3.6375861597263857,27,0.7297297297297297,35,1,1
DB09082,Vilanterol,497,497,1,2.7874656841046277,1.31579,40.0,4.3344118505373155,0.8259507122736418,1.41379,0.0048437958953722335,0.00216685,0.145179,6.210600077024653,6.210600077024653,173,0.34808853118712274,291,1,1
DB09083,Ivabradine,784,784,1,3.0924272219387756,1.639785,50.0,4.295656990494383,0.8526908801020407,1.41372,0.004846288048469388,0.00255428,0.091954,6.665683717782408,6.665683717782408,316,0.4030612244897959,515,1,1
DB09084,Benzydamine,503,503,1,4.036974194831013,1.61616,110.0,10.317339279843994,0.8812023697813122,1.41334,0.007389368409542744,0.00224719,0.110112,6.222576268071369,6.222576268071369,191,0.3797216699801193,332,1,1
DB09085,Tetracaine,519,519,1,4.657556845857418,2.5,50.0,5.752435019648086,0.9643533275529865,1.41272,0.008485254816955685,0.00384615,0.0769231,6.253828811575473,6.253828811575473,281,0.5414258188824663,394,1,1
DB09086,Eugenol,21,21,1,7.09920619047619,5.0,20.0,4.26936933080341,1.1841425714285716,1.33417,0.20952380952380953,0.2,0.4,3.091042453358316,3.091042453358316,19,0.9047619047619048,21,1,1
DB09089,Trimebutine,799,799,1,3.299361703379224,1.66667,40.0,4.183573233352005,0.8861135093867334,1.41354,0.005051652778473092,0.00172712,0.0535406,6.684611727667927,6.684611727667927,325,0.4067584480600751,569,1,1
DB09090,Pinaverium,519,519,1,4.489208757225433,2.5,50.0,5.2591826996951045,0.9498784797687861,1.41252,0.010044403603082851,0.00434783,0.0913043,6.253828811575473,6.253828811575473,277,0.5337186897880539,420,1,1
DB09091,Tixocortol,364,364,1,4.704643826923077,2.9285699999999997,30.0,4.706061196535821,0.9892755192307693,1.41137,0.014618581923076922,0.00729927,0.0875912,5.8998973535824915,5.8998973535824915,232,0.6373626373626373,319,1,1
DB09093,Chlortetracycline,21,21,1,5.865079047619048,5.0,10.0,3.467555757478032,1.1838944761904762,1.38397,0.08424909047619047,0.0769231,0.153846,3.091042453358316,3.091042453358316,18,0.8571428571428571,21,1,1
DB09094,Podophyllin,8,8,1,5.9375,5.0,10.0,2.651650429449553,1.16751,1.33417,0.2,0.2,0.2,2.1972245773362196,2.1972245773362196,8,1.0,8,1,1
DB09096,Benzoyl peroxide,1531,1531,1,3.215744995427825,1.66667,60.0,4.56278006496337,0.839108458393207,1.414,0.002649767561724363,0.00111359,0.0857461,7.3343293503005365,7.3343293503005365,636,0.4154147615937296,1049,1,1
DB09097,Quinagolide,73,73,1,5.530957849315069,3.33333,30.0,5.564472472582957,1.1236712602739727,1.40625,0.027117727397260274,0.0204082,0.102041,4.30406509320417,4.30406509320417,45,0.6164383561643836,57,1,1
DB09098,Somatrem,156,156,1,5.001671551282051,3.33333,20.0,4.4921676350883155,1.0657101410256409,1.41054,0.015481367051282051,0.00943396,0.0943396,5.056245805348308,5.056245805348308,101,0.6474358974358975,128,1,1
DB09099,Somatostatin,153,153,1,4.752187222222222,3.33333,20.0,4.000805574397751,1.041337725490196,1.40865,0.022689058823529413,0.0142857,0.0857143,5.0369526024136295,5.0369526024136295,99,0.6470588235294118,131,1,1
DB09101,Elvitegravir,24,24,1,7.351191666666666,10.0,16.6667,3.874999095202886,1.2370380833333334,1.38397,0.08974359583333331,0.0769231,0.384615,3.2188758248682006,3.2188758248682006,22,0.9166666666666666,24,1,1
DB09102,Daclatasvir,185,185,1,4.03363172972973,2.22222,30.0,5.30489115455144,0.9520913513513514,1.41192,0.012496026756756755,0.00588235,0.1,5.225746673713202,5.225746673713202,94,0.5081081081081081,128,1,1
DB09104,Magnesium hydroxide,3059,3059,1,3.0345030062111804,1.73913,140.0,4.224802791671928,0.7531667794704152,1.41412,0.002202878739457339,0.000482276,0.0860863,8.026170194946426,8.026170194946426,1278,0.41778358940830335,2385,1,1
DB09107,Methoxy polyethylene glycol-epoetin beta,965,965,1,3.033701388601036,1.42857,100.0,5.099137885435293,0.8551423801036269,1.41407,0.0018499642476683938,0.000735565,0.275837,6.873163834212518,6.873163834212518,377,0.39067357512953366,575,1,1
DB09111,Pentastarch,18,18,1,7.730880000000001,10.0,20.0,4.521651125655448,1.1746360555555555,1.38142,0.11111112222222223,0.0833333,0.25,2.9444389791664403,2.9444389791664403,16,0.8888888888888888,18,1,1
DB09113,Poractant alfa,124,124,1,9.014349879032258,3.33333,133.333,18.532028508582574,1.00495675,1.41094,0.021008393870967743,0.00840336,0.336134,4.8283137373023015,4.8283137373023015,86,0.6935483870967742,107,1,1
DB09116,Calcium carbimide,12,12,1,8.055555,10.0,10.0,2.9157656328297215,1.292595,1.37032,0.111111,0.111111,0.111111,2.5649493574615367,2.5649493574615367,12,1.0,12,1,1
DB09117,Paraldehyde,41,41,1,13.12371804878049,7.5,60.0,16.69249077031274,1.0331690243902438,1.40026,0.0923345,0.0357143,0.357143,3.7376696182833684,3.7376696182833684,35,0.8536585365853658,41,1,1
DB09121,Aurothioglucose,21,21,1,5.531745714285715,5.0,10.0,3.437788200136203,1.1664401904761905,1.38142,0.09126984285714286,0.0833333,0.166667,3.091042453358316,3.091042453358316,18,0.8571428571428571,19,1,1
DB09122,Peginterferon beta-1a,6,6,1,6.305555000000001,6.666665,10.0,4.069421230119831,1.2366583333333334,1.38616,0.0714286,0.0714286,0.0714286,1.9459101490553132,1.9459101490553132,5,0.8333333333333334,6,1,1
DB09123,Dienogest,224,224,1,6.364632330357144,3.33333,100.0,10.473774248913122,1.0349414508928572,1.41162,0.014374999642857144,0.00666667,0.126667,5.41610040220442,5.41610040220442,144,0.6428571428571429,188,1,1
DB09124,Medrogestone,15,15,1,6.002644,3.33333,20.0,5.075964976163646,1.1475202,1.3784,0.10303028666666667,0.0909091,0.181818,2.772588722239781,2.772588722239781,13,0.8666666666666667,15,1,1
DB09125,Potassium citrate,1317,1317,1,3.095779239939256,1.53846,30.0,3.803175255042793,0.8651405770690964,1.41383,0.0035317892892938497,0.00195312,0.0703125,7.183870715062453,7.183870715062453,513,0.3895216400911162,921,1,1
DB09126,Chorionic Gonadotropin (Human),709,709,1,5.841164698166432,2.5,95.0,10.357854818104553,0.9209414259520452,1.41375,0.004444301325811001,0.00118906,0.277051,6.565264970035361,6.565264970035361,370,0.5218617771509168,517,1,1
DB09129,Chromic chloride,5,5,1,0.39999979999999996,0.333333,0.666667,0.14907149664238298,0.7348472,0.816497,0.39999979999999996,0.333333,0.666667,1.791759469228055,1.791759469228055,0,0.0,0,1,1
DB09130,Copper,802,802,1,11.748168293017457,0.8403955000000001,708.0,52.90882157077671,0.8097066983790523,1.41417,0.0026953747206982545,0.00024573,0.382111,6.688354713946762,6.688354713946762,265,0.33042394014962595,369,1,1
DB09133,Iothalamic acid,3,3,1,246.41414133333333,0.909091,737.5,425.29283073148747,0.6858343333333333,1.03907,0.33333321,0.0133333,0.983333,1.3862943611198906,1.3862943611198906,1,0.3333333333333333,1,1,1
DB09134,Ioversol,756,756,1,4.375895010582011,1.57895,143.077,10.386431696549232,0.788155241005291,1.41405,0.0039564234457671954,0.000851789,0.130324,6.6293632534374485,6.6293632534374485,311,0.4113756613756614,463,1,1
DB09135,Ioxilan,79,79,1,6.242095189873417,5.0,20.0,3.899904503841962,1.0939767088607595,1.39857,0.060759493670886074,0.04,0.16,4.382026634673881,4.382026634673881,68,0.8607594936708861,78,1,1
DB09140,Oxygen,3744,3744,1,2.7098131308760682,1.48542,60.0,3.6397838269754037,0.7174809200587606,1.41417,0.0013356323717948718,0.000202922,0.17918,8.22817689595132,8.22817689595132,1308,0.34935897435897434,2634,1,1
DB09141,Protamine sulfate,656,656,1,2.6886186387195123,1.11661,50.0,4.100643583806575,0.8520325321646341,1.41385,0.013363871856707317,0.000940734,0.651928,6.48768401848461,6.48768401848461,203,0.3094512195121951,357,1,1
DB09142,Sincalide,70,70,1,6.940669114285714,2.6785699999999997,170.0,20.505903423430222,0.9966107999999999,1.40803,0.035374135714285715,0.015873,0.539683,4.2626798770413155,4.2626798770413155,40,0.5714285714285714,56,1,1
DB09145,Water,1161,1161,1,3.4099026683893197,1.42857,370.0,12.982743332625127,0.8046205516795866,1.41402,0.0027384044272179154,0.00097704,0.110405,7.057897937411856,7.057897937411856,390,0.3359173126614987,749,1,1
DB09146,Iron sucrose,1403,1403,1,4.029076997861726,2.0,150.0,6.519690213577675,0.8366413580898076,1.41398,0.003345104421952958,0.00119617,0.0986842,7.247080584585756,7.247080584585756,700,0.4989308624376336,1079,1,1
DB09147,Ferric pyrophosphate,111,111,1,5.241901891891891,3.33333,20.0,4.461858982994456,1.05515090990991,1.40831,0.025525509909909913,0.0151515,0.166667,4.718498871295094,4.718498871295094,82,0.7387387387387387,103,1,1
DB09152,Nitrogen,259,259,1,6.269969528957529,2.5,100.0,10.156177941377335,0.9947495482625482,1.41255,0.011220009420849423,0.0042735,0.226496,5.560681631015528,5.560681631015528,151,0.583011583011583,202,1,1
DB09153,Sodium chloride,3776,3776,1,1.7480339512711862,0.3407315,300.0,8.55911716564721,0.6184163599311441,1.41421,0.0006003032460010593,5.88928e-05,0.0882803,8.236685322712457,8.236685322712457,457,0.12102754237288135,729,1,1
DB09154,Sodium citrate,786,786,1,4.215559474554707,2.0,190.0,8.7436314256304,0.888594382951654,1.41333,0.006865046310432571,0.00452489,0.165158,6.668228248417403,6.668228248417403,363,0.4618320610687023,566,1,1
DB09155,Helium,16,16,1,9.5625,5.0,50.0,12.297225643148947,1.1500800625,1.38397,0.1105768875,0.0769231,0.384615,2.833213344056216,2.833213344056216,13,0.8125,15,1,1
DB09156,Iopromide,953,953,1,3.962888334732424,1.25,102.857,9.123714049124981,0.7466089712486883,1.41413,0.0030258704952780694,0.000438212,0.361963,6.860663671448287,6.860663671448287,358,0.3756558237145855,535,1,1
DB09157,Carbon dioxide,94,94,1,8.01435054255319,5.0,130.0,15.908398646580245,1.1704696489361701,1.40421,0.036279297872340424,0.025641,0.333333,4.553876891600541,4.553876891600541,75,0.7978723404255319,91,1,1
DB09161,Technetium Tc-99m sestamibi,248,248,1,3.2821139798387096,1.66667,20.0,3.6900680008032745,0.8812625721774193,1.41328,0.008644697701612903,0.00239808,0.345324,5.517452896464707,5.517452896464707,107,0.4314516129032258,176,1,1
DB09183,Dasabuvir,43,43,1,4.637587395348837,2.0,30.0,5.3630922606169635,0.9952486511627907,1.40201,0.05377906976744186,0.03125,0.15625,3.784189633918261,3.784189633918261,21,0.4883720930232558,35,1,1
DB09185,Viloxazine,67,67,1,7.135586537313433,5.0,30.0,7.276892569149141,1.0684498805970148,1.39918,0.06257177313432837,0.0384615,0.307692,4.219507705176107,4.219507705176107,51,0.7611940298507462,64,1,1
DB09203,Synephrine,11,11,1,5.833333636363636,3.33333,10.0,4.01386437516584,1.1918545454545455,1.36473,0.125,0.125,0.125,2.4849066497880004,2.4849066497880004,9,0.8181818181818182,11,1,1
DB09208,Pegloticase,211,211,1,3.2290359763033174,1.0,115.556,9.770844828330443,0.8403812369668245,1.41322,0.010443424312796209,0.00508906,0.292621,5.356586274672012,5.356586274672012,57,0.27014218009478674,101,1,1
DB09209,Pholcodine,313,313,1,4.551531651757188,2.5,50.0,6.23589034121483,0.925658463258786,1.41232,0.011786967763578276,0.00485437,0.0728155,5.749392985908253,5.749392985908253,164,0.5239616613418531,234,1,1
DB09210,Piracetam,894,894,1,3.322308850111857,2.0,30.0,3.703491648911474,0.8716287449664429,1.41361,0.005072817102908278,0.00312012,0.0639626,6.796823718274855,6.796823718274855,426,0.47651006711409394,658,1,1
DB09212,Loxoprofen,3059,3059,1,2.2317618424321672,1.25,40.0,3.1643283839216245,0.714829622785224,1.41417,0.0013859360872834259,0.00023488,0.0866706,8.026170194946426,8.026170194946426,888,0.29029094475318734,1819,1,1
DB09214,Dexketoprofen,422,422,1,3.7381311492890994,2.0,60.0,5.22919146228018,0.9555765853080568,1.41283,0.00751235402843602,0.0035461,0.0992908,6.0473721790462776,6.0473721790462776,191,0.45260663507109006,296,1,1
DB09216,Tolfenamic acid,45,45,1,5.892239622222222,5.0,10.0,3.356981326391934,1.1329078000000001,1.39115,0.07843137777777778,0.0588235,0.294118,3.828641396489095,3.828641396489095,39,0.8666666666666667,44,1,1
DB09218,Clonixin,31,31,1,6.190219774193548,3.33333,60.0,10.54584552509339,1.1214330322580646,1.39557,0.06144388387096774,0.047619,0.285714,3.4657359027997265,3.4657359027997265,19,0.6129032258064516,27,1,1
DB09220,Nicorandil,2152,2152,1,2.457969991171004,1.25,70.0,4.02537816434235,0.7480979310873607,1.41413,0.0018689477156133831,0.000453104,0.056638,7.674617497364363,7.674617497364363,611,0.28392193308550184,1279,1,1
DB09225,Zotepine,459,459,1,4.473559198257081,2.22222,70.0,6.666059150313138,0.9163543442265796,1.41278,0.01020186477124183,0.00369004,0.132841,6.131226489483141,6.131226489483141,242,0.5272331154684096,361,1,1
DB09236,Lacidipine,550,550,1,3.6117157454545454,1.801945,50.0,4.83270405977779,0.904953429090909,1.41328,0.006549836545454545,0.00240964,0.0795181,6.311734809152915,6.311734809152915,243,0.44181818181818183,384,1,1
DB09238,Manidipine,618,618,1,3.347819414239482,2.0,50.0,4.170596425930943,0.915366357605178,1.41333,0.0060217774595469255,0.0022831,0.0593607,6.428105272684596,6.428105272684596,267,0.4320388349514563,456,1,1
DB09241,Methylene blue,295,295,1,8.782585701694916,3.33333,90.0,14.345980846661103,0.9015965355932204,1.41277,0.017188584305084745,0.00743494,0.464684,5.69035945432406,5.69035945432406,185,0.6271186440677966,240,1,1
DB09242,Moxonidine,1464,1464,1,3.3426327131147544,1.54807,80.0,4.985317850028278,0.8299418231557377,1.41397,0.002969385987704918,0.00123993,0.0700558,7.289610521451167,7.289610521451167,593,0.40505464480874315,1004,1,1
DB09255,Dextran,103,103,1,5.12114954368932,3.33333,20.0,4.801394092728254,1.0988221747572815,1.40609,0.02750807281553398,0.0208333,0.0833333,4.6443908991413725,4.6443908991413725,66,0.6407766990291263,93,1,1
DB09256,Tegafur,356,356,1,4.060905224719101,2.5,30.0,4.425457809009589,0.9389258146067415,1.4124,0.012194165449438204,0.0046729,0.224299,5.877735781779639,5.877735781779639,191,0.5365168539325843,288,1,1
DB09258,Bemiparin,39,39,1,5.245125076923077,3.33333,20.0,4.696037771675868,1.1215692307692307,1.39359,0.0634278,0.0526316,0.157895,3.6888794541139363,3.6888794541139363,29,0.7435897435897436,36,1,1
DB09259,Reviparin,4,4,1,3.2083325,2.916665,5.0,1.3149777142186352,1.021185,1.1068,0.25,0.25,0.25,1.6094379124341003,1.6094379124341003,3,0.75,4,1,1
DB09260,Parnaparin,2,2,1,1.0,1.0,1.0,0.0,6.45239e-09,6.45239e-09,1.0,1.0,1.0,1.0986122886681098,1.0986122886681098,0,0.0,0,1,1
DB09261,Certoparin,201,201,1,5.20006904477612,2.5,60.0,6.9913243324293886,1.0341962587064677,1.41047,0.01583429393034826,0.00961538,0.0576923,5.308267697401205,5.308267697401205,117,0.582089552238806,162,1,1
DB09265,Lixisenatide,30,30,1,8.082711033333334,5.0,50.0,9.407721969537265,1.0926169333333333,1.39642,0.08484847333333333,0.0454545,0.272727,3.4339872044851463,3.4339872044851463,26,0.8666666666666667,29,1,1
DB09274,Artesunate,108,108,1,6.751088814814815,3.33333,85.0,12.328557435167754,1.0486451481481482,1.40888,0.025748342592592594,0.0136986,0.232877,4.6913478822291435,4.6913478822291435,65,0.6018518518518519,91,1,1
DB09278,Activated charcoal,619,619,1,3.411791439418417,1.79487,70.0,4.667549640161141,0.8961465945072697,1.41343,0.006049219418416801,0.00201207,0.108652,6.429719478039138,6.429719478039138,274,0.44264943457189015,438,1,1
DB09281,Magnesium trisilicate,636,636,1,3.032812712264151,1.558705,30.0,3.550947901960665,0.9011471981132074,1.41305,0.007381461336477988,0.00299401,0.0898204,6.456769655572163,6.456769655572163,256,0.4025157232704403,422,1,1
DB09282,Molsidomine,1041,1041,1,3.395408752161383,1.81818,70.0,4.705491967287797,0.8656798203650337,1.41378,0.00414069446685879,0.00224972,0.0843645,6.948897222313312,6.948897222313312,464,0.4457252641690682,754,1,1
DB09283,Trapidil,86,86,1,5.6318234069767446,5.0,30.0,4.809978444914318,1.0915953139534884,1.40421,0.03637446976744186,0.025641,0.128205,4.465908118654584,4.465908118654584,64,0.7441860465116279,77,1,1
DB09285,Morniflumate,874,874,1,3.4656542745995425,2.0,20.0,3.7561506145111854,0.8782752482837529,1.41354,0.00576816909610984,0.00344828,0.087931,6.774223886357614,6.774223886357614,427,0.488558352402746,691,1,1
DB09286,Pipamperone,796,796,1,3.5609122374371855,1.81818,60.0,5.509707563375938,0.8461327072864321,1.41368,0.005159914359296483,0.00275103,0.116919,6.680854678790215,6.680854678790215,350,0.4396984924623116,566,1,1
DB09287,Polyethylene glycol,212,212,1,4.526306396226415,3.33333,20.0,4.094913503876841,1.0431821132075472,1.40699,0.02917538679245283,0.0185185,0.12963,5.3612921657094255,5.3612921657094255,130,0.6132075471698113,185,1,1
DB09289,Tianeptine,868,868,1,3.252021351382488,1.66667,60.0,4.279693918794835,0.8581648928571428,1.4137,0.004753642983870968,0.00265604,0.0863214,6.767343125265392,6.767343125265392,363,0.4182027649769585,606,1,1
DB09295,Talniflumate,14,14,1,6.287698571428572,3.75,20.0,6.490126867131284,1.1281948571428573,1.38804,0.08095233571428571,0.0666667,0.133333,2.70805020110221,2.70805020110221,9,0.6428571428571429,14,1,1
DB09296,Ombitasvir,13,13,1,1.091194846153846,0.833333,2.5,0.6582543307191183,0.9619262307692308,1.07953,0.0887573923076923,0.0769231,0.153846,2.6390573296152584,2.6390573296152584,1,0.07692307692307693,5,1,1
DB09300,Butylscopolamine,1358,1358,1,3.6986927415316644,1.60357,80.0,6.729718739195524,0.8391046796023565,1.41392,0.003341887169366716,0.00153139,0.0972435,7.214504414151143,7.214504414151143,554,0.40795287187039764,918,1,1
DB09301,Chondroitin sulfate,2571,2148,2,2.660191968883703,1.31507,50.0,3.6360416741385264,0.8125845741734734,1.41405,0.003414317984441852,0.00122951,0.0717213,7.85243908535751,7.67275789664251,819,0.3185530921820303,1592,1,1
DB09312,Antilymphocyte immunoglobulin (horse),106,106,1,4.537928896226415,3.33333,20.0,3.6254680688992766,1.0682825188679246,1.40686,0.027411872641509433,0.0188679,0.113208,4.672828834461906,4.672828834461906,75,0.7075471698113207,97,1,1
DB09317,"Synthetic Conjugated Estrogens, A",699,699,1,2.71502552074392,1.25,40.0,3.616283542478704,0.8899813014306152,1.41363,0.004671353247496424,0.00149031,0.260805,6.551080335043404,6.551080335043404,241,0.3447782546494993,419,1,1
DB09318,"Synthetic Conjugated Estrogens, B",230,230,1,4.058509891304348,2.5,23.3333,4.309195109242435,0.9603638434782609,1.4118,0.013583584347826088,0.00621118,0.0869565,5.442417710521793,5.442417710521793,124,0.5391304347826087,192,1,1
DB09321,Zinc oxide,730,730,1,3.650332390410959,2.2401400000000002,40.0,4.087152670196744,0.9463373657534246,1.41306,0.006894162452054794,0.00297619,0.0625,6.594413459749778,6.594413459749778,370,0.5068493150684932,570,1,1
DB09322,Zinc sulfate,851,851,1,3.7388182185663927,2.22222,60.0,4.226912554369525,0.9245625487661575,1.41319,0.007081533631022327,0.00263852,0.0949868,6.747586526829315,6.747586526829315,434,0.5099882491186839,699,1,1
DB09324,Sulbactam,1818,1818,1,3.1592055440044007,1.76807,60.0,3.9444316381018796,0.8169871707920792,1.414,0.002696806622112211,0.00111732,0.0821229,7.506042178518122,7.506042178518122,768,0.42244224422442245,1337,1,1
DB09325,Sodium fluoride,1052,1052,1,5.2453073165399235,2.5,240.0,10.280818719735047,0.887884094106464,1.41378,0.004118076492395437,0.00223714,0.0604027,6.959398512133975,6.959398512133975,554,0.526615969581749,814,1,1
DB09357,Dexpanthenol,694,694,1,3.479901355907781,1.81818,40.0,3.9364725364750823,0.9461237636887607,1.41332,0.005505910951008645,0.00229358,0.0665138,6.543911845564792,6.543911845564792,316,0.4553314121037464,511,1,1
DB09372,Tannic acid,18,18,1,9.527777944444445,10.0,20.0,4.7099705676751995,1.1236714444444447,1.3784,0.14646455555555557,0.0909091,0.363636,2.9444389791664403,2.9444389791664403,17,0.9444444444444444,17,1,1
DB09375,Chymotrypsin,28,28,1,7.490078928571428,10.0,10.0,3.0348935085391187,1.2373367142857143,1.36473,0.13392857142857142,0.125,0.25,3.367295829986474,3.367295829986474,28,1.0,28,1,1
DB09378,Fluprednisolone,1,1,1,1.0,1.0,1.0,,6.45239e-09,6.45239e-09,1.0,1.0,1.0,0.6931471805599453,0.6931471805599453,0,0.0,0,1,1
DB09383,Meprednisone,327,327,1,6.302393168195719,2.5,140.0,12.813661907424438,1.0126575565749236,1.41221,0.010451154128440367,0.00515464,0.0824742,5.793013608384144,5.793013608384144,184,0.5626911314984709,267,1,1
DB09385,Cyanocobalamin Co-57,850,850,1,2.604203817647059,1.42857,20.0,2.939035587234939,0.8745087129411765,1.41368,0.004594527482352942,0.00137174,0.0754458,6.7464121285733745,6.7464121285733745,313,0.36823529411764705,539,1,1
DB09389,Norgestrel,370,370,1,4.327148729729729,2.044345,100.0,7.642198363187534,0.931777154054054,1.4135,0.008192410243243242,0.00183486,0.394495,5.916202062607435,5.916202062607435,186,0.5027027027027027,258,1,1
DB09394,Phosphoric acid,54,54,1,5.971618481481482,4.5,40.0,6.096205551436213,0.9845627222222222,1.39557,0.08906517592592593,0.047619,0.238095,4.007333185232471,4.007333185232471,45,0.8333333333333334,51,1,1
DB09395,Sodium acetate,116,116,1,6.742267827586207,4.083335,30.0,6.888372616294016,0.9965130948275862,1.40725,0.037253664655172415,0.0178571,0.178571,4.762173934797756,4.762173934797756,80,0.6896551724137931,103,1,1
DB09401,Isosorbide,4173,4173,1,1.9556843268631678,1.14286,60.0,2.720415518454697,0.6677178876587587,1.41419,0.0011513785226935059,0.000187126,0.0749751,8.336630087637147,8.336630087637147,905,0.21687035705727295,2440,1,1
DB09407,Magnesium chloride,2851,2851,1,6.7878001329358115,0.666667,6780.0,135.99093982928432,0.6244321028411084,1.41421,0.0006588503047351807,4.09121e-05,0.0806104,7.955775781534187,7.955775781534187,632,0.22167660470010522,1101,1,1
DB09415,Meglumine,28,28,1,6.863945714285714,5.0,20.0,4.313854428187832,1.1587461785714286,1.37477,0.12142857142857144,0.1,0.2,3.367295829986474,3.367295829986474,21,0.75,28,1,1
DB09418,Potassium perchlorate,182,182,1,5.838397939560439,3.33333,50.0,7.701638437052036,1.0396343516483515,1.40895,0.02420550879120879,0.0135135,0.135135,5.209486152841421,5.209486152841421,115,0.6318681318681318,155,1,1
DB09422,Soybean oil,490,490,1,4.783030157142857,2.583335,45.0,5.893535707509977,0.9193117979591837,1.41294,0.008410840653061224,0.00655738,0.0819672,6.19644412779452,6.19644412779452,270,0.5510204081632653,404,1,1
DB09446,Safflower oil,95,95,1,6.815584115789474,5.0,25.0,5.357287182994759,1.1306689157894736,1.3972,0.05949659368421053,0.0434783,0.217391,4.564348191467836,4.564348191467836,76,0.8,92,1,1
DB09449,"Sodium phosphate, monobasic",388,388,1,4.439948775773196,2.5,40.0,4.888811085515965,0.967936574742268,1.41165,0.014073519845360824,0.00657895,0.0921053,5.963579343618446,5.963579343618446,222,0.5721649484536082,323,1,1
DB09460,Sodium carbonate,157,157,1,4.682684611464968,3.33333,30.0,4.94527655570315,1.0699612420382165,1.40782,0.0231805076433121,0.0163934,0.0983607,5.062595033026967,5.062595033026967,94,0.5987261146496815,131,1,1
DB09462,Glycerin,1410,1410,1,3.2143371659574465,1.66667,60.0,4.31059819796101,0.8610291758865248,1.41388,0.0033874893475177303,0.00170068,0.0629252,7.252053951852814,7.252053951852814,576,0.4085106382978723,1011,1,1
DB09472,Sodium sulfate,216,216,1,5.080516481481482,3.33333,30.0,4.897856135466297,1.0081777175925926,1.41061,0.01976165962962963,0.00925926,0.185185,5.37989735354046,5.37989735354046,146,0.6759259259259259,199,1,1
DB09477,Enalaprilat,128,128,1,4.882648015625,3.33333,30.0,4.184991244336867,1.066396734375,1.40761,0.025423764843750002,0.0169492,0.101695,4.859812404361672,4.859812404361672,87,0.6796875,106,1,1
DB09481,Magnesium carbonate,340,340,1,4.136267776470588,2.5,30.0,4.424849826031145,1.0218006235294117,1.41173,0.010865503147058824,0.00636943,0.0764331,5.831882477283517,5.831882477283517,192,0.5647058823529412,282,1,1
DB09487,Iotrolan,4,4,1,8.0,10.0,10.0,4.0,1.2629549999999998,1.34784,0.166667,0.166667,0.166667,1.6094379124341003,1.6094379124341003,3,0.75,4,1,1
DB09488,Acrivastine,113,113,1,6.657987814159292,5.0,110.0,11.347564893178667,1.0872984955752212,1.40609,0.03521385840707964,0.0208333,0.229167,4.736198448394496,4.736198448394496,76,0.672566371681416,98,1,1
DB09501,Ferric ammonium citrate,2,2,1,6.25,6.25,10.0,5.303300858899107,0.9194450000000001,0.987421,0.375,0.375,0.5,1.0986122886681098,1.0986122886681098,2,1.0,2,1,1
DB09507,Ferumoxsil,21,21,1,8.634920476190477,10.0,20.0,4.874998485415637,1.2143752380952382,1.34784,0.19047642857142857,0.166667,0.333333,3.091042453358316,3.091042453358316,19,0.9047619047619048,20,1,1
DB09511,Talc,51,51,1,2.4850364901960784,1.42857,20.0,3.4817393477163643,1.0518666078431373,1.41304,0.003543588039215686,0.00301205,0.00903614,3.9512437185814275,3.9512437185814275,18,0.35294117647058826,30,1,1
DB09512,Simethicone,1717,1717,1,3.3244214735002915,1.73333,30.0,3.9783948594122895,0.8287938087361677,1.41394,0.003461577514269074,0.00142959,0.0993567,7.4489161025442,7.4489161025442,733,0.42690739662201516,1309,1,1
DB09516,Mequinol,16,16,1,5.74826375,5.0,10.0,3.641968893086769,1.1993895,1.39115,0.06249996875,0.0588235,0.117647,2.833213344056216,2.833213344056216,13,0.8125,15,1,1
DB09517,Sodium ferric gluconate complex,913,913,1,4.088579335158817,2.30769,80.0,5.856031216036068,0.8572090330777656,1.41379,0.005305720854326396,0.00219539,0.140505,6.81783057145415,6.81783057145415,477,0.5224534501642936,719,1,1
DB09526,Hydroquinone,1054,1054,1,3.1235509411764704,1.66667,23.3333,3.469764570959844,0.8779176650853889,1.41371,0.004493701081593928,0.0012987,0.0714286,6.961296045910167,6.961296045910167,433,0.4108159392789374,806,1,1
DB09536,Titanium dioxide,9,9,1,7.037036666666667,5.0,20.0,5.63827324225467,1.1693455555555556,1.35752,0.15873,0.142857,0.285714,2.302585092994046,2.302585092994046,8,0.8888888888888888,9,1,1
DB09537,Iodine povacrylex,44,44,1,17.56513563636364,4.166665,340.0,51.89323118101158,1.006086090909091,1.41107,0.029142241818181817,0.00806452,0.274194,3.8066624897703196,3.8066624897703196,28,0.6363636363636364,36,1,1
DB09539,Omega-3-acid ethyl esters,2496,2496,1,2.0558369471153846,1.126445,30.0,2.7128305333828244,0.7362023782451923,1.41416,0.0014389116113782052,0.000284455,0.106386,7.822845290279774,7.822845290279774,616,0.2467948717948718,1407,1,1
DB09543,Methyl salicylate,624,624,1,2.912723548076923,1.25,56.6667,5.305464627811778,0.8846153733974359,1.4134,0.005679382371794872,0.00209205,0.144351,6.437751649736401,6.437751649736401,195,0.3125,347,1,1
DB09567,Olive oil,193,193,1,5.180573450777202,3.33333,30.0,5.573378206374441,0.9797586994818653,1.4088,0.027993681347150256,0.0138889,0.125,5.267858159063328,5.267858159063328,123,0.6373056994818653,173,1,1
DB10447,Saccharomyces cerevisiae,374,374,1,3.955475114973262,2.5,30.0,3.9336593265298445,0.9726783743315509,1.41205,0.011616164973262032,0.00555556,0.116667,5.926926025970411,5.926926025970411,202,0.5401069518716578,304,1,1
DB10535,Karaya gum,240,240,1,4.359857858333333,2.0,210.0,14.00704608050072,0.9595719291666666,1.41165,0.013925438958333335,0.00657895,0.164474,5.484796933490655,5.484796933490655,109,0.45416666666666666,174,1,1
DB10675,Licorice,207,207,1,6.109954603864734,3.33333,70.0,8.31256229560272,1.0383654830917874,1.40915,0.024719228985507248,0.012987,0.246753,5.337538079701318,5.337538079701318,136,0.6570048309178744,178,1,1
DB10805,Yellow fever vaccine,92,92,1,4.891728782608696,2.5,30.0,5.394064686280331,1.0712839565217391,1.40671,0.028010054347826087,0.0192308,0.115385,4.532599493153256,4.532599493153256,53,0.5760869565217391,75,1,1
DB11054,Human cord blood hematopoietic progenitor cell,11,11,1,9.92424181818182,10.0,30.0,7.714115927665098,1.2081045454545454,1.37477,0.13636363636363635,0.1,0.3,2.4849066497880004,2.4849066497880004,11,1.0,11,1,1
DB11057,Mineral oil,1001,1001,1,3.36229977022977,1.66667,60.0,4.455450214896405,0.8724981788211789,1.41365,0.004736962547452548,0.002886,0.0634921,6.90975328164481,6.90975328164481,424,0.42357642357642356,724,1,1
DB11058,Petrolatum,1178,1178,1,3.284531124787776,1.81818,30.0,3.7043216005218476,0.8757359533106961,1.41373,0.00411880226655348,0.00250941,0.0677541,7.072421900537371,7.072421900537371,512,0.43463497453310695,894,1,1
DB11059,Carboxymethylcellulose,674,674,1,3.4006621216617208,1.42857,50.0,5.373147695090869,0.8808240845697329,1.41366,0.005396152418397626,0.00141243,0.217514,6.51471269087253,6.51471269087253,265,0.39317507418397624,397,1,1
DB11060,Polyvinyl alcohol,465,465,1,4.282957726881721,2.5,50.0,5.101596109564387,0.9894399505376344,1.41235,0.009620830086021505,0.00478469,0.062201,6.144185634125646,6.144185634125646,260,0.5591397849462365,369,1,1
DB11061,Povidone,144,144,1,5.737367472222222,5.0,30.0,5.239594462352225,1.102092638888889,1.40812,0.023654513888888888,0.015625,0.125,4.976733742420574,4.976733742420574,95,0.6597222222222222,126,1,1
DB11063,Polysorbate 80,7,7,1,7.857142857142857,10.0,10.0,2.6726124191242437,1.2472557142857144,1.33417,0.2,0.2,0.2,2.0794415416798357,2.0794415416798357,7,1.0,7,1,1
DB11067,Heme iron polypeptide,7,7,1,10.0,10.0,10.0,0.0,1.2091345714285713,1.27802,0.38095214285714285,0.333333,0.666667,2.0794415416798357,2.0794415416798357,7,1.0,7,1,1
DB11071,Phenyl salicylate,240,240,1,5.0931950625,3.33333,30.0,4.848060288121112,0.9990877625,1.40803,0.03055553625,0.015873,0.174603,5.484796933490655,5.484796933490655,162,0.675,221,1,1
DB11073,Cetylpyridinium,162,162,1,7.141663172839507,3.33333,130.0,16.14105492506184,1.0686846913580248,1.41094,0.01457619962962963,0.00840336,0.109244,5.093750200806762,5.093750200806762,97,0.5987654320987654,132,1,1
DB11074,Dimethicone,937,937,1,3.213958145144077,1.97368,20.0,3.4964568658404755,0.9048210736392743,1.41363,0.004565930629669157,0.0014881,0.0744048,6.843749949006225,6.843749949006225,426,0.45464247598719315,680,1,1
DB11075,Hypromellose,966,966,1,3.0759075786749484,1.49074,40.0,4.387130223299366,0.856717516563147,1.4138,0.00398403450310559,0.00105152,0.0872765,6.874198495453294,6.874198495453294,374,0.38716356107660455,606,1,1
DB11077,Polyethylene glycol 400,2102,1710,2,2.747675691246432,1.42857,50.0,3.63795353021736,0.8460460062321599,1.41398,0.003679716087059943,0.00134409,0.194892,7.6511201757027,7.444833273892193,774,0.368220742150333,1287,1,1
DB11079,Trolamine salicylate,292,292,1,5.210693842465753,3.33333,40.0,5.007654614084395,1.0274862979452055,1.41071,0.01696901815068493,0.00900901,0.108108,5.680172609017068,5.680172609017068,204,0.6986301369863014,265,1,1
DB11080,Silver nitrate,74,74,1,4.89428454054054,3.33333,20.0,3.854318023490115,1.1260089189189189,1.40238,0.037674014864864866,0.030303,0.121212,4.31748811353631,4.31748811353631,52,0.7027027027027027,67,1,1
DB11081,Aluminum chloride,174,174,1,8.932792488505747,7.083335,30.0,6.898741849937326,1.0441629942528736,1.40514,0.04744719252873563,0.0465116,0.232558,5.1647859739235145,5.1647859739235145,152,0.8735632183908046,170,1,1
DB11082,Coal tar,295,295,1,3.9607284338983053,2.5,30.0,4.375428488103146,1.0080493016949152,1.41157,0.011760631389830509,0.00680272,0.122449,5.69035945432406,5.69035945432406,156,0.5288135593220339,229,1,1
DB11087,Pyrethrum extract,1,1,1,1.25,1.25,1.25,,0.951315,0.951315,0.2,0.2,0.2,0.6931471805599453,0.6931471805599453,0,0.0,1,1,1
DB11088,Shark liver oil,24,24,1,5.215773333333334,4.166665,10.0,3.3243009172660996,1.1178656666666666,1.35752,0.160714125,0.142857,0.428571,3.2188758248682006,3.2188758248682006,21,0.875,24,1,1
DB11089,Docusate,5257,5257,1,2.421635225223511,1.42857,50.0,3.0865910941937718,0.6555770872741108,1.41419,0.0011524143817766787,0.000178476,0.0820989,8.567506005289827,8.567506005289827,1637,0.31139433136770023,3670,1,1
DB11090,Potassium nitrate,132,132,1,5.193699598484849,3.45238,30.0,4.81801811563203,0.9850796136363636,1.40725,0.03382032878787879,0.0178571,0.125,4.890349128221754,4.890349128221754,95,0.7196969696969697,122,1,1
DB11091,Hydrogen peroxide,286,286,1,6.033761258741259,3.69318,70.0,7.248841779979851,1.0533534650349652,1.4112,0.014121544195804196,0.00775194,0.0852713,5.659482215759621,5.659482215759621,202,0.7062937062937062,249,1,1
DB11092,Stannous fluoride,152,152,1,7.442721842105264,3.33333,220.0,19.19962328482718,1.0420401776315789,1.41032,0.017960526315789472,0.01,0.22,5.030437921392435,5.030437921392435,94,0.618421052631579,121,1,1
DB11093,Calcium citrate,2424,2424,1,2.754849737623762,1.66667,30.0,3.2411740579720605,0.7778441083745874,1.41408,0.0023970168824257424,0.000710227,0.0894886,7.793586803371584,7.793586803371584,930,0.38366336633663367,1794,1,1
DB11094,Vitamin D,6549,6549,1,1.9513630054970226,1.15813,40.0,2.7075830764671536,0.6135736600855092,1.4142,0.0007579971245228279,9.27644e-05,0.0684137,8.787220328629298,8.787220328629298,1469,0.22430905481752939,3862,1,1
DB11097,Plantago seed,5,5,1,9.0,10.0,10.0,2.2360679774997894,1.29361,1.33417,0.2,0.2,0.2,1.791759469228055,1.791759469228055,5,1.0,5,1,1
DB11098,Potassium bicarbonate,414,414,1,3.8045904371980677,2.0,80.0,5.835512273883378,0.9617521666666666,1.41213,0.010630607294685991,0.00534759,0.0641711,6.028278520230698,6.028278520230698,182,0.4396135265700483,310,1,1
DB11100,Allantoin,81,81,1,5.772373654320988,3.33333,30.0,5.857813779193895,1.1057853703703704,1.40902,0.020740727160493827,0.0133333,0.226667,4.406719247264253,4.406719247264253,54,0.6666666666666666,67,1,1
DB11104,Sulfur hexafluoride,31,31,1,6.424706225806451,3.33333,25.0,6.9014892116586495,0.949651870967742,1.40725,0.04493087096774193,0.0357143,0.232143,3.4657359027997265,3.4657359027997265,19,0.6129032258064516,27,1,1
DB11105,Benzalkonium,133,133,1,4.625777939849624,3.33333,30.0,4.348149214328617,1.1100097593984963,1.40895,0.017476106766917295,0.0135135,0.0540541,4.897839799950911,4.897839799950911,83,0.6240601503759399,106,1,1
DB11107,Potassium bitartrate,47,47,1,6.989023531914894,5.0,30.0,5.603012719516156,1.1034390638297873,1.38804,0.09361695106382979,0.0666667,0.2,3.871201010907891,3.871201010907891,42,0.8936170212765957,45,1,1
DB11109,Chlorine,14,14,1,5.517289714285715,3.33333,10.0,4.09608299401922,1.1575853571428572,1.34784,0.16666700000000004,0.166667,0.166667,2.70805020110221,2.70805020110221,11,0.7857142857142857,13,1,1
DB11110,Magnesium citrate,997,997,1,3.925334005015045,2.0,30.0,4.371905839354936,0.914215854563691,1.41333,0.006721072056168505,0.0022831,0.134703,6.905753276311464,6.905753276311464,484,0.485456369107322,813,1,1
DB11111,Witch hazel,166,166,1,6.149402680722892,5.0,25.0,5.437744308609287,1.059370186746988,1.4088,0.02300871746987952,0.0138889,0.138889,5.117993812416755,5.117993812416755,116,0.6987951807228916,143,1,1
DB11112,Lanolin,94,94,1,7.521569382978723,6.66667,20.0,5.409495059039162,1.1285960212765958,1.39792,0.05984043297872341,0.0416667,0.208333,4.553876891600541,4.553876891600541,81,0.8617021276595744,92,1,1
DB11113,Castor oil,381,381,1,5.316867312335957,3.33333,60.0,6.087610113403384,0.9954195118110236,1.41086,0.01941352469816273,0.00862069,0.172414,5.945420608606575,5.945420608606575,265,0.6955380577427821,341,1,1
DB11114,Eucalyptus oil,69,69,1,5.380789275362319,4.0,20.0,4.043804009764713,1.1048089130434782,1.40201,0.042572463768115944,0.03125,0.15625,4.248495242049359,4.248495242049359,50,0.7246376811594203,63,1,1
DB11118,Ammonia,35,35,1,5.868527514285714,5.0,20.0,4.236267072646023,1.1632757714285715,1.38804,0.07809524857142856,0.0666667,0.2,3.58351893845611,3.58351893845611,30,0.8571428571428571,31,1,1
DB11119,Sodium iodide,247,247,1,5.83094467611336,1.11111,358.621,23.92774156773837,0.9429044129554656,1.41394,0.00463894060728745,0.000691085,0.718728,5.5134287461649825,5.5134287461649825,87,0.3522267206477733,127,1,1
DB11120,Turpentine,6,6,1,7.638888333333334,10.0,10.0,3.6672987081524555,1.134635,1.31339,0.2916666666666667,0.25,0.5,1.9459101490553132,1.9459101490553132,6,1.0,6,1,1
DB11121,Chloroxylenol,30,30,1,8.8287147,3.33333,70.0,16.96801103866077,1.1343183000000001,1.39115,0.0862745,0.0588235,0.411765,3.4339872044851463,3.4339872044851463,20,0.6666666666666666,28,1,1
DB11123,Hypochlorite,84,84,1,4.418770940476191,3.33333,30.0,4.464568986155973,1.0660389285714285,1.40591,0.031408309523809526,0.0212766,0.297872,4.442651256490317,4.442651256490317,57,0.6785714285714286,71,1,1
DB11124,Racepinephrine,78,78,1,6.800197307692308,3.819445,70.0,9.605569998861593,1.0545660256410254,1.40671,0.03599605897435898,0.0192308,0.269231,4.3694478524670215,4.3694478524670215,56,0.717948717948718,72,1,1
DB11125,Benzethonium,47,47,1,5.589146042553192,5.0,20.0,4.030999809737611,1.1342543617021277,1.39642,0.0560928170212766,0.0454545,0.136364,3.871201010907891,3.871201010907891,36,0.7659574468085106,45,1,1
DB11126,Calcium gluconate,2482,2482,1,2.7585391003223205,1.42857,70.0,3.808170524003193,0.7898341187751814,1.4141,0.0019431999492344884,0.000594884,0.0782272,7.817222785508166,7.817222785508166,873,0.3517324738114424,1647,1,1
DB11129,Carbamide peroxide,218,218,1,5.508879403669725,3.875,60.0,5.929510152778257,1.0779846513761469,1.4094,0.018858328440366973,0.0123457,0.0740741,5.389071729816501,5.389071729816501,148,0.6788990825688074,197,1,1
DB11130,Opium,547,547,1,3.725145376599634,2.0,30.0,4.277304265613856,0.9354980438756856,1.41287,0.008522979798903109,0.00344828,0.196552,6.306275286948016,6.306275286948016,264,0.4826325411334552,426,1,1
DB11132,Silicon dioxide,29,29,1,4.651439655172414,3.33333,10.0,3.6545035911301205,1.1003356896551724,1.39244,0.06704982068965516,0.0555556,0.111111,3.4011973816621555,3.4011973816621555,18,0.6206896551724138,26,1,1
DB11133,Omega-3 fatty acids,2203,2203,1,2.7284172501134814,1.42857,130.0,4.503363455421029,0.7744991406718112,1.4141,0.001957218133000454,0.000570451,0.0596121,7.698029170272805,7.698029170272805,755,0.3427144802541988,1496,1,1
DB11135,Selenium,1171,1171,1,3.3807009137489326,1.76471,30.0,3.9894015857277725,0.8554660333048676,1.41373,0.004276275977796755,0.00250627,0.0739348,7.066466970136958,7.066466970136958,510,0.43552519214346713,880,1,1
DB11136,Chromium,373,373,1,3.581162168900804,2.0,50.0,4.486882899207615,0.9520802091152816,1.41231,0.011039267560321716,0.00490196,0.107843,5.924255797414532,5.924255797414532,172,0.46112600536193027,294,1,1
DB11145,Oxyquinoline,25,25,1,12.78636364,10.0,50.0,14.226239113714357,0.92662352,1.36473,0.35,0.125,0.75,3.258096538021482,3.258096538021482,18,0.72,23,1,1
DB11148,Butamben,5,5,1,5.333334,5.0,10.0,2.9814229451354266,1.0732374,1.27802,0.333333,0.333333,0.333333,1.791759469228055,1.791759469228055,4,0.8,5,1,1
DB11150,Barium sulfate,303,303,1,3.1718344224422443,1.66667,30.0,4.0715292324601,0.9037910660066008,1.41294,0.010160691452145215,0.00327869,0.304918,5.717027701406222,5.717027701406222,119,0.3927392739273927,205,1,1
DB11151,Sodium hydroxide,20,20,1,8.936111499999999,5.0,30.0,7.597690970518454,1.08039135,1.3784,0.140909,0.13636355,0.272727,3.044522437723423,3.044522437723423,19,0.95,20,1,1
DB11152,Trichloroacetate,45,45,1,5.552551377777778,5.0,10.0,3.7005634804493464,1.1758128888888888,1.39792,0.04722224888888889,0.0416667,0.125,3.828641396489095,3.828641396489095,33,0.7333333333333333,43,1,1
DB11154,Zinc citrate,6,6,1,6.777776666666667,7.0,10.0,3.5381531487071984,1.1342716666666668,1.33417,0.23333333333333336,0.2,0.4,1.9459101490553132,1.9459101490553132,6,1.0,6,1,1
DB11156,Pyrantel,212,212,1,5.554045471698114,4.0,30.0,5.0228726285927605,1.0142543066037737,1.40934,0.024174528301886794,0.0125,0.1375,5.3612921657094255,5.3612921657094255,137,0.6462264150943396,188,1,1
DB11157,Anthralin,14,14,1,7.02466,5.0,20.0,6.346041937335065,1.1669971428571428,1.37477,0.1142857142857143,0.1,0.2,2.70805020110221,2.70805020110221,9,0.6428571428571429,14,1,1
DB11158,Pectin,103,103,1,6.482055699029126,4.44444,30.0,6.383754130284673,1.0612871553398058,1.39974,0.05933113495145631,0.037037,0.222222,4.6443908991413725,4.6443908991413725,77,0.7475728155339806,96,1,1
DB11159,Sodium sulfide,57,57,1,3.9905967017543857,2.0,16.2094,4.016715831472464,0.8189795877192982,1.41356,0.02189283859649123,0.00337268,0.757167,4.060443010546419,4.060443010546419,28,0.49122807017543857,43,1,1
DB11160,Phenyltoloxamine,110,110,1,5.729865872727273,5.0,40.0,5.090509220901637,1.1254392636363635,1.40161,0.04281526818181818,0.0322581,0.129032,4.709530201312334,4.709530201312334,86,0.7818181818181819,106,1,1
DB11169,Ferrous asparto glycinate,47,47,1,4.527426680851064,3.33333,20.0,3.7941752320632225,1.1098868297872342,1.38804,0.07801418510638297,0.0666667,0.2,3.871201010907891,3.871201010907891,31,0.6595744680851063,44,1,1
DB11171,Ferric sulfate,14,14,1,5.859977142857143,5.0,10.0,3.889469074382238,1.2091521428571428,1.3784,0.0909091,0.0909091,0.0909091,2.70805020110221,2.70805020110221,10,0.7142857142857143,14,1,1
DB11172,Sesame oil,10,10,1,8.25,10.0,20.0,5.421294205648684,1.1686788,1.34784,0.20000020000000002,0.166667,0.333333,2.3978952727983707,2.3978952727983707,9,0.9,10,1,1
DB11175,Zinc picolinate,30,30,1,8.525,10.0,20.0,4.578558076655078,1.2296254,1.33417,0.21333333333333335,0.2,0.4,3.4339872044851463,3.4339872044851463,27,0.9,30,1,1
DB11176,Zeaxanthin,68,68,1,4.650069338235294,3.33333,10.0,3.551058184095576,1.1464346176470588,1.40026,0.04044118970588235,0.0357143,0.142857,4.23410650459726,4.23410650459726,42,0.6176470588235294,57,1,1
DB11180,Tetrofosmin,29,29,1,6.117089310344827,5.0,20.0,4.964200709065381,1.089114896551724,1.37477,0.13448275862068967,0.1,0.3,3.4011973816621555,3.4011973816621555,22,0.7586206896551724,29,1,1
DB11181,Homatropine,143,143,1,6.117432853146854,3.33333,60.0,7.865760286177548,1.0605643986013986,1.40873,0.025017225174825176,0.0140845,0.169014,4.969813299576001,4.969813299576001,98,0.6853146853146853,123,1,1
DB11189,Magnesium glycinate,39,39,1,6.675824,5.0,20.0,4.966763267957509,1.1413874358974359,1.38616,0.08974358974358974,0.0714286,0.214286,3.6888794541139363,3.6888794541139363,31,0.7948717948717948,36,1,1
DB11190,Pantethine,914,914,1,3.2284839376367613,1.81818,40.0,4.019759756741137,0.858416238512035,1.41369,0.005212072188183808,0.00269906,0.0877193,6.818924065275521,6.818924065275521,401,0.4387308533916849,665,1,1
DB11191,Cobamamide,96,96,1,4.870644791666667,3.33333,20.0,3.7736266710123267,1.1178470208333333,1.40394,0.03289475,0.0263158,0.0789474,4.574710978503383,4.574710978503383,64,0.6666666666666666,88,1,1
DB11193,Papain,161,161,1,4.894638236024845,3.33333,20.0,3.896599311219246,1.0636801118012422,1.40657,0.02922905590062112,0.0196078,0.117647,5.087596335232384,5.087596335232384,111,0.6894409937888198,139,1,1
DB11195,Xylitol,27,27,1,6.786915925925927,5.0,20.0,4.239112078914876,1.1830481851851853,1.38804,0.07901231111111111,0.0666667,0.133333,3.332204510175204,3.332204510175204,24,0.8888888888888888,27,1,1
DB11198,Peppermint oil,289,289,1,3.957882788927335,2.5,50.0,4.889360623862412,1.0033480415224914,1.4116,0.011727543079584775,0.00671141,0.0805369,5.66988092298052,5.66988092298052,162,0.5605536332179931,218,1,1
DB11199,Sage oil,44,44,1,7.3712118863636364,5.0,30.0,6.820463479816868,1.1070562954545453,1.39244,0.08459601363636364,0.0555556,0.222222,3.8066624897703196,3.8066624897703196,33,0.75,42,1,1
DB11203,Boron,34,34,1,5.442693235294118,5.0,20.0,4.0707328385481985,1.1337758823529411,1.38804,0.08039215588235293,0.0666667,0.2,3.5553480614894135,3.5553480614894135,25,0.7352941176470589,34,1,1
DB11204,Panthenol,241,241,1,4.466104240663901,2.5,40.0,4.923548018048942,1.0078501493775933,1.41077,0.01567950705394191,0.00884956,0.123894,5.488937726156687,5.488937726156687,137,0.5684647302904564,197,1,1
DB11210,Ferrous bisglycinate,119,119,1,6.161616705882353,5.0,30.0,4.59965555690728,1.098249974789916,1.4047,0.03771261680672269,0.0243902,0.195122,4.787491742782046,4.787491742782046,96,0.8067226890756303,115,1,1
DB11217,Arbutin,4,4,1,2.5,2.5,2.5,0.0,0.223607,0.223607,1.0,1.0,1.0,1.6094379124341003,1.6094379124341003,4,1.0,4,1,1
DB11218,Tea tree oil,46,46,1,5.906572826086957,5.0,20.0,3.781756073694784,1.1874834130434784,1.38142,0.08876810652173914,0.0833333,0.166667,3.8501476017100584,3.8501476017100584,43,0.9347826086956522,46,1,1
DB11222,Benzoin resin,16,16,1,7.984375,6.875,20.0,5.621076240530218,1.1231505625,1.38397,0.12500000625,0.0769231,0.538462,2.833213344056216,2.833213344056216,15,0.9375,16,1,1
DB11228,Methylcellulose,960,960,1,3.3838552500000003,2.0,40.0,3.88840462676229,0.8974154239583334,1.41356,0.0052187828125,0.00167224,0.0936455,6.8679744089702925,6.8679744089702925,435,0.453125,727,1,1
DB11231,Lycopene,145,145,1,3.5138512896551726,2.0,40.0,4.432975969007772,0.9829537862068966,1.41011,0.017858419310344827,0.0105263,0.105263,4.983606621708336,4.983606621708336,70,0.4827586206896552,112,1,1
DB11237,Trypsin,40,40,1,4.995336775,3.33333,10.0,3.9077010086388984,1.1443477,1.38616,0.07857143999999999,0.0714286,0.142857,3.713572066704308,3.713572066704308,23,0.575,34,1,1
DB11238,Borage oil,95,95,1,4.935558515789474,3.33333,30.0,4.793345969651059,1.0588017684210527,1.40366,0.04039827894736842,0.027027,0.135135,4.564348191467836,4.564348191467836,62,0.6526315789473685,84,1,1
DB11239,Aluminum sulfate,96,96,1,5.847177833333333,3.33333,30.0,5.298778846028752,1.11699865625,1.40421,0.03445511875,0.025641,0.102564,4.574710978503383,4.574710978503383,69,0.71875,88,1,1
DB11242,Gelatin,267,267,1,4.471271715355805,2.63158,30.0,5.1340397361290275,1.012399138576779,1.41137,0.013368316629213482,0.00729927,0.29927,5.5909869805108565,5.5909869805108565,153,0.5730337078651685,221,1,1
DB11246,Copper gluconate,1,1,1,10.0,10.0,10.0,,1.33417,1.33417,0.2,0.2,0.2,0.6931471805599453,0.6931471805599453,1,1.0,1,1,1
DB11248,Zinc gluconate,268,268,1,4.921174343283582,3.33333,30.0,4.506436685383437,1.0625793768656717,1.41067,0.015230660746268658,0.00909091,0.0909091,5.594711379601839,5.594711379601839,168,0.6268656716417911,228,1,1
DB11251,Tocopherol,1258,1258,1,2.7199602265500795,1.42857,30.0,3.3651441524138876,0.8659449689984101,1.41385,0.0033236456311605722,0.000924214,0.0665434,7.138073034044347,7.138073034044347,437,0.34737678855325915,796,1,1
DB11255,Chromium picolinate,411,411,1,3.8554419708029197,2.5,30.0,3.8327945423536014,0.9621529221411192,1.41212,0.012270101751824818,0.00537634,0.107527,6.021023349349527,6.021023349349527,225,0.5474452554744526,360,1,1
DB11260,Diacetyl benzoyl lathyrol,39,39,1,5.201840512820513,3.33333,20.0,3.967122130543386,1.126784,1.39557,0.05738701538461539,0.047619,0.142857,3.6888794541139363,3.6888794541139363,29,0.7435897435897436,39,1,1
DB11264,Calcium glycerophosphate,52,52,1,4.856927980769231,3.33333,20.0,4.2709977275956765,1.1171866346153847,1.39642,0.055944046153846155,0.0454545,0.136364,3.970291913552122,3.970291913552122,37,0.7115384615384616,47,1,1
DB11266,Sea salt,3,3,1,8.333333333333334,10.0,10.0,2.8867513459481287,1.2445266666666666,1.31339,0.25,0.25,0.25,1.3862943611198906,1.3862943611198906,3,1.0,3,1,1
DB11281,Bismuth subcarbonate,8,8,1,7.5,7.5,10.0,2.6726124191242437,1.1660727499999999,1.34784,0.20833362500000002,0.166667,0.5,2.1972245773362196,2.1972245773362196,8,1.0,8,1,1
DB11286,Colloidal oatmeal,7,7,1,6.666667142857143,5.0,10.0,3.333332500000134,1.1956554285714287,1.33417,0.2,0.2,0.2,2.0794415416798357,2.0794415416798357,6,0.8571428571428571,7,1,1
DB11300,Thrombin,380,380,1,4.6941622,2.85714,45.0,5.2331949183085475,0.9520550210526316,1.41271,0.01112578094736842,0.003861,0.138996,5.942799375126701,5.942799375126701,229,0.6026315789473684,307,1,1
DB11309,Sulfuric acid,21,21,1,6.55215380952381,5.0,15.0,3.8526403763113892,1.1799747619047618,1.38397,0.09890109047619047,0.0769231,0.461538,3.091042453358316,3.091042453358316,18,0.8571428571428571,21,1,1
DB11311,Prothrombin,11,11,1,9.621211818181818,10.0,20.0,4.46224386979649,1.197058,1.38397,0.11888107272727272,0.0769231,0.384615,2.4849066497880004,2.4849066497880004,11,1.0,11,1,1
DB11312,Protein C,30,30,1,8.2207669,5.0,30.0,8.181353912014092,1.2015112,1.40201,0.03958333333333333,0.03125,0.09375,3.4339872044851463,3.4339872044851463,24,0.8,29,1,1
DB11315,Methscopolamine,205,205,1,4.819203375609756,3.33333,20.0,4.251214912949934,1.0166352731707318,1.40865,0.02689893268292683,0.0142857,0.142857,5.327876168789581,5.327876168789581,140,0.6829268292682927,187,1,1
DB11321,Cod liver oil,792,792,1,3.11380263510101,1.66667,100.0,5.396659558870589,0.8676135555555556,1.41361,0.005306156906565657,0.0015456,0.0834621,6.675823221634848,6.675823221634848,310,0.39141414141414144,544,1,1
DB11323,Glycol salicylate,4,4,1,16.25,15.0,30.0,11.086778913041726,1.1899199999999999,1.35752,0.24999975000000002,0.21428550000000002,0.428571,1.6094379124341003,1.6094379124341003,4,1.0,4,1,1
DB11326,Boric acid,91,91,1,4.3674348791208795,3.33333,10.0,3.515276987589737,1.124616989010989,1.40394,0.030942751648351648,0.0263158,0.105263,4.5217885770490405,4.5217885770490405,55,0.6043956043956044,74,1,1
DB11333,Poloxamer 188,6,6,1,10.0,10.0,10.0,0.0,1.3028746666666666,1.37477,0.11666666666666668,0.1,0.2,1.9459101490553132,1.9459101490553132,6,1.0,6,1,1
DB11338,Clove oil,4,4,1,5.2083325,4.166665,10.0,3.359274681965091,1.10909025,1.31339,0.25,0.25,0.25,1.6094379124341003,1.6094379124341003,4,1.0,4,1,1
DB11340,Ubiquinol,103,103,1,5.149014961165048,3.33333,20.0,4.543266774291521,1.1078666213592234,1.4047,0.03386215339805825,0.0243902,0.195122,4.6443908991413725,4.6443908991413725,69,0.6699029126213593,92,1,1
DB11341,Ichthammol,3,3,1,8.333333333333334,10.0,10.0,2.886751345948129,1.2445266666666666,1.31339,0.25,0.25,0.25,1.3862943611198906,1.3862943611198906,3,1.0,3,1,1
DB11347,Bacillus subtilis,45,45,1,5.465782733333333,5.0,20.0,4.238198016062574,1.157688911111111,1.39642,0.051515113333333334,0.0454545,0.0909091,3.828641396489095,3.828641396489095,32,0.7111111111111111,41,1,1
DB11348,Calcium Phosphate,332,332,1,3.920695948795181,2.5,30.0,4.0246958010384,0.9932625632530121,1.41155,0.01225449234939759,0.00684932,0.0958904,5.808142489980444,5.808142489980444,175,0.5271084337349398,269,1,1
DB11357,Linseed oil,1536,1536,1,2.70087350390625,1.42857,40.0,3.5826376935495636,0.8153901181640625,1.41397,0.0031256652376302086,0.00127551,0.0784439,7.337587743538596,7.337587743538596,527,0.3430989583333333,1037,1,1
DB11358,Evening primrose oil,495,495,1,3.52177198989899,2.0,30.0,3.9547980482540077,0.9414843010101009,1.41281,0.00850955705050505,0.00359712,0.104317,6.206575926724928,6.206575926724928,219,0.44242424242424244,376,1,1
DB11386,Chlorobutanol,6,6,1,7.321428333333333,5.0,20.0,6.8799845232977574,1.0487725,1.27802,0.38888866666666666,0.333333,0.666667,1.9459101490553132,1.9459101490553132,5,0.8333333333333334,6,1,1
DB11387,Chloroform,6,6,1,5.833333333333333,5.0,10.0,3.4560732373933667,1.1598663333333334,1.33417,0.20000000000000004,0.2,0.2,1.9459101490553132,1.9459101490553132,5,0.8333333333333334,6,1,1
DB11424,Lufenuron,15,15,1,7.277777333333334,5.0,20.0,4.802309056603421,1.1789205333333332,1.33417,0.21333333333333335,0.2,0.4,2.772588722239781,2.772588722239781,14,0.9333333333333333,15,1,1
DB11450,Pimobendan,278,278,1,4.25024973381295,2.5,30.0,4.945920888677374,0.911823928057554,1.41204,0.015473662589928055,0.00558659,0.206704,5.631211781821365,5.631211781821365,152,0.5467625899280576,224,1,1
DB11477,Xylazine,15,15,1,5.468602000000001,5.0,10.0,3.7253620217833476,1.0729858666666667,1.38616,0.10952384,0.0714286,0.357143,2.772588722239781,2.772588722239781,12,0.8,13,1,1
DB11551,Trenbolone,12,12,1,4.94841275,4.166665,10.0,3.3489099725886144,1.0946665833333333,1.38804,0.08888891666666665,0.0666667,0.266667,2.5649493574615367,2.5649493574615367,10,0.8333333333333334,11,1,1
DB11582,Thiocolchicoside,668,668,1,3.653127305389222,1.831065,70.0,6.039646625286583,0.8801485119760479,1.41343,0.00622645886227545,0.00403226,0.078629,6.505784060128229,6.505784060128229,299,0.4476047904191617,466,1,1
DB11586,Asunaprevir,28,28,1,4.215126821428571,2.3214300000000003,20.0,4.760075110212257,0.9298495714285714,1.21106,0.060606025,0.030303,0.181818,3.367295829986474,3.367295829986474,15,0.5357142857142857,23,1,1
DB11588,Carbon monoxide,131,131,1,4.719680557251908,2.22222,40.0,5.915686004386327,0.9139855419847328,1.41234,0.02003816679389313,0.00480769,0.533654,4.882801922586371,4.882801922586371,67,0.5114503816793893,95,1,1
DB11590,Thimerosal,36,36,1,7.338679444444444,5.0,30.0,6.0596836081026755,1.1383231388888888,1.39244,0.08333336666666666,0.0555556,0.5,3.6109179126442243,3.6109179126442243,29,0.8055555555555556,35,1,1
DB11594,Domiphen,16,16,1,8.85416625,10.0,20.0,4.0239451458783995,1.2355535,1.34784,0.18750025,0.166667,0.333333,2.833213344056216,2.833213344056216,16,1.0,16,1,1
DB11596,Levoleucovorin,442,442,1,3.67414728280543,2.0,56.0,5.173214725621716,0.8889772262443438,1.41334,0.007681073800904978,0.00225734,0.0970655,6.093569770045136,6.093569770045136,202,0.45701357466063347,326,1,1
DB11603,"Rabies immune globulin, human",64,64,1,5.282190984375,5.0,10.0,3.131902851253828,1.03102678125,1.40026,0.0630580421875,0.0357143,0.285714,4.174387269895637,4.174387269895637,56,0.875,63,1,1
DB11616,Pirarubicin,443,443,1,4.433848110609481,2.77778,30.0,4.940638924723064,0.909920079006772,1.41298,0.008771360632054177,0.00634921,0.0666667,6.095824562432225,6.095824562432225,263,0.5936794582392777,359,1,1
DB11617,Aclarubicin,159,159,1,6.153006056603774,5.0,30.0,5.29353718440743,1.0089124779874212,1.40895,0.02872683081761006,0.0135135,0.162162,5.075173815233827,5.075173815233827,124,0.779874213836478,152,1,1
DB11636,Nomegestrol,355,355,1,5.006202808450704,3.33333,40.0,5.557661533845832,0.9954275464788732,1.41184,0.012985224056338028,0.00609756,0.0853659,5.87493073085203,5.87493073085203,227,0.6394366197183099,314,1,1
DB11659,Indium,63,63,1,8.359687095238096,5.0,80.0,14.835560356879915,1.074928095238095,1.40699,0.0343915253968254,0.0185185,0.166667,4.1588830833596715,4.1588830833596715,42,0.6666666666666666,53,1,1
DB11672,Curcumin,175,175,1,5.101315205714285,3.33333,20.0,4.5344079690361525,1.0141276571428572,1.4094,0.022010598857142856,0.0123457,0.0987654,5.170483995038151,5.170483995038151,114,0.6514285714285715,149,1,1
DB11675,Mosapride,1504,1504,1,2.4053767340425534,1.28205,20.0,3.1844587605463897,0.8065406937499999,1.41403,0.0025565021702127658,0.000925497,0.0712633,7.316548177182976,7.316548177182976,440,0.2925531914893617,894,1,1
DB11678,Treosulfan,332,332,1,4.432791656626506,2.10227,60.0,6.580052265478788,0.9439801445783133,1.41284,0.009642812349397591,0.00353357,0.141343,5.808142489980444,5.808142489980444,168,0.5060240963855421,245,1,1
DB11695,Carnosine,23,23,1,5.033125652173913,4.0,10.0,2.934098959376899,1.107933652173913,1.34784,0.18115969565217394,0.166667,0.333333,3.1780538303479458,3.1780538303479458,21,0.9130434782608695,23,1,1
DB11696,Racecadotril,496,496,1,3.9310681532258065,2.0,60.0,5.585654181147664,0.9236348165322581,1.41311,0.00793886375,0.00283286,0.152975,6.208590026096629,6.208590026096629,237,0.4778225806451613,354,1,1
DB11699,Tropisetron,824,824,1,3.3021814308252426,1.72414,35.0,4.1143440177752355,0.8688847415048543,1.41365,0.005271104890776699,0.00287356,0.0991379,6.715383386334681,6.715383386334681,353,0.42839805825242716,590,1,1
DB11738,Rilmenidine,1305,1305,1,3.2540526091954027,1.62602,100.0,4.853739986506644,0.8497407003065134,1.41393,0.003177543131034483,0.00145243,0.10167,7.174724309836376,7.174724309836376,536,0.410727969348659,880,1,1
DB11742,Ebastine,851,851,1,3.201320944770858,1.73913,40.0,3.7870304203228278,0.9074982667450059,1.4136,0.004306203654524089,0.0015674,0.0611285,6.747586526829315,6.747586526829315,369,0.4336075205640423,598,1,1
DB11750,Clobetasol,2465,2465,1,3.032402067342799,1.57895,60.0,4.275516459253243,0.7763192446653144,1.41411,0.0017824585480730225,0.000537924,0.0887574,7.81035268372429,7.81035268372429,956,0.38782961460446247,1675,1,1
DB11770,Talinolol,82,82,1,5.431221365853659,3.33333,20.0,4.898229086735782,1.0917078658536585,1.40337,0.03895666219512195,0.0277778,0.138889,4.418840607796598,4.418840607796598,56,0.6829268292682927,78,1,1
DB11783,Imidapril,887,887,1,3.045259278466742,1.66667,40.0,3.5717502104568126,0.8602633100338218,1.41376,0.004165945186020293,0.00234467,0.0480657,6.78897174299217,6.78897174299217,371,0.4182638105975197,632,1,1
DB11820,Nifurtimox,41,41,1,6.861386121951219,5.0,50.0,7.670603581236394,1.1407120975609757,1.39463,0.06829268292682927,0.05,0.25,3.7376696182833684,3.7376696182833684,36,0.8780487804878049,40,1,1
DB11846,Creatinine,18,18,1,6.354496666666666,5.0,10.0,3.4919823989398746,1.1841926111111112,1.38142,0.09722221111111111,0.0833333,0.25,2.9444389791664403,2.9444389791664403,16,0.8888888888888888,18,1,1
DB11921,Deflazacort,1323,1323,1,3.4781142063492068,2.0,90.0,4.575807069143316,0.8576012093726378,1.41386,0.003676557747543462,0.00180018,0.0693069,7.188412736496954,7.188412736496954,631,0.47694633408919124,998,1,1
DB11980,Carbon black,10,10,1,5.566666,5.0,10.0,2.2705861211012848,0.8993966999999999,1.19443,0.17999988,0.133333,0.8,2.3978952727983707,2.3978952727983707,10,1.0,10,1,1
DB11996,Thymopentin,12,12,1,7.361110833333334,7.5,10.0,2.7941441441553123,1.1996094166666667,1.37032,0.1296295,0.111111,0.222222,2.5649493574615367,2.5649493574615367,12,1.0,12,1,1
DB12086,Oxitropium,68,68,1,6.361759558823529,3.33333,50.0,8.535934453686224,1.1022659852941177,1.40514,0.032147725,0.0232558,0.116279,4.23410650459726,4.23410650459726,41,0.6029411764705882,53,1,1
DB12091,Gadolinium,694,694,1,4.351098693083573,2.5,30.0,4.636440559840082,0.8616418917867436,1.41371,0.008446335187319885,0.00258398,0.742894,6.543911845564792,6.543911845564792,409,0.5893371757925072,549,1,1
DB12116,Epigallocatechin gallate,1,1,1,5.0,5.0,5.0,,0.974679,0.974679,0.5,0.5,0.5,0.6931471805599453,0.6931471805599453,1,1.0,1,1,1
DB12127,Sultamicillin,337,337,1,4.47470962611276,2.85714,30.0,4.450995439145945,0.9912910474777449,1.41133,0.014067473204747775,0.00740741,0.0888889,5.823045895483019,5.823045895483019,205,0.6083086053412463,289,1,1
DB12131,Vinpocetine,351,351,1,3.796449376068376,2.0,50.0,4.634232079466455,0.9753919857549858,1.41217,0.010541307692307692,0.00526316,0.0842105,5.863631175598097,5.863631175598097,169,0.48148148148148145,278,1,1
DB12148,Menatetrenone,441,441,1,4.552192553287982,2.77778,50.0,4.832987407386498,0.9679311609977325,1.41217,0.01173170843537415,0.00526316,0.105263,6.091309882077698,6.091309882077698,279,0.6326530612244898,386,1,1
DB12153,Citicoline,204,204,1,4.745206852941177,2.5,40.0,5.117939022998565,1.0092195490196079,1.41028,0.018171900980392158,0.010101,0.0707071,5.3230099791384085,5.3230099791384085,119,0.5833333333333334,170,1,1
DB12172,Nimorazole,2,2,1,12.5,12.5,20.0,10.606601717798213,1.06458,1.06458,0.5,0.5,0.666667,1.0986122886681098,1.0986122886681098,2,1.0,2,1,1
DB12176,Tricaprylin,54,54,1,6.839946851851852,5.0,20.0,4.556892991815773,1.1286935925925927,1.39244,0.07716054444444444,0.0555556,0.166667,4.007333185232471,4.007333185232471,48,0.8888888888888888,53,1,1
DB12221,Canrenone,320,320,1,3.087639025,1.639785,60.0,5.1442716144537055,0.87810509375,1.41309,0.009365994125,0.00288184,0.100865,5.771441123130016,5.771441123130016,127,0.396875,196,1,1
DB12230,Bunazosin,152,152,1,5.346711506578948,3.33333,30.0,5.308334476904765,1.035973769736842,1.40793,0.02663411381578948,0.016129,0.0967742,5.030437921392435,5.030437921392435,102,0.6710526315789473,135,1,1
DB12248,Tulobuterol,1042,1042,1,2.7779883272552786,1.53846,40.0,3.522122697352358,0.8363211708253359,1.41388,0.003659289752399232,0.00170794,0.0717336,6.949856455000773,6.949856455000773,388,0.3723608445297505,695,1,1
DB12257,Platinum,97,97,1,6.243040536082474,3.63636,90.0,10.197116790624532,1.0661558041237114,1.4088,0.023339075257731958,0.0138889,0.125,4.584967478670572,4.584967478670572,69,0.711340206185567,80,1,1
DB12277,Polihexanide,8,8,1,11.875,10.0,20.0,7.039429765866794,1.1584475,1.31339,0.34375,0.25,0.5,2.1972245773362196,2.1972245773362196,8,1.0,8,1,1
DB12278,Propiverine,828,828,1,3.176093706521739,1.81073,40.0,3.717092274178192,0.8750641847826086,1.41362,0.004849496316425121,0.00153846,0.0538462,6.720220155135295,6.720220155135295,360,0.43478260869565216,602,1,1
DB12293,Nefopam,1234,1234,1,2.6639887504051862,1.38889,30.0,3.4757730014030987,0.823816053484603,1.41395,0.0030995516474878445,0.00135777,0.0712831,7.118826249062078,7.118826249062078,426,0.34521880064829824,745,1,1
DB12313,Dopexamine,6,6,1,7.777776666666667,10.0,10.0,3.442653584621413,1.1015278333333334,1.33417,0.26666666666666666,0.2,0.4,1.9459101490553132,1.9459101490553132,6,1.0,6,1,1
DB12319,Benzbromarone,892,892,1,3.190493119955157,2.0,20.0,3.3394484795554042,0.8714910257847533,1.4137,0.00459522956278027,0.00263852,0.0804749,6.794586580876499,6.794586580876499,410,0.45964125560538116,671,1,1
DB12343,Temocillin,16,16,1,6.7395825,7.5,10.0,3.4442493054045897,1.2047518125,1.36473,0.1328125,0.125,0.25,2.833213344056216,2.833213344056216,15,0.9375,16,1,1
DB12401,Bromperidol,230,230,1,4.053366782608696,2.22222,35.0,4.751406980856869,0.9888882826086955,1.41115,0.014481335652173914,0.00787402,0.0708661,5.442417710521793,5.442417710521793,117,0.508695652173913,182,1,1
DB12403,Samarium,16,16,1,4.7031245625,4.166665,10.0,3.1338903539683276,1.0959090625,1.38969,0.078125,0.0625,0.1875,2.833213344056216,2.833213344056216,12,0.75,15,1,1
DB12407,Iobitridol,154,154,1,5.199778824675325,3.33333,20.0,4.5001497012773415,1.00900387012987,1.40873,0.027345890259740258,0.0140845,0.267606,5.043425116919247,5.043425116919247,103,0.6688311688311688,131,1,1
DB12418,Saccharin,48,48,1,13.365574375,10.0,40.0,10.7282738333608,0.9672035,1.3784,0.2159089,0.2272725,0.363636,3.8918202981106265,3.8918202981106265,45,0.9375,48,1,1
DB12444,Theanine,19,19,1,6.555137894736842,5.0,20.0,4.843442473842085,1.1487228947368422,1.3784,0.1100478157894737,0.0909091,0.181818,2.995732273553991,2.995732273553991,15,0.7894736842105263,18,1,1
DB12465,Ketanserin,13,13,1,7.014651538461539,10.0,10.0,3.541696188506401,1.208443076923077,1.33417,0.2,0.2,0.2,2.6390573296152584,2.6390573296152584,11,0.8461538461538461,13,1,1
DB12474,Lynestrenol,193,193,1,5.257645849740933,3.33333,60.0,6.133834632742219,1.0595576683937824,1.40895,0.020935427461139897,0.0135135,0.0810811,5.267858159063328,5.267858159063328,122,0.6321243523316062,161,1,1
DB12478,Piribedil,523,523,1,3.8388533193116636,2.0,40.0,5.062597024717098,0.8866019579349905,1.41319,0.007753851166347993,0.00526316,0.102632,6.261491684321042,6.261491684321042,258,0.4933078393881453,379,1,1
DB12481,Barium,111,111,1,3.9385682612612616,2.45614,20.0,3.979785727380679,0.9803469639639639,1.41011,0.02380272072072072,0.0105263,0.368421,4.718498871295094,4.718498871295094,60,0.5405405405405406,91,1,1
DB12487,Promestriene,99,99,1,4.212522686868686,3.33333,20.0,3.601449744085679,1.0675054444444443,1.40514,0.031947363636363635,0.0232558,0.116279,4.605170185988092,4.605170185988092,57,0.5757575757575758,89,1,1
DB12523,Mizolastine,136,136,1,6.160533544117648,3.33333,50.0,7.622252060535673,1.0449338529411765,1.40934,0.02095588235294118,0.0125,0.075,4.919980925828125,4.919980925828125,86,0.6323529411764706,118,1,1
DB12525,Molgramostim,8,8,1,10.10416625,5.0,40.0,12.395896118288432,1.179285,1.36473,0.171875,0.125,0.5,2.1972245773362196,2.1972245773362196,8,1.0,8,1,1
DB12545,Indobufen,39,39,1,4.505055948717948,3.33333,20.0,3.8747586117672235,1.0964253846153846,1.39792,0.051282074358974354,0.0416667,0.125,3.6888794541139363,3.6888794541139363,26,0.6666666666666666,36,1,1
DB12553,Fluocinolone,899,899,1,4.341076131256952,2.5,80.0,5.3817332560778945,0.9569124416017797,1.41338,0.0050945053281423805,0.0021322,0.0703625,6.802394763324311,6.802394763324311,513,0.5706340378197998,734,1,1
DB12554,Mebeverine,949,949,1,3.1233829936775552,1.42857,90.0,5.794873840803363,0.832779258166491,1.41382,0.004026294847207587,0.00203459,0.0559512,6.856461984594587,6.856461984594587,330,0.34773445732349845,603,1,1
DB12583,Maltodextrin,18,18,1,6.037697777777778,3.33333,20.0,5.842382062075823,1.1132448888888888,1.34784,0.18518544444444446,0.166667,0.333333,2.9444389791664403,2.9444389791664403,13,0.7222222222222222,18,1,1
DB12661,Urapidil,1535,1535,1,2.771355345928339,1.46667,60.0,3.939055576906003,0.8073710157003257,1.414,0.0026819259114006515,0.00108108,0.0837838,7.336936913707618,7.336936913707618,562,0.36612377850162864,997,1,1
DB12710,Perazine,324,324,1,3.8354298549382717,2.0,60.0,5.134134658475051,0.9247364228395062,1.41215,0.013129526203703704,0.00529101,0.164021,5.783825182329737,5.783825182329737,160,0.49382716049382713,251,1,1
DB12751,Malic acid,42,42,1,6.992565833333334,4.5,70.0,11.283802614361681,1.069695238095238,1.39642,0.07359305714285715,0.0454545,0.318182,3.7612001156935624,3.7612001156935624,33,0.7857142857142857,40,1,1
DB12766,Cicletanine,63,63,1,5.378780365079365,3.63636,20.0,4.308046351407365,1.065325492063492,1.40238,0.04569503174603175,0.030303,0.121212,4.1588830833596715,4.1588830833596715,47,0.746031746031746,59,1,1
DB12768,BCG vaccine,281,281,1,6.886953722419928,5.0,125.0,10.791454098705348,1.0437440676156584,1.41155,0.013796121423487543,0.00684932,0.246575,5.641907070938114,5.641907070938114,202,0.7188612099644128,243,1,1
DB12783,Benserazide,1479,1479,1,2.8705336572008116,1.42857,60.0,3.9915444695101794,0.7998473424611223,1.41401,0.0027624530358350235,0.00105764,0.0666314,7.299797366758161,7.299797366758161,529,0.35767410412440837,940,1,1
DB12787,Norethandrolone,33,33,1,7.031024242424242,5.0,20.0,4.859197842191928,1.161222484848485,1.38142,0.10353538787878788,0.0833333,0.25,3.5263605246161616,3.5263605246161616,27,0.8181818181818182,33,1,1
DB12789,Dinoprost,55,55,1,5.6133607272727275,5.0,20.0,4.017215697490754,1.1442114727272727,1.38969,0.07613636363636364,0.0625,0.25,4.02535169073515,4.02535169073515,44,0.8,53,1,1
DB12832,Prednimustine,3,3,1,5.0,2.5,10.0,4.330127018922194,1.0960773333333333,1.31339,0.25,0.25,0.25,1.3862943611198906,1.3862943611198906,3,1.0,3,1,1
DB12834,Secnidazole,16,16,1,6.95982125,5.0,20.0,5.19150804966582,1.1348376249999998,1.38397,0.1009615125,0.0769231,0.230769,2.833213344056216,2.833213344056216,14,0.875,15,1,1
DB12846,Reproterol,37,37,1,6.849215702702703,3.33333,30.0,6.617877528463794,1.1767979189189188,1.39244,0.0645646,0.0555556,0.166667,3.6375861597263857,3.6375861597263857,27,0.7297297297297297,35,1,1
DB12862,Glucose oxidase,82,82,1,5.104271963414634,5.0,20.0,3.490162642426215,1.1050696829268292,1.39792,0.0548780768292683,0.0416667,0.166667,4.418840607796598,4.418840607796598,64,0.7804878048780488,77,1,1
DB12867,Benperidol,115,115,1,6.457711756521739,3.33333,70.0,9.732257101563388,1.0479828608695652,1.40712,0.03114624086956522,0.0181818,0.145455,4.7535901911063645,4.7535901911063645,69,0.6,100,1,1
DB12877,Oxatomide,384,384,1,4.239781755208333,2.5,30.0,4.655620662290147,0.9644261380208333,1.41244,0.010037879557291667,0.00454545,0.1,5.953243334287785,5.953243334287785,212,0.5520833333333334,314,1,1
DB12902,Trofosfamide,4,4,1,14.166667499999999,7.5,40.0,17.559422130456298,1.157015,1.37032,0.19444424999999999,0.111111,0.444444,1.6094379124341003,1.6094379124341003,3,0.75,4,1,1
DB12909,Factor XIII (human),65,65,1,5.576068246153846,5.0,15.0,3.7713202407391724,1.111315353846154,1.40554,0.030769209230769232,0.0222222,0.0888889,4.189654742026425,4.189654742026425,51,0.7846153846153846,62,1,1
DB12926,Cafedrine,9,9,1,3.029097777777778,3.33333,3.33333,0.660448175593244,1.0133622222222223,1.02875,0.25,0.25,0.25,2.302585092994046,2.302585092994046,8,0.8888888888888888,9,1,1
DB12927,Theodrenaline,2,2,1,12.5,12.5,20.0,10.606601717798213,1.1068,1.1068,0.375,0.375,0.5,1.0986122886681098,1.0986122886681098,2,1.0,2,1,1
DB12930,Opipramol,700,700,1,3.75214711,2.0,80.0,5.10136842132316,0.904834967142857,1.41336,0.006104466928571428,0.00220264,0.0881057,6.55250788703459,6.55250788703459,336,0.48,517,1,1
DB12942,Lactitol,462,462,1,3.6745240562770562,1.9433500000000001,50.0,5.149609514067066,0.9182591147186147,1.41284,0.00880333012987013,0.00353357,0.0812721,6.137727054086234,6.137727054086234,214,0.46320346320346323,328,1,1
DB12944,Phloroglucinol,1127,1127,1,3.346141371783496,1.66667,70.0,5.086206336386143,0.8386438491570541,1.41386,0.0038769549254658387,0.00181488,0.0725953,7.028201432058005,7.028201432058005,490,0.43478260869565216,783,1,1
DB12945,Dihydralazine,265,265,1,5.879756905660378,2.5,70.0,9.186884461319648,0.971620396226415,1.41151,0.015146749283018868,0.00694444,0.111111,5.583496308781699,5.583496308781699,137,0.5169811320754717,216,1,1
DB12954,Terizidone,89,89,1,5.489822191011236,2.5,30.0,6.607725754296372,1.0219900337078653,1.40514,0.04128558651685393,0.0232558,0.209302,4.499809670330265,4.499809670330265,46,0.5168539325842697,62,1,1
DB12958,Prothipendyl,547,547,1,3.0627981188299818,1.66667,60.0,4.014126211086623,0.886304575868373,1.4134,0.00687552436928702,0.002079,0.12474,6.306275286948016,6.306275286948016,238,0.4351005484460695,371,1,1
DB13003,Cortivazol,113,113,1,5.581910159292035,3.33333,30.0,5.66001242430309,1.060316203539823,1.40812,0.024889380530973452,0.015625,0.09375,4.736198448394496,4.736198448394496,76,0.672566371681416,101,1,1
DB13014,Hypericin,70,70,1,5.216666171428571,3.33333,20.0,4.61901014444886,1.0934676857142858,1.38804,0.08857142142857143,0.0666667,0.266667,4.2626798770413155,4.2626798770413155,49,0.7,63,1,1
DB13025,Tiapride,662,662,1,3.9351283534743207,2.22222,50.0,4.810996809485112,0.8976599033232628,1.41317,0.007964849984894261,0.0026738,0.0882353,6.4967749901858625,6.4967749901858625,348,0.525679758308157,528,1,1
DB13026,Ornidazole,225,225,1,4.880368306666667,2.85714,30.0,5.372085236293866,1.0030183377777777,1.41107,0.014982072355555556,0.00806452,0.0806452,5.420534999272286,5.420534999272286,129,0.5733333333333334,183,1,1
DB13064,Tramazoline,20,20,1,4.741666,3.33333,10.0,2.905668726565548,1.15591545,1.38397,0.080769245,0.0769231,0.153846,3.044522437723423,3.044522437723423,17,0.85,20,1,1
DB13091,Tiropramide,14,14,1,5.304730071428572,3.33333,10.0,3.768398009586495,1.1614515714285716,1.3784,0.09740259285714285,0.0909091,0.181818,2.70805020110221,2.70805020110221,11,0.7857142857142857,12,1,1
DB13092,Meclocycline,28,28,1,7.041666428571429,5.0,20.0,4.095974559563839,1.1463160000000001,1.33417,0.2285714285714286,0.2,0.4,3.367295829986474,3.367295829986474,25,0.8928571428571429,28,1,1
DB13124,Troxerutin,481,481,1,4.293281698544699,2.5,50.0,5.620487872311654,0.9602533513513514,1.41263,0.008918492162162162,0.00408163,0.0693878,6.1779441140506,6.1779441140506,256,0.5322245322245323,374,1,1
DB13136,Fluindione,2455,2455,1,2.2737105030549896,1.2,60.0,3.312964529522943,0.7237457578818737,1.41415,0.0017728948725050917,0.000305157,0.162496,7.806289289267033,7.806289289267033,732,0.29816700610997965,1392,1,1
DB13144,Lenograstim,1304,1304,1,2.880167382668712,1.60494,30.0,3.394025672221911,0.806193954601227,1.41398,0.0037668932914110428,0.00119689,0.132855,7.173958319756794,7.173958319756794,517,0.3964723926380368,889,1,1
DB13151,Anti-inhibitor coagulant complex,366,366,1,4.802323396174863,2.0,100.0,8.482478881347564,0.9296570601092896,1.41344,0.006055384781420765,0.00198413,0.111111,5.905361848054571,5.905361848054571,180,0.4918032786885246,258,1,1
DB13156,Inosine pranobex,66,66,1,5.760299151515152,5.0,20.0,4.461664151976904,1.127330984848485,1.40161,0.04252201363636364,0.0322581,0.129032,4.204692619390966,4.204692619390966,48,0.7272727272727273,57,1,1
DB13158,Clobetasone,302,302,1,4.46550690397351,2.5,70.0,6.806109685671854,0.9801182417218542,1.41248,0.009654152947019868,0.00444444,0.0888889,5.713732805509369,5.713732805509369,155,0.5132450331125827,218,1,1
DB13163,Terpin hydrate,5,5,1,7.666666000000001,10.0,10.0,3.2489325597463545,1.215144,1.31339,0.25,0.25,0.25,1.791759469228055,1.791759469228055,5,1.0,5,1,1
DB13166,Zofenopril,296,296,1,4.470845165540541,2.5,20.0,4.457792646174623,1.0172562432432433,1.41199,0.01084942972972973,0.00571429,0.0685714,5.6937321388027,5.6937321388027,168,0.5675675675675675,233,1,1
DB13169,Nandrolone,343,343,1,5.253214320699708,2.85714,57.5,6.560575953084333,1.0013859271137027,1.41201,0.010871177084548106,0.00564972,0.129944,5.840641657373398,5.840641657373398,206,0.6005830903790087,286,1,1
DB13178,Inositol,111,111,1,4.422520972972973,3.33333,20.0,3.9035097080452457,1.0898984594594594,1.40554,0.029629606306306306,0.0222222,0.111111,4.718498871295094,4.718498871295094,70,0.6306306306306306,99,1,1
DB13179,Troleandomycin,9,9,1,11.666666666666666,10.0,30.0,8.333333500000165,1.123250888888889,1.37477,0.16666666666666666,0.2,0.3,2.302585092994046,2.302585092994046,9,1.0,9,1,1
DB13200,Lipegfilgrastim,24,24,1,6.591329583333334,5.0,30.0,6.202577318430502,1.0662610416666667,1.38616,0.11011906666666667,0.0714286,0.285714,3.2188758248682006,3.2188758248682006,20,0.8333333333333334,24,1,1
DB13203,Bamifylline,341,341,1,5.1242673313783,3.33333,40.0,5.566562491856448,0.9360117448680352,1.41209,0.016233192961876832,0.010929,0.284153,5.834810737062605,5.834810737062605,231,0.6774193548387096,306,1,1
DB13209,Bismuth subnitrate,16,16,1,5.190475,4.642855,10.0,3.074583835194611,1.1412482499999999,1.37032,0.124999875,0.111111,0.333333,2.833213344056216,2.833213344056216,13,0.8125,16,1,1
DB13210,Sodium chlorite,4,4,1,10.0,7.5,20.0,7.0710678118654755,1.03204925,1.20416,0.625,0.5,1.0,1.6094379124341003,1.6094379124341003,4,1.0,4,1,1
DB13216,Oxolamine,24,24,1,4.39748625,2.5,10.0,3.4444308969518653,1.1392066250000001,1.37032,0.111111,0.111111,0.111111,3.2188758248682006,3.2188758248682006,16,0.6666666666666666,24,1,1
DB13220,Ferrous aspartate,2,2,1,6.666665,6.666665,10.0,4.714047564932921,1.130606,1.27802,0.333333,0.333333,0.333333,1.0986122886681098,1.0986122886681098,2,1.0,2,1,1
DB13225,Dibenzepin,3,3,1,8.333333333333334,10.0,10.0,2.8867513459481287,1.26657,1.33417,0.20000000000000004,0.2,0.2,1.3862943611198906,1.3862943611198906,3,1.0,3,1,1
DB13227,Tribenoside,67,67,1,5.987532119402985,4.0,30.0,5.286397200750663,1.161372910447761,1.39792,0.04912937611940299,0.0416667,0.125,4.219507705176107,4.219507705176107,50,0.746268656716418,61,1,1
DB13231,Calcium lactate,650,650,1,3.290956169230769,2.0,40.0,3.8630929854355642,0.8972671261538461,1.41332,0.006490605938461538,0.00230415,0.078341,6.478509642208569,6.478509642208569,287,0.44153846153846155,476,1,1
DB13237,Clofoctol,7,7,1,8.571428571428571,10.0,10.0,2.4397501823713332,1.2543642857142856,1.31339,0.25,0.25,0.25,2.0794415416798357,2.0794415416798357,7,1.0,7,1,1
DB13249,Magnesium silicate,18,18,1,6.3043714444444445,5.0,20.0,4.986838048365732,1.1756505000000002,1.38142,0.0925926,0.0833333,0.166667,2.9444389791664403,2.9444389791664403,13,0.7222222222222222,17,1,1
DB13252,Tropatepine,256,256,1,5.1873326171875,3.33333,40.0,5.472543794026711,1.01102496875,1.41071,0.01664554375,0.00900901,0.0990991,5.54907608489522,5.54907608489522,164,0.640625,219,1,1
DB13256,Clothiapine,342,342,1,3.9873447690058477,2.320785,30.0,4.63477415065794,0.9436789853801171,1.41252,0.010806003713450292,0.00434783,0.104348,5.8377304471659395,5.8377304471659395,176,0.5146198830409356,256,1,1
DB13259,Ethyl chloride,60,60,1,4.826559566666666,3.33333,20.0,3.9714601779424514,1.1176617,1.39974,0.045061695,0.037037,0.111111,4.110873864173311,4.110873864173311,42,0.7,55,1,1
DB13260,Lysozyme,252,252,1,4.041132515873016,2.5,20.0,3.7425780255223033,0.9716498452380953,1.41164,0.014191105873015872,0.00662252,0.145695,5.53338948872752,5.53338948872752,152,0.6031746031746031,208,1,1
DB13266,Cefatrizine,30,30,1,4.6431267,3.33333,20.0,4.255259263055113,1.1172816333333335,1.38969,0.07083333333333333,0.0625,0.125,3.4339872044851463,3.4339872044851463,19,0.6333333333333333,26,1,1
DB13273,Sultopride,648,648,1,4.507189452160494,2.5,40.0,5.199772845188084,0.9445451790123457,1.41288,0.008075431882716049,0.00684932,0.0753425,6.47543271670409,6.47543271670409,391,0.6033950617283951,539,1,1
DB13281,Bromelains,171,171,1,4.644271812865497,2.85714,20.0,4.521604659874062,1.040645514619883,1.40749,0.027727380116959063,0.0172414,0.137931,5.147494476813453,5.147494476813453,102,0.5964912280701754,144,1,1
DB13293,Ipecac,6,6,1,8.888888333333334,10.0,10.0,2.721656630586722,1.227906,1.34784,0.19444466666666668,0.166667,0.333333,1.9459101490553132,1.9459101490553132,6,1.0,6,1,1
DB13295,Atracurium,657,657,1,3.6832885220700153,1.81818,70.0,5.780507751747825,0.8495161171993911,1.41365,0.0059316647336377475,0.00289855,0.144928,6.489204931325317,6.489204931325317,307,0.4672754946727549,461,1,1
DB13296,Propamidine,9,9,1,5.592592222222223,5.0,10.0,3.4662173008258503,1.1265656666666668,1.37477,0.12222222222222223,0.1,0.3,2.302585092994046,2.302585092994046,8,0.8888888888888888,9,1,1
DB13297,Idrocilamide,7,7,1,10.0,10.0,20.0,5.0,1.2248514285714285,1.31339,0.2857142857142857,0.25,0.5,2.0794415416798357,2.0794415416798357,7,1.0,7,1,1
DB13306,Chlorquinaldol,7,7,1,8.809524285714286,10.0,10.0,2.089276665290782,1.2029952857142858,1.31339,0.2857142857142857,0.25,0.5,2.0794415416798357,2.0794415416798357,7,1.0,7,1,1
DB13309,Benproperine,24,24,1,5.9694115,5.0,30.0,6.266652613281228,1.1118026666666665,1.38397,0.09615382916666666,0.0769231,0.230769,3.2188758248682006,3.2188758248682006,15,0.625,23,1,1
DB13311,Trepibutone,19,19,1,10.17543842105263,10.0,20.0,5.770688734721035,1.1666727368421053,1.33417,0.2631578947368421,0.2,0.4,2.995732273553991,2.995732273553991,19,1.0,19,1,1
DB13315,Sobrerol,7,7,1,6.690476142857142,6.0,10.0,3.4965970781581546,0.9487691428571428,1.34784,0.309524,0.166667,0.5,2.0794415416798357,2.0794415416798357,6,0.8571428571428571,6,1,1
DB13322,Hydrotalcite,38,38,1,5.643758210526316,5.0,10.0,3.516108743168882,1.175137552631579,1.39359,0.0595568,0.0526316,0.157895,3.6635616461296463,3.6635616461296463,28,0.7368421052631579,36,1,1
DB13324,Tetrazepam,1270,1270,1,3.571653727559055,1.7974350000000001,60.0,4.932267143325497,0.8510847566929134,1.41386,0.0035946902283464565,0.00180018,0.0549055,7.147559271189454,7.147559271189454,568,0.44724409448818897,922,1,1
DB13345,Dihydroergocristine,236,236,1,5.061935563559322,3.33333,40.0,5.057654263568044,0.9983051398305084,1.4108,0.01691199033898305,0.00877193,0.105263,5.4680601411351315,5.4680601411351315,151,0.6398305084745762,200,1,1
DB13346,Bufexamac,51,51,1,6.2956025686274515,5.0,20.0,5.014844552094001,1.1664050588235293,1.39642,0.0534759,0.0454545,0.0909091,3.9512437185814275,3.9512437185814275,45,0.8823529411764706,50,1,1
DB13351,Piperidolate,26,26,1,12.076922307692307,7.5,100.0,19.20562630901087,1.1047048846153846,1.38969,0.11538461538461539,0.0625,0.625,3.295836866004329,3.295836866004329,23,0.8846153846153846,26,1,1
DB13352,Deanol,19,19,1,4.6541342105263155,3.33333,15.0,3.4857706314199985,1.1100087368421052,1.38142,0.09649121578947369,0.0833333,0.25,2.995732273553991,2.995732273553991,16,0.8421052631578947,19,1,1
DB13359,Magnesium aspartate,758,758,1,3.9845575593667544,2.0,60.0,5.717299245482677,0.8885437176781003,1.4134,0.006527450290237467,0.00417537,0.0668058,6.63200177739563,6.63200177739563,361,0.4762532981530343,553,1,1
DB13366,Hydrochloric acid,118,118,1,5.804092728813559,3.33333,70.0,8.093794475181792,1.078870059322034,1.40492,0.03753025677966102,0.0238095,0.190476,4.77912349311153,4.77912349311153,84,0.711864406779661,106,1,1
DB13372,Calcium alginate,50,50,1,7.41657242,5.0,50.0,7.900358787467164,1.14035306,1.38969,0.09,0.0625,0.375,3.9318256327243257,3.9318256327243257,41,0.82,46,1,1
DB13374,Vincamine,6,6,1,8.333333333333334,10.0,10.0,2.581988897471611,1.2810466666666667,1.34784,0.166667,0.166667,0.166667,1.9459101490553132,1.9459101490553132,6,1.0,6,1,1
DB13384,Melitracen,27,27,1,8.311728148148148,5.0,20.0,6.830893802024647,1.1238616296296295,1.38397,0.10826206296296297,0.0769231,0.230769,3.332204510175204,3.332204510175204,24,0.8888888888888888,27,1,1
DB13385,Dihydroergocryptine,98,98,1,5.174691295918367,5.0,20.0,4.111754258187329,1.1337839489795918,1.40366,0.033370088775510204,0.027027,0.108108,4.59511985013459,4.59511985013459,74,0.7551020408163265,90,1,1
DB13403,Oxypertine,21,21,1,4.675042190476191,3.33333,10.0,3.629886461127436,1.1305812857142858,1.38397,0.08424909047619047,0.0769231,0.153846,3.091042453358316,3.091042453358316,14,0.6666666666666666,19,1,1
DB13405,Mefruside,65,65,1,6.0711192615384615,5.0,20.0,3.736906107012246,1.1675908153846155,1.39557,0.05714281384615385,0.047619,0.142857,4.189654742026425,4.189654742026425,54,0.8307692307692308,63,1,1
DB13411,Lofepramine,397,397,1,4.651023690176322,2.22222,45.0,6.317244742742824,0.8517017783375315,1.41274,0.015361424433249369,0.00757576,0.162879,5.986452005284438,5.986452005284438,207,0.5214105793450882,308,1,1
DB13416,Sulbutiamine,17,17,1,5.392156470588236,2.5,20.0,4.987115924569958,1.1384364705882353,1.36473,0.1323529411764706,0.125,0.25,2.8903717578961645,2.8903717578961645,12,0.7058823529411765,17,1,1
DB13423,Ferric hydroxide,171,171,1,4.589535298245614,3.33333,20.0,4.248824917565099,1.0238640701754387,1.40979,0.018872919883040937,0.0113636,0.0681818,5.147494476813453,5.147494476813453,102,0.5964912280701754,132,1,1
DB13434,Fenticonazole,23,23,1,5.061593913043478,5.0,10.0,3.238052851516758,1.1524669565217391,1.37032,0.11594191304347826,0.111111,0.222222,3.1780538303479458,3.1780538303479458,20,0.8695652173913043,22,1,1
DB13437,Medazepam,98,98,1,4.316831489795918,3.33333,20.0,3.9363139830977576,1.0774370918367346,1.40514,0.031561447959183676,0.0232558,0.0930233,4.59511985013459,4.59511985013459,65,0.6632653061224489,86,1,1
DB13446,Guar gum,72,72,1,6.515354513888889,4.083335,50.0,7.533310349059325,1.0363668472222223,1.40366,0.045045040277777774,0.027027,0.135135,4.290459441148391,4.290459441148391,49,0.6805555555555556,63,1,1
DB13463,Oxetorone,142,142,1,5.329084077464788,3.33333,60.0,6.6192987842529245,1.0695025845070423,1.40803,0.02313881267605634,0.015873,0.0952381,4.962844630259907,4.962844630259907,91,0.6408450704225352,124,1,1
DB13467,Lanatoside C,21,21,1,7.36167761904762,5.0,20.0,5.421866585043295,1.2143038095238095,1.3784,0.09956709047619047,0.0909091,0.181818,3.091042453358316,3.091042453358316,18,0.8571428571428571,21,1,1
DB13470,Cefodizime,3,3,1,10.0,10.0,10.0,0.0,1.33417,1.33417,0.20000000000000004,0.2,0.2,1.3862943611198906,1.3862943611198906,3,1.0,3,1,1
DB13472,Cyclofenil,2,2,1,5.0,5.0,5.0,0.0,1.1068,1.1068,0.25,0.25,0.25,1.0986122886681098,1.0986122886681098,2,1.0,2,1,1
DB13478,Meptazinol,67,67,1,5.107113373134329,3.33333,40.0,5.9478513192728855,1.0754194925373135,1.40591,0.032073680597014924,0.0212766,0.212766,4.219507705176107,4.219507705176107,43,0.6417910447761194,55,1,1
DB13488,Bencyclane,23,23,1,5.34328652173913,3.33333,15.0,3.988486590718577,1.0650999565217392,1.35752,0.1801240434782609,0.142857,0.428571,3.1780538303479458,3.1780538303479458,17,0.7391304347826086,23,1,1
DB13492,Policresulen,5,5,1,9.0,10.0,10.0,2.23606797749979,0.8854376,0.948683,1.0,1.0,1.0,1.791759469228055,1.791759469228055,5,1.0,5,1,1
DB13509,Aloxiprin,64,64,1,5.89546103125,5.0,20.0,4.0474177206598325,1.16094784375,1.38616,0.08147321874999999,0.0714286,0.142857,4.174387269895637,4.174387269895637,53,0.828125,63,1,1
DB13510,Buflomedil,740,740,1,3.844154295945946,2.0,70.0,5.570700258246324,0.8888582459459459,1.41354,0.0054757876216216216,0.00347222,0.0711806,6.608000625296087,6.608000625296087,355,0.4797297297297297,546,1,1
DB13511,Clebopride,9,9,1,6.425925555555556,5.0,20.0,5.58713271364461,1.0678697777777777,1.36473,0.18055555555555555,0.125,0.5,2.302585092994046,2.302585092994046,8,0.8888888888888888,9,1,1
DB13515,Levomethadone,16,16,1,6.7621525,8.75,10.0,3.6608819646719017,1.2005906875,1.37032,0.124999875,0.111111,0.333333,2.833213344056216,2.833213344056216,14,0.875,16,1,1
DB13518,Alginic acid,769,769,1,3.49979388556567,2.0,60.0,4.62810311435176,0.8878315448634589,1.41348,0.005851755760728218,0.00189394,0.092803,6.646390514847729,6.646390514847729,355,0.4616384915474642,567,1,1
DB13523,Veralipride,31,31,1,8.090333870967742,10.0,20.0,5.67903589387182,1.1516300322580644,1.38616,0.0967741806451613,0.0714286,0.214286,3.4657359027997265,3.4657359027997265,28,0.9032258064516129,31,1,1
DB13524,Propyphenazone,33,33,1,7.078708636363636,5.0,20.0,5.434687820738773,1.1845375151515152,1.38142,0.09595961818181818,0.0833333,0.166667,3.5263605246161616,3.5263605246161616,25,0.7575757575757576,32,1,1
DB13527,Proglumetacin,9,9,1,9.11111111111111,6.66667,30.0,8.384840984379853,1.1712193333333334,1.37032,0.148148,0.111111,0.333333,2.302585092994046,2.302585092994046,8,0.8888888888888888,9,1,1
DB13528,Chlormadinone,569,569,1,3.84162490685413,2.0,70.0,5.50143598641131,0.9194254797891037,1.41315,0.006943685500878735,0.0027248,0.0708447,6.345636360828596,6.345636360828596,277,0.4868189806678383,429,1,1
DB13529,Dobesilic acid,135,135,1,4.198938392592592,2.0,20.0,4.344779392382793,1.0578501481481482,1.40812,0.02175925925925926,0.015625,0.078125,4.912654885736052,4.912654885736052,66,0.4888888888888889,107,1,1
DB13530,Mepindolol,3,3,1,10.0,10.0,10.0,0.0,1.1594163333333334,1.31339,0.3333333333333333,0.25,0.5,1.3862943611198906,1.3862943611198906,3,1.0,3,1,1
DB13532,Cyclopenthiazide,14,14,1,6.573128571428571,4.166665,20.0,5.310065992737621,1.1912985714285715,1.37477,0.10714285714285714,0.1,0.2,2.70805020110221,2.70805020110221,11,0.7857142857142857,14,1,1
DB13544,Ethenzamide,22,22,1,6.037534272727272,4.166665,20.0,4.75652730818563,1.1187607272727274,1.38616,0.0909091,0.0714286,0.214286,3.1354942159291497,3.1354942159291497,17,0.7727272727272727,20,1,1
DB13564,Zipeprol,1,1,1,10.0,10.0,10.0,,1.31339,1.31339,0.25,0.25,0.25,0.6931471805599453,0.6931471805599453,1,1.0,1,1,1
DB13569,Ferrous chloride,6,6,1,5.333333333333333,4.166665,10.0,3.8005844579783603,1.1362961666666667,1.33417,0.20000000000000004,0.2,0.2,1.9459101490553132,1.9459101490553132,4,0.6666666666666666,6,1,1
DB13574,Heptaminol,434,434,1,4.506283585253456,2.69697,50.0,5.237642187443077,0.9208166152073732,1.41243,0.011710990783410138,0.00917431,0.0963303,6.075346031088684,6.075346031088684,253,0.5829493087557603,350,1,1
DB13582,Ferric (59Fe) citrate,16,16,1,7.1875,8.333335,10.0,3.071298072778566,1.2482728125,1.38397,0.08173078125,0.0769231,0.153846,2.833213344056216,2.833213344056216,16,1.0,16,1,1
DB13583,Mephenesin,39,39,1,6.735208256410256,5.0,30.0,5.221464380969806,1.1761015384615383,1.38397,0.09072977692307692,0.0769231,0.230769,3.6888794541139363,3.6888794541139363,31,0.7948717948717948,37,1,1
DB13584,Gallamine,9,9,1,7.969135555555555,10.0,20.0,5.794654521658541,1.064708,1.37477,0.16666666666666666,0.1,0.4,2.302585092994046,2.302585092994046,8,0.8888888888888888,9,1,1
DB13591,Metopimazine,537,537,1,3.5182677672253257,1.66667,90.0,6.149547551767494,0.8670712662942273,1.41335,0.00708381530726257,0.00445434,0.0757238,6.2878585601617845,6.2878585601617845,214,0.3985102420856611,368,1,1
DB13601,Oxiracetam,34,34,1,6.3631265,3.33333,30.0,6.166639570243101,1.129247705882353,1.39359,0.06811147647058824,0.0526316,0.157895,3.5553480614894135,3.5553480614894135,25,0.7352941176470589,33,1,1
DB13602,Promegestone,24,24,1,12.399305416666666,10.0,40.0,10.454553809766962,1.1764038333333333,1.39115,0.09313725,0.0588235,0.235294,3.2188758248682006,3.2188758248682006,19,0.7916666666666666,24,1,1
DB13606,Phenazocine,5,5,1,14.666666000000001,10.0,30.0,10.434984800074218,1.182002,1.33417,0.32,0.2,0.6,1.791759469228055,1.791759469228055,5,1.0,5,1,1
DB13618,Ipriflavone,70,70,1,5.749208957142858,5.0,30.0,4.782662842306882,1.1547094142857142,1.39792,0.05059526857142857,0.0416667,0.166667,4.2626798770413155,4.2626798770413155,53,0.7571428571428571,61,1,1
DB13619,Bornaprine,8,8,1,11.3125,10.0,30.0,9.369164850721754,1.1043595,1.35752,0.23214262500000002,0.21428550000000002,0.428571,2.1972245773362196,2.1972245773362196,8,1.0,8,1,1
DB13620,Potassium gluconate,686,686,1,3.607354250728863,2.0,40.0,4.032128086715315,0.9295673877551021,1.41302,0.00768333666180758,0.00307692,0.0707692,6.532334292222349,6.532334292222349,339,0.49416909620991256,555,1,1
DB13624,Methoxyphenamine,16,16,1,6.609374375,5.0,20.0,4.8041960312778915,1.188739375,1.36473,0.1328125,0.125,0.25,2.833213344056216,2.833213344056216,14,0.875,16,1,1
DB13642,Pridinol,58,58,1,6.475449827586207,5.0,20.0,4.32235495701067,1.183661551724138,1.38969,0.07219827586206896,0.0625,0.125,4.07753744390572,4.07753744390572,49,0.8448275862068966,58,1,1
DB13648,Alcuronium,5,5,1,8.5,10.0,10.0,3.3541019662496847,1.2481962000000002,1.31339,0.25,0.25,0.25,1.791759469228055,1.791759469228055,5,1.0,5,1,1
DB13655,Nikethamide,18,18,1,6.143518333333334,5.0,10.0,3.675769238825672,1.1651015555555555,1.36473,0.1388888888888889,0.125,0.25,2.9444389791664403,2.9444389791664403,15,0.8333333333333334,18,1,1
DB13657,Benorilate,11,11,1,7.909090909090909,10.0,10.0,3.015113445777636,1.2077205454545454,1.37032,0.131313,0.111111,0.222222,2.4849066497880004,2.4849066497880004,10,0.9090909090909091,11,1,1
DB13679,Dexchlorpheniramine,1771,1771,1,2.461508863354037,1.25,40.0,3.5381060878378365,0.78534137526821,1.41407,0.002346570378317335,0.000759878,0.0805471,7.4798641311650265,7.4798641311650265,547,0.30886504799548276,1061,1,1
DB13680,Naftazone,48,48,1,5.4777611041666665,4.166665,20.0,4.007012551463307,1.1508674583333334,1.38969,0.07291666666666667,0.0625,0.25,3.8918202981106265,3.8918202981106265,39,0.8125,47,1,1
DB13682,Cefpirome,267,267,1,5.010284838951311,3.33333,33.3333,4.721621382012352,0.9819974307116104,1.41122,0.017689423333333332,0.00769231,0.2,5.5909869805108565,5.5909869805108565,177,0.6629213483146067,229,1,1
DB13687,Niaprazine,15,15,1,6.633333333333334,6.66667,10.0,3.4813563539941215,1.2005924000000001,1.36473,0.13333333333333333,0.125,0.25,2.772588722239781,2.772588722239781,13,0.8666666666666667,15,1,1
DB13689,Tacalcitol,50,50,1,6.49401472,5.0,20.0,4.397892379201684,1.1622675,1.39974,0.048148118000000004,0.037037,0.185185,3.9318256327243257,3.9318256327243257,42,0.84,48,1,1
DB13693,Sulbenicillin,9,9,1,6.703703333333333,5.0,10.0,3.2721236119835084,1.1335425555555556,1.27802,0.333333,0.333333,0.333333,2.302585092994046,2.302585092994046,8,0.8888888888888888,9,1,1
DB13694,Distigmine,483,483,1,3.5127133540372673,2.0,20.0,3.829455550801289,0.9305528716356108,1.41299,0.008085633188405798,0.00315457,0.0820189,6.182084906716632,6.182084906716632,235,0.4865424430641822,355,1,1
DB13698,Ferrous carbonate,14,14,1,7.452380714285715,10.0,10.0,3.2174929626328255,1.2406442857142859,1.38142,0.09523806428571428,0.0833333,0.25,2.70805020110221,2.70805020110221,13,0.9285714285714286,13,1,1
DB13704,Pristinamycin,806,806,1,3.335511047146402,1.66667,100.0,5.5328871110260325,0.8490078089330025,1.41371,0.005321844131513647,0.00258398,0.0891473,6.693323668269949,6.693323668269949,337,0.41811414392059554,543,1,1
DB13724,Nifuratel,3,3,1,5.277776666666667,3.33333,10.0,4.110736506957522,1.1347366666666667,1.33417,0.20000000000000004,0.2,0.2,1.3862943611198906,1.3862943611198906,3,1.0,3,1,1
DB13731,Butamirate,13,13,1,5.0986231538461535,4.44444,10.0,3.6378992167917885,1.1386957692307693,1.38616,0.0879120923076923,0.0714286,0.285714,2.6390573296152584,2.6390573296152584,9,0.6923076923076923,12,1,1
DB13732,Meglumine antimoniate,18,18,1,13.296296111111111,10.0,40.0,10.080161833290727,1.1477117777777779,1.37477,0.18333333333333335,0.1,0.4,2.9444389791664403,2.9444389791664403,18,1.0,18,1,1
DB13736,Fenoxazoline,39,39,1,5.618131794871795,5.0,20.0,3.9281844210886447,1.1525664871794872,1.38969,0.07211538461538461,0.0625,0.125,3.6888794541139363,3.6888794541139363,31,0.7948717948717948,38,1,1
DB13749,Magnesium gluconate,582,582,1,4.17771183676976,2.5,40.0,4.4930209616641115,0.9691841357388316,1.41236,0.010366544037800688,0.0047619,0.133333,6.368187186350492,6.368187186350492,320,0.5498281786941581,483,1,1
DB13751,Glycyrrhizic acid,188,188,1,5.1208676436170215,3.33333,40.0,5.518292915815881,1.0114820159574467,1.40934,0.02340425531914894,0.0125,0.125,5.241747015059643,5.241747015059643,120,0.6382978723404256,157,1,1
DB13758,Meclofenoxate,19,19,1,6.873433684210526,5.0,10.0,3.235487937787592,1.2493547368421052,1.37477,0.1,0.1,0.1,2.995732273553991,2.995732273553991,17,0.8947368421052632,19,1,1
DB13783,Acemetacin,418,418,1,3.904651318181818,2.5,20.0,3.8735192289939433,0.9667432392344498,1.41247,0.00917244028708134,0.00448431,0.058296,6.037870919922137,6.037870919922137,224,0.5358851674641149,326,1,1
DB13786,Magnesium orotate,7,7,1,7.380951428571429,10.0,10.0,3.313434015269901,1.2254785714285714,1.33417,0.2,0.2,0.2,2.0794415416798357,2.0794415416798357,7,1.0,7,1,1
DB13787,Tilidine,727,727,1,3.7601087909215956,2.0,40.0,4.44257139949267,0.9179196519944979,1.41342,0.005572244442916093,0.00204082,0.0795918,6.590301048196686,6.590301048196686,350,0.4814305364511692,557,1,1
DB13791,Penfluridol,29,29,1,5.641301931034483,3.33333,20.0,5.365531555085127,1.1632799310344828,1.39557,0.05254511379310345,0.047619,0.0952381,3.4011973816621555,3.4011973816621555,19,0.6551724137931034,27,1,1
DB13792,Clopamide,57,57,1,6.25454398245614,5.0,20.0,4.854013981496053,1.1838220350877193,1.3972,0.04958050350877193,0.0434783,0.0869565,4.060443010546419,4.060443010546419,41,0.7192982456140351,54,1,1
DB13793,Vinburnine,32,32,1,7.8489578125,10.0,20.0,4.514882217902675,1.189369625,1.3784,0.11079542187500001,0.0909091,0.181818,3.4965075614664802,3.4965075614664802,31,0.96875,32,1,1
DB13803,Xipamide,671,671,1,3.751855168405365,2.0,50.0,4.525217439389069,0.9074059538002981,1.41344,0.006912071535022354,0.002,0.23,6.51025834052315,6.51025834052315,329,0.4903129657228018,489,1,1
DB13813,Iodoform,15,15,1,11.0,10.0,20.0,5.448168616135413,1.1810173999999998,1.36473,0.18333333333333332,0.125,0.375,2.772588722239781,2.772588722239781,15,1.0,15,1,1
DB13831,Potassium permanganate,52,52,1,5.983978134615384,4.5,20.0,4.996861039585258,1.1207850192307693,1.40306,0.04175824038461539,0.0285714,0.2,3.970291913552122,3.970291913552122,39,0.75,46,1,1
DB13843,Cloprednol,33,33,1,4.679194242424242,3.33333,10.0,3.2353277598809735,1.1278293636363637,1.3784,0.09917354545454546,0.0909091,0.181818,3.5263605246161616,3.5263605246161616,24,0.7272727272727273,33,1,1
DB13853,Anethole trithione,179,179,1,4.792375122905028,3.33333,30.0,4.835767647366453,1.0435322905027933,1.40772,0.02560522960893855,0.0166667,0.15,5.19295685089021,5.19295685089021,118,0.659217877094972,157,1,1
DB13855,Nifuroxazide,180,180,1,6.0431770333333334,3.33333,80.0,8.47588455759041,1.0289385722222222,1.40934,0.022916666666666665,0.0125,0.1125,5.198497031265826,5.198497031265826,118,0.6555555555555556,154,1,1
DB13862,Magnesium phosphate,28,28,1,7.7691324999999996,10.0,20.0,5.60885192523497,1.2261260714285716,1.38142,0.09226191071428572,0.0833333,0.166667,3.367295829986474,3.367295829986474,21,0.75,28,1,1
DB13867,Fluticasone,6658,6658,1,2.1113917198858516,1.2,70.0,3.2883611451856147,0.6163081586963052,1.41421,0.0006454826932412135,7.93242e-05,0.100841,8.803724602110622,8.803724602110622,1566,0.23520576749774708,4107,1,1
DB13868,Adefovir,1046,1046,1,4.6737032447418745,1.81818,330.0,12.849159961635658,0.8288735439770554,1.41395,0.0040697403173996175,0.00135593,0.0942373,6.953684210870537,6.953684210870537,489,0.46749521988527726,711,1,1
DB13872,Lormetazepam,1658,1658,1,2.7097167882991555,1.474545,50.0,3.3557300640217385,0.8056549439083233,1.41402,0.002534346186972256,0.000973236,0.0671533,7.413970290190444,7.413970290190444,615,0.3709288299155609,1096,1,1
DB13894,Agkistrodon piscivorus antivenin,182,182,1,9.382523956043956,5.0,180.0,17.74002181940673,0.9685155164835165,1.4108,0.025159059835164838,0.00877193,0.157895,5.209486152841421,5.209486152841421,134,0.7362637362637363,159,1,1
DB13909,Bismuth subgallate,17,17,1,6.911764117647059,5.0,10.0,3.0867767569992384,1.2065029411764707,1.33417,0.2,0.2,0.2,2.8903717578961645,2.8903717578961645,17,1.0,17,1,1
DB13919,Candesartan,5241,5241,1,2.2730700633466894,1.20588,150.0,4.226470072414459,0.6645553965083,1.4142,0.0007787881586147682,0.000125712,0.0431193,8.564458383883352,8.564458383883352,1322,0.25224193856134325,3136,1,1
DB13964,Peanut oil,39,39,1,7.968253846153847,10.0,10.0,3.0844830317349996,1.2453258974358974,1.37032,0.12250699999999999,0.111111,0.222222,3.6888794541139363,3.6888794541139363,37,0.9487179487179487,38,1,1
DB13966,Isopropyl myristate,27,27,1,2.8195305185185187,2.22222,10.0,1.9732899027222255,1.0713038518518518,1.3972,0.04830921111111111,0.0434783,0.0869565,3.332204510175204,3.332204510175204,15,0.5555555555555556,25,1,1
DB13968,Plasma protein fraction (human),70,70,1,5.8492061,3.33333,40.0,6.428040209512131,1.1399139857142857,1.40337,0.034127007142857144,0.0277778,0.111111,4.2626798770413155,4.2626798770413155,48,0.6857142857142857,62,1,1
DB13977,Potassium carbonate,29,29,1,4.875846862068966,3.33333,20.0,4.535777230968507,1.153713,1.38397,0.07957561379310345,0.0769231,0.153846,3.4011973816621555,3.4011973816621555,21,0.7241379310344828,25,1,1
DB13987,Strontium chloride,60,60,1,5.571837366666667,3.33333,20.0,5.266228566683581,1.1006366333333335,1.40306,0.040952380000000004,0.0285714,0.171429,4.110873864173311,4.110873864173311,44,0.7333333333333333,56,1,1
DB14015,Sodium bisulfite,7,7,1,7.023808571428572,5.0,20.0,6.233444337353223,1.1219242857142857,1.33417,0.2285714285714286,0.2,0.4,2.0794415416798357,2.0794415416798357,7,1.0,7,1,1
DB14016,Ox bile extract,5,5,1,11.0,10.0,20.0,5.477225575051661,1.230754,1.31339,0.3,0.25,0.5,1.791759469228055,1.791759469228055,5,1.0,5,1,1
DB14028,Nordazepam,426,426,1,3.8862913544600937,1.778655,75.0,6.451248637468766,0.9014753896713615,1.41337,0.008124502816901408,0.0021645,0.305195,6.056784013228625,6.056784013228625,190,0.4460093896713615,284,1,1
DB14038,beta-Sitosterol,1,1,1,10.0,10.0,10.0,,1.20416,1.20416,0.5,0.5,0.5,0.6931471805599453,0.6931471805599453,1,1.0,1,1,1
DB14126,Tenofovir,1742,1742,1,3.2689528421354765,1.787915,70.0,4.398182455915182,0.7857787185419058,1.41405,0.0025801702904707235,0.000855066,0.0837965,7.463363045520021,7.463363045520021,758,0.4351320321469575,1320,1,1
DB14151,Phosphorus,312,312,1,5.077214266025641,3.33333,40.0,5.209386345734221,1.0031231506410256,1.41047,0.019354049743589744,0.00961538,0.115385,5.746203190540153,5.746203190540153,209,0.6698717948717948,279,1,1
DB14154,Gold,565,565,1,4.886796936283186,3.33333,45.0,5.355242064551453,0.9639135008849558,1.41308,0.007105523716814159,0.00292398,0.0672515,6.338594078203183,6.338594078203183,343,0.6070796460176991,484,1,1
DB14224,Lactobacillus reuteri,151,151,1,4.356937615894039,3.33333,20.0,3.5577921506625203,1.0890975298013243,1.40712,0.02540636490066225,0.0181818,0.163636,5.0238805208462765,5.0238805208462765,98,0.6490066225165563,133,1,1
DB14250,Royal jelly,106,106,1,4.542003150943397,3.33333,20.0,3.7349755623420053,1.0448081981132076,1.40366,0.042325328301886796,0.027027,0.27027,4.672828834461906,4.672828834461906,69,0.6509433962264151,95,1,1
DB14285,Ginkgo biloba leaf oil,394,394,1,4.338332401015228,2.5,20.0,4.140350672165177,0.9899615862944163,1.4117,0.013590955253807107,0.00645161,0.103226,5.978885764901122,5.978885764901122,226,0.5736040609137056,339,1,1
DB14322,Coconut oil,146,146,1,5.70025802739726,5.0,30.0,5.075439096715253,0.981359808219178,1.40671,0.040437322602739724,0.0192308,0.134615,4.990432586778736,4.990432586778736,105,0.7191780821917808,132,1,1
DB14323,Grape seed oil,36,36,1,7.223544611111111,10.0,10.0,3.2749174684019597,1.220153,1.36473,0.13541666666666666,0.125,0.25,3.6109179126442243,3.6109179126442243,33,0.9166666666666666,35,1,1
DB14324,Apricot kernel oil,1,1,1,1.0,1.0,1.0,,6.45239e-09,6.45239e-09,1.0,1.0,1.0,0.6931471805599453,0.6931471805599453,0,0.0,0,1,1
DB14326,Amber,7,7,1,9.40476142857143,10.0,20.0,5.747670922360432,1.219727142857143,1.33417,0.2285714285714286,0.2,0.4,2.0794415416798357,2.0794415416798357,7,1.0,7,1,1
DB14482,Sodium ascorbate,12,12,1,5.173610833333334,4.166665,10.0,3.244354229192777,1.0555371666666666,1.37477,0.13333333333333333,0.1,0.2,2.5649493574615367,2.5649493574615367,11,0.9166666666666666,12,1,1
DB14483,Calcium ascorbate,155,155,1,5.087919741935484,3.33333,30.0,4.9255128970023625,1.069463606451613,1.40657,0.03023399741935484,0.0196078,0.215686,5.049856007249537,5.049856007249537,101,0.6516129032258065,140,1,1
DB14484,Magnesium ascorbate,4,4,1,8.75,10.0,10.0,2.5,1.1041105,1.27802,0.4166665,0.333333,0.666667,1.6094379124341003,1.6094379124341003,4,1.0,4,1,1
DB14487,Zinc acetate,150,150,1,5.834183626666667,3.33333,70.0,7.6906214013051875,1.0917728199999999,1.40888,0.02073058,0.0136986,0.123288,5.017279836814924,5.017279836814924,90,0.6,125,1,1
DB14488,Ferrous gluconate,1415,1415,1,3.2319890565371026,1.66667,100.0,5.111548699160723,0.8492176706713781,1.41389,0.0034719086077738518,0.00167785,0.0671141,7.255591274253665,7.255591274253665,563,0.3978798586572438,1010,1,1
DB14489,Ferrous succinate,38,38,1,4.3431685,2.6785699999999997,10.0,3.4707339103090455,1.070350605263158,1.39359,0.06786701052631579,0.0526316,0.210526,3.6635616461296463,3.6635616461296463,22,0.5789473684210527,32,1,1
DB14490,Ferrous ascorbate,20,20,1,9.395077,8.333335,40.0,9.274542083289413,1.06268335,1.37032,0.18888875,0.111111,0.555556,3.044522437723423,3.044522437723423,16,0.8,20,1,1
DB14491,Ferrous fumarate,1833,1833,1,2.877824128750682,1.37931,120.0,5.137684313948829,0.8091011784506273,1.41404,0.0023071772504091653,0.0008726,0.0589005,7.51425465281641,7.51425465281641,636,0.3469721767594108,1144,1,1
DB14498,Potassium acetate,1135,1135,1,2.8551439497797353,1.6129,95.0,4.1579948309156,0.8554877656387665,1.41377,0.00425861045814978,0.0022805,0.0775371,7.035268599281097,7.035268599281097,429,0.37797356828193834,819,1,1
DB14499,Potassium sulfate,13,13,1,7.930402307692308,10.0,10.0,3.3125561645380786,1.2464276153846152,1.36473,0.1346153846153846,0.125,0.25,2.6390573296152584,2.6390573296152584,12,0.9230769230769231,13,1,1
DB14500,Potassium,4523,4523,1,2.1392818047755915,1.29006,40.0,2.6743811617087934,0.6773828738890116,1.41419,0.0011982427007959319,0.000205846,0.0764375,8.41715183723601,8.41715183723601,1152,0.2546982091532169,3022,1,1
DB14501,Ferrous glycine sulfate,141,141,1,4.892207964539007,3.33333,20.0,4.019773581634169,1.0985069929078015,1.40761,0.02307973333333333,0.0169492,0.0847458,4.955827057601261,4.955827057601261,99,0.7021276595744681,123,1,1
DB14502,"Sodium phosphate, dibasic",781,781,1,6.109898376440461,2.85714,187.778,14.125332177228135,0.915358357234315,1.41351,0.007341013008962869,0.0036036,0.304505,6.661854740545311,6.661854740545311,482,0.617157490396927,662,1,1
DB14507,Lithium citrate,349,349,1,5.279479057306591,2.5,90.0,9.906919532400005,0.9573848538681948,1.41201,0.013954318510028653,0.00564972,0.0847458,5.857933154483459,5.857933154483459,197,0.5644699140401146,285,1,1
DB14508,Lithium succinate,12,12,1,4.444444166666667,2.5,10.0,3.478166725596215,1.02694625,1.27802,0.333333,0.333333,0.333333,2.5649493574615367,2.5649493574615367,9,0.75,11,1,1
DB14509,Lithium carbonate,3601,3601,1,2.8014088411552347,1.42857,170.0,5.214550799964379,0.6944629046931408,1.41418,0.001410893172174396,0.000268456,0.0713199,8.189244525735901,8.189244525735901,1228,0.341016384337684,2411,1,1
DB14513,Magnesium,3818,3818,1,2.4955546697223676,1.42857,60.0,3.224036153613636,0.7270789054740702,1.41416,0.0014012354295442641,0.000258431,0.077917,8.247743887225516,8.247743887225516,1194,0.3127291775798848,2614,1,1
DB14515,Magnesium lactate,121,121,1,4.6710526776859504,2.85714,20.0,4.133870915822554,1.08864152892562,1.40609,0.028581246280991734,0.0208333,0.125,4.804021044733257,4.804021044733257,76,0.628099173553719,101,1,1
DB14517,Aluminium phosphate,21,21,1,6.373015714285714,5.0,20.0,4.801592480818808,1.197609857142857,1.37477,0.10476190476190476,0.1,0.2,3.091042453358316,3.091042453358316,16,0.7619047619047619,20,1,1
DB14518,Aluminum acetate,12,12,1,5.946428333333333,3.666665,20.0,5.261676067683504,1.0613559166666666,1.37032,0.148148,0.111111,0.222222,2.5649493574615367,2.5649493574615367,10,0.8333333333333334,12,1,1
DB14523,Phosphate ion,10,10,1,7.975,5.0,30.0,8.484012742931391,1.1208788,1.37477,0.13999999999999999,0.1,0.3,2.3978952727983707,2.3978952727983707,8,0.8,9,1,1
DB14533,Zinc chloride,21,21,1,6.0317452380952385,5.0,10.0,3.3009344075528353,1.174406619047619,1.37032,0.12169300000000001,0.111111,0.222222,3.091042453358316,3.091042453358316,20,0.9523809523809523,21,1,1
DB14547,Chloride ion,119,119,1,4.675550277310925,3.33333,10.0,3.4241948524037005,1.1088646722689075,1.40492,0.030212058823529415,0.0238095,0.0714286,4.787491742782046,4.787491742782046,78,0.6554621848739496,109,1,1
DB14566,Lavender oil,12,12,1,5.363095,5.0,10.0,3.6702510285896843,1.1801216666666667,1.37032,0.111111,0.111111,0.111111,2.5649493574615367,2.5649493574615367,8,0.6666666666666666,12,1,1
DB14574,Cobalt,56,56,1,6.455781785714286,5.0,10.0,3.3842968367345225,1.1837495892857144,1.38142,0.09821426785714285,0.0833333,0.333333,4.04305126783455,4.04305126783455,49,0.875,56,1,1
DB14575,Eslicarbazepine,48,48,1,5.495551916666667,3.0952349999999997,20.0,5.17951039537088,1.00469525,1.40306,0.050595254166666666,0.0285714,0.171429,3.8918202981106265,3.8918202981106265,33,0.6875,46,1,1
DB14596,Loteprednol etabonate,971,971,1,4.084100715756952,2.0,120.0,7.213357183436382,0.8806757703398558,1.41383,0.003961409721936148,0.00195503,0.159335,6.879355804460439,6.879355804460439,469,0.48300720906282185,702,1,1
DB14681,Cortisone,2914,2914,1,3.052148752573782,1.76163,66.6667,3.7028089150921697,0.7650486089910776,1.41413,0.001655136088538092,0.000413394,0.0737908,7.977625098784593,7.977625098784593,1241,0.42587508579272476,2268,1,1
DB14684,Calcium polycarbophil,1517,1517,1,3.057171268292683,1.66667,30.0,3.539749762187745,0.8579927798286091,1.41386,0.0033356250349373764,0.00179533,0.070018,7.325148957955575,7.325148957955575,614,0.4047462096242584,1089,1,1
DB14692,Turmeric oil,396,396,1,3.8766819065656564,2.3303149999999997,40.0,4.472182812182553,0.9400876792929292,1.4123,0.011009104545454547,0.00492611,0.118227,5.983936280687191,5.983936280687191,209,0.5277777777777778,322,1,1
DB14726,Dabigatran,781,781,1,3.5059296875800254,1.66667,40.0,4.74765206909415,0.8260810883482714,1.41393,0.004069905781049936,0.00147601,0.123247,6.661854740545311,6.661854740545311,326,0.4174135723431498,504,1,1
DB14737,Cannabinol,7,7,1,12.142857142857142,10.0,20.0,5.669467095138408,1.1896330000000002,1.33417,0.2857142857142857,0.2,0.4,2.0794415416798357,2.0794415416798357,7,1.0,7,1,1
DB14741,Luteinizing hormone,196,196,1,5.184374290816327,3.33333,40.0,5.532297653284774,1.045834081632653,1.41054,0.016220635,0.00943396,0.122642,5.2832037287379885,5.2832037287379885,124,0.6326530612244898,173,1,1
DB15300,Hydroquinidine,20,20,1,4.8666663,2.916665,10.0,3.594017309834894,1.1607669,1.38616,0.07500002,0.0714286,0.142857,3.044522437723423,3.044522437723423,16,0.8,18,1,1
DB15329,Nattokinase,69,69,1,7.209909594202899,5.0,30.0,5.658382219514954,1.152654811594203,1.38969,0.08152173913043478,0.0625,0.1875,4.248495242049359,4.248495242049359,59,0.855072463768116,66,1,1
DB15351,Dihematoporphyrin ether,193,193,1,7.786674155440414,4.0,150.0,14.741656033066226,0.9798318549222799,1.41247,0.011431490259067357,0.00896861,0.246637,5.267858159063328,5.267858159063328,129,0.6683937823834197,154,1,1
DB15555,Magnesium malate,10,10,1,5.566666,5.0,10.0,3.2548165031438834,1.1270102,1.34784,0.1833336,0.166667,0.333333,2.3978952727983707,2.3978952727983707,8,0.8,10,1,1
DB15649,Carbomer,523,523,1,3.9994167609942637,1.66667,80.0,7.1947222383659195,0.8771968317399617,1.41327,0.008370412485659656,0.00242131,0.0726392,6.261491684321042,6.261491684321042,227,0.4340344168260038,341,1,1
DB15663,Grapefruit oil,25,25,1,5.33238064,3.33333,10.0,3.7356948820585676,1.1905253999999998,1.39244,0.057777816,0.0555556,0.111111,3.258096538021482,3.258096538021482,19,0.76,24,1,1
DB15720,Zinc orotate,8,8,1,7.2291662500000005,5.0,20.0,6.015151482806772,1.112896625,1.35752,0.17857125000000001,0.142857,0.285714,2.1972245773362196,2.1972245773362196,7,0.875,8,1,1
DB15779,Mebrofenin,2,2,1,5.8823550000000004,5.8823550000000004,10.0,5.823229404037763,0.827836,1.31339,0.5,0.5,0.75,1.0986122886681098,1.0986122886681098,1,0.5,2,1,1
DB15819,Potassium aspartate,577,577,1,3.9237394332755633,2.28571,50.0,4.35500666061506,0.9384050190641248,1.41311,0.007641405528596187,0.00284091,0.0710227,6.359573868672378,6.359573868672378,302,0.5233968804159446,460,1,1
DB15823,Lactobacillus acidophilus,2095,2095,1,2.6746403737470166,1.42857,30.0,3.1889192142104905,0.8099003323627685,1.41404,0.002462014186157518,0.00088968,0.0969751,7.647786045440933,7.647786045440933,742,0.35417661097852027,1400,1,1
DB15825,Dihydroxyaluminum sodium carbonate,785,785,1,6.028553387261146,2.30769,140.0,10.814579526928766,0.8401093044585988,1.41355,0.010689276012738854,0.00343053,0.406518,6.666956792429207,6.666956792429207,409,0.5210191082802548,599,1,1
DB15826,Oxerutins,36,36,1,8.831128222222222,9.166665,40.0,7.62154203037571,1.0949282222222223,1.39557,0.08597877222222222,0.047619,0.238095,3.6109179126442243,3.6109179126442243,30,0.8333333333333334,34,1,1
DB15830,Ruscogenin,6,6,1,7.222221666666667,7.5,10.0,3.1031652896384143,1.1577353333333333,1.27802,0.333333,0.333333,0.333333,1.9459101490553132,1.9459101490553132,6,1.0,6,1,1
DB15834,Lecithin,620,620,1,4.878140890322581,2.85714,30.0,5.054020745590238,0.9318286048387097,1.41282,0.009510370629032257,0.00714286,0.107143,6.431331081933479,6.431331081933479,373,0.6016129032258064,537,1,1
DB15836,Cedar leaf oil,1,1,1,10.0,10.0,10.0,,1.20416,1.20416,0.5,0.5,0.5,0.6931471805599453,0.6931471805599453,1,1.0,1,1,1
DB15879,Polygeline,31,31,1,7.5563235483870965,5.0,40.0,7.831342499383933,1.1454777096774194,1.39557,0.06912437096774193,0.047619,0.380952,3.4657359027997265,3.4657359027997265,24,0.7741935483870968,31,1,1
DB15907,Escin,19,19,1,5.607456157894737,2.5,30.0,6.979568280883092,1.0520881052631579,1.39557,0.06766912631578947,0.047619,0.142857,2.995732273553991,2.995732273553991,13,0.6842105263157895,17,1,1
DB15916,Anethole,10,10,1,4.226189,3.33333,10.0,3.1024798891512217,1.0635632000000002,1.31339,0.25,0.25,0.25,2.3978952727983707,2.3978952727983707,9,0.9,10,1,1
DB15923,Potassium iodate,6,6,1,5.583333333333333,5.0,10.0,3.7472211926528525,1.1226826666666667,1.31339,0.25,0.25,0.25,1.9459101490553132,1.9459101490553132,5,0.8333333333333334,5,1,1
DB15930,Carbaryl,3,3,1,13.333333333333334,10.0,20.0,5.773502691896258,1.2068733333333332,1.27802,0.4444443333333334,0.333333,0.666667,1.3862943611198906,1.3862943611198906,3,1.0,3,1,1
DB15945,Pirenoxine,395,395,1,4.358330726582278,2.5,30.0,4.482428608199595,0.963122017721519,1.41244,0.009779779772151899,0.00456621,0.0639269,5.981414211254481,5.981414211254481,236,0.5974683544303797,340,1,1
DB15986,Cinnamon oil,12,12,1,6.638176416666667,10.0,10.0,4.218216060071786,1.1938698333333333,1.37032,0.12037025000000001,0.111111,0.222222,2.5649493574615367,2.5649493574615367,10,0.8333333333333334,10,1,1
DB16024,Indocyanine green,42,42,1,6.376648785714286,5.0,20.0,4.378374668624117,1.117772880952381,1.40074,0.05008211428571429,0.0344828,0.172414,3.7612001156935624,3.7612001156935624,33,0.7857142857142857,38,1,1
DB16538,Bifidobacterium bifidum,961,961,1,2.7078093090530695,1.41176,30.0,3.408703704833139,0.8359672466181061,1.4138,0.00433832604578564,0.00211416,0.0856237,6.8690144506657065,6.8690144506657065,338,0.3517169614984391,616,1,1
DB16539,Escherichia coli,41,41,1,5.723562219512195,5.0,20.0,4.7260042123755,1.1556346829268294,1.39244,0.06368565853658537,0.0555556,0.111111,3.7376696182833684,3.7376696182833684,30,0.7317073170731707,40,1,1
DB16541,Lactobacillus casei,108,108,1,4.63438112962963,3.33333,30.0,4.655531143259319,1.0538148240740741,1.40657,0.029230180555555554,0.0196078,0.0980392,4.6913478822291435,4.6913478822291435,73,0.6759259259259259,98,1,1
DB16568,Succinylated gelatin,135,135,1,4.681017074074075,2.91667,30.0,4.825832918092556,1.0159179111111112,1.40909,0.025925931111111113,0.0131579,0.210526,4.912654885736052,4.912654885736052,79,0.5851851851851851,116,1,1
DB16570,Wheat germ oil,8,8,1,6.5625,5.833335,10.0,3.100099716778708,1.1678035,1.35752,0.160714125,0.142857,0.285714,2.1972245773362196,2.1972245773362196,8,1.0,8,1,1
DB16572,Cadexomer iodine,61,61,1,5.080449540983606,3.33333,20.0,3.7604120748996146,1.1119029999999999,1.38804,0.08306009836065573,0.0666667,0.266667,4.127134385045092,4.127134385045092,50,0.819672131147541,58,1,1
DB16596,Apple cider vinegar,94,94,1,5.155398712765957,5.0,10.0,3.6338249524135806,1.1543537340425531,1.40238,0.035460972340425535,0.030303,0.0909091,4.553876891600541,4.553876891600541,64,0.6808510638297872,85,1,1
DB16602,Dihydroergotoxine,33,33,1,7.245309393939394,5.0,20.0,5.2783595379719666,1.1665212424242424,1.39359,0.06858053333333333,0.0526316,0.210526,3.5263605246161616,3.5263605246161616,28,0.8484848484848485,32,1,1
DB16607,Lithium chloride,4,4,1,8.333332500000001,10.0,10.0,3.333335,1.204313,1.27802,0.333333,0.333333,0.333333,1.6094379124341003,1.6094379124341003,4,1.0,4,1,1
DB16610,Thyme oil,19,19,1,5.0751873684210524,5.0,10.0,3.2732592425811142,1.1543097368421054,1.35752,0.142857,0.142857,0.142857,2.995732273553991,2.995732273553991,16,0.8421052631578947,19,1,1
DB16612,Bee pollen,116,116,1,5.027561405172414,3.33333,20.0,4.17965053225551,1.0701453017241378,1.40625,0.030436333620689655,0.0204082,0.142857,4.762173934797756,4.762173934797756,81,0.6982758620689655,101,1,1
DB16615,Krill oil,408,408,1,3.713385875,2.0,20.0,3.9312642055722242,0.9542121323529412,1.41251,0.010094167794117648,0.00438596,0.105263,6.013715156042802,6.013715156042802,203,0.49754901960784315,327,1,1
DB16862,Indigo,114,114,1,5.993611947368421,5.0,20.0,4.459235927726043,1.1722456403508772,1.39918,0.04588391754385965,0.0384615,0.192308,4.74493212836325,4.74493212836325,89,0.7807017543859649,106,1,1
DB16864,Chlorocresol,250,250,1,3.613181184,2.0,40.0,4.857134934328063,0.913577016,1.41205,0.01273333824,0.00555556,0.105556,5.5254529391317835,5.5254529391317835,117,0.468,187,1,1
